key,fare_amount
2015-01-27 13:08:24.0000002,10.562403
2015-01-27 13:08:24.0000003,10.746438
2011-10-08 11:53:44.0000002,3.979472
2012-12-01 21:12:12.0000002,9.0900345
2012-12-01 21:12:12.0000003,15.831092
2012-12-01 21:12:12.0000005,10.608698
2011-10-06 12:10:20.0000001,5.3757052
2011-10-06 12:10:20.0000003,51.135487
2011-10-06 12:10:20.0000002,13.724178
2014-02-18 15:22:20.0000002,6.241364
2014-02-18 15:22:20.0000003,9.885093
2014-02-18 15:22:20.0000001,18.847101
2010-03-29 20:20:32.0000002,4.432252
2010-03-29 20:20:32.0000001,6.2981024
2011-10-06 03:59:12.0000002,7.1838
2011-10-06 03:59:12.0000001,10.020002
2012-07-15 16:45:04.0000006,5.4313235
2012-07-15 16:45:04.0000002,8.580965
2012-07-15 16:45:04.0000003,4.8346224
2012-07-15 16:45:04.0000004,4.5884943
2014-10-29 02:09:56.0000001,6.662235
2014-06-14 13:39:00.00000010,8.879325
2014-06-14 13:39:00.00000060,8.269623
2014-06-14 13:39:00.00000087,8.253334
2014-06-14 13:39:00.00000050,17.338339
2014-06-14 13:39:00.0000003,7.147285
2014-06-14 13:39:00.000000158,35.444668
2014-06-14 13:39:00.00000015,23.71262
2014-06-14 13:39:00.00000073,6.3083787
2014-06-14 13:39:00.00000077,16.235405
2014-06-14 13:39:00.000000145,9.033482
2014-06-14 13:39:00.00000079,6.152715
2014-06-14 13:39:00.000000121,5.5091357
2014-06-14 13:39:00.00000021,11.024157
2014-06-14 13:39:00.0000005,8.470947
2014-06-14 13:39:00.000000165,7.6644607
2014-06-14 13:39:00.000000184,5.9501204
2014-06-14 13:39:00.00000059,6.422235
2014-06-14 13:39:00.00000070,8.928648
2014-06-14 13:39:00.00000068,4.613507
2014-06-14 13:39:00.000000133,18.549688
2014-06-14 13:39:00.000000128,9.93978
2014-06-14 13:39:00.000000136,19.551453
2014-06-14 13:39:00.00000017,11.475248
2014-06-14 13:39:00.000000111,5.9871244
2014-06-14 13:39:00.000000115,12.142939
2014-06-14 13:39:00.000000168,6.070635
2014-06-14 13:39:00.00000031,6.628447
2014-06-14 13:39:00.000000116,6.3346066
2014-06-14 13:39:00.00000051,5.122975
2014-06-14 13:39:00.000000193,13.664062
2014-06-14 13:39:00.000000132,14.324891
2014-06-14 13:39:00.000000167,23.09132
2014-06-14 13:39:00.00000044,6.0679526
2014-06-14 13:39:00.000000138,8.051782
2014-06-14 13:39:00.00000066,15.633568
2014-06-14 13:39:00.00000063,11.129333
2014-06-14 13:39:00.000000154,11.64367
2014-06-14 13:39:00.00000097,14.597178
2014-06-14 13:39:00.00000067,14.266851
2014-06-14 13:39:00.000000179,7.9434013
2014-06-14 13:39:00.00000092,11.202199
2014-06-14 13:39:00.00000029,5.707031
2014-06-14 13:39:00.000000177,6.03245
2014-06-14 13:39:00.000000192,7.7680626
2014-06-14 13:39:00.000000181,6.761031
2014-06-14 13:39:00.000000120,11.663204
2014-06-14 13:39:00.0000008,5.5956836
2014-06-14 13:39:00.000000103,4.8594832
2014-06-14 13:39:00.00000049,19.549852
2014-06-14 13:39:00.000000108,8.583072
2014-06-14 13:39:00.00000072,6.162619
2014-06-14 13:39:00.000000182,12.941933
2014-06-14 13:39:00.00000061,7.2191477
2014-06-14 13:39:00.00000093,9.156945
2014-06-14 13:39:00.000000170,12.420654
2014-06-14 13:39:00.000000147,54.354847
2014-06-14 13:39:00.000000140,4.65916
2014-06-14 13:39:00.000000159,4.3263507
2014-06-14 13:39:00.00000012,4.846949
2014-06-14 13:39:00.00000025,7.5560346
2014-06-14 13:39:00.000000156,5.830433
2014-06-14 13:39:00.000000152,8.784213
2014-06-14 13:39:00.000000129,9.933338
2014-06-14 13:39:00.000000119,18.140163
2014-06-14 13:39:00.000000118,5.470294
2014-06-14 13:39:00.00000076,5.106003
2014-06-14 13:39:00.000000135,7.8521094
2014-06-14 13:39:00.00000023,22.086142
2014-06-14 13:39:00.00000082,10.203923
2014-06-14 13:39:00.000000125,12.233055
2014-06-14 13:39:00.00000075,11.126004
2014-06-14 13:39:00.000000124,7.228622
2014-06-14 13:39:00.000000172,6.92968
2014-06-14 13:39:00.00000024,15.840011
2014-06-14 13:39:00.000000169,15.050584
2014-06-14 13:39:00.00000052,12.714727
2014-06-14 13:39:00.000000161,14.492377
2014-06-14 13:39:00.00000038,9.204509
2014-06-14 13:39:00.00000035,11.157175
2014-06-14 13:39:00.00000053,13.210901
2014-06-14 13:39:00.000000183,8.857441
2014-06-14 13:39:00.000000131,58.81958
2014-06-14 13:39:00.000000180,8.52551
2014-06-14 13:39:00.000000130,11.512013
2014-06-14 13:39:00.00000032,4.633358
2014-06-14 13:39:00.000000148,11.722226
2014-06-14 13:39:00.0000007,10.439625
2014-06-14 13:39:00.00000095,11.954345
2014-06-14 13:39:00.000000144,38.368496
2014-06-14 13:39:00.000000141,33.000057
2014-06-14 13:39:00.000000162,20.370789
2014-06-14 13:39:00.00000018,12.492873
2014-06-14 13:39:00.00000054,9.857299
2014-06-14 13:39:00.00000040,6.598838
2014-06-14 13:39:00.00000096,6.694816
2014-06-14 13:39:00.00000055,27.14109
2014-06-14 13:39:00.000000109,8.594553
2014-06-14 13:39:00.000000151,7.859762
2014-06-14 13:39:00.00000016,10.623524
2014-06-14 13:39:00.00000062,11.1874695
2014-06-14 13:39:00.000000191,10.927021
2014-06-14 13:39:00.00000034,9.200028
2014-06-14 13:39:00.000000160,7.6547494
2014-06-14 13:39:00.00000013,6.8453155
2014-06-14 13:39:00.000000188,5.759225
2014-06-14 13:39:00.00000086,8.840434
2014-06-14 13:39:00.000000185,12.14633
2014-06-14 13:39:00.00000074,10.025983
2014-06-14 13:39:00.00000022,19.029467
2014-06-14 13:39:00.00000036,5.1664753
2014-06-14 13:39:00.000000126,4.4291315
2014-06-14 13:39:00.000000190,6.3166246
2014-06-14 13:39:00.00000042,6.721129
2014-06-14 13:39:00.000000178,8.050172
2014-06-14 13:39:00.000000163,4.9246154
2014-06-14 13:39:00.00000020,14.095633
2014-06-14 13:39:00.00000098,6.7024064
2014-06-14 13:39:00.000000114,22.050251
2014-06-14 13:39:00.00000045,9.833178
2014-06-14 13:39:00.00000094,4.908466
2014-06-14 13:39:00.000000146,12.876248
2014-06-14 13:39:00.00000033,8.971332
2014-06-14 13:39:00.000000143,6.8882384
2014-06-14 13:39:00.000000107,6.9893064
2014-06-14 13:39:00.00000048,9.155004
2014-06-14 13:39:00.00000043,12.368927
2014-06-14 13:39:00.000000123,9.651442
2014-06-14 13:39:00.000000134,8.605302
2014-06-14 13:39:00.000000142,7.435797
2014-06-14 13:39:00.000000122,11.437906
2014-06-14 13:39:00.000000176,10.662617
2011-12-12 09:42:12.0000004,6.3052287
2011-12-12 09:42:12.0000002,3.8772738
2011-12-12 09:42:12.0000001,11.819203
2011-12-12 09:42:12.0000003,6.791586
2011-12-12 09:42:12.0000005,8.463546
2013-06-27 00:20:40.0000001,18.52743
2013-06-27 00:20:40.0000003,11.122219
2009-02-20 13:34:16.0000001,7.708551
2009-02-20 13:34:16.0000002,11.743279
2009-02-20 13:34:16.0000003,7.4885516
2010-08-22 21:14:08.0000001,30.168592
2010-08-22 21:14:08.0000005,13.792156
2010-08-22 21:14:08.0000003,4.2086186
2010-08-22 21:14:08.0000002,6.7499123
2012-08-06 08:58:08.0000002,5.6499743
2012-08-06 08:58:08.0000001,18.670439
2013-11-04 08:34:12.0000003,6.1312404
2013-11-04 08:34:12.0000001,10.944173
2013-11-04 08:34:12.0000002,11.288211
2011-06-24 20:34:48.0000002,7.534972
2011-06-24 20:34:48.0000001,18.646097
2011-03-28 20:38:36.0000003,5.0258393
2011-03-28 20:38:36.0000004,4.8482933
2011-03-28 20:38:36.0000002,7.5207124
2011-08-14 20:36:28.0000004,6.0851903
2011-08-14 20:36:28.0000001,6.2721643
2011-08-14 20:36:28.0000003,19.163437
2011-08-14 20:36:28.0000002,7.7703786
2015-02-21 15:52:44.0000004,19.729973
2015-02-21 15:52:44.0000003,9.935191
2015-02-21 15:52:44.0000002,17.088215
2015-02-21 15:52:44.0000001,9.809679
2013-01-29 11:29:52.0000001,9.492317
2014-09-12 19:03:48.0000001,10.207582
2013-11-09 18:52:40.0000004,9.528037
2013-11-09 18:52:40.0000002,13.188004
2013-04-25 16:10:04.0000001,58.029488
2013-04-25 16:10:04.0000002,8.326437
2013-09-07 14:37:52.0000001,8.202265
2013-09-07 14:37:52.0000002,11.214004
2013-09-07 14:37:52.0000003,6.6008477
2011-05-21 13:16:20.0000004,4.78798
2011-05-21 13:16:20.0000001,5.894802
2011-05-21 13:16:20.0000003,9.481636
2011-11-25 16:36:24.0000002,5.848426
2011-11-25 16:36:24.0000001,10.465373
2015-01-31 20:54:04.0000001,6.4577866
2010-11-01 23:31:28.0000002,6.1173196
2010-11-01 23:31:28.0000001,7.4611325
2010-11-01 23:31:28.0000003,8.415643
2011-03-24 15:57:04.0000003,5.4928794
2011-03-24 15:57:04.0000001,7.5883436
2010-05-10 10:37:04.0000005,6.164482
2010-05-10 10:37:04.0000002,5.8080482
2010-05-10 10:37:04.0000003,10.236807
2010-05-10 10:37:04.0000006,8.114456
2012-06-09 16:53:44.0000002,7.864716
2012-08-22 22:39:20.0000003,17.754433
2012-08-22 22:39:20.0000001,4.3557496
2012-12-23 02:29:16.0000001,14.400374
2012-06-30 15:55:12.0000004,14.099821
2012-06-30 15:55:12.0000002,6.60907
2012-06-30 15:55:12.0000003,10.802953
2012-06-30 15:55:12.0000001,5.3888264
2011-10-02 23:36:00.00000056,9.1848955
2011-10-02 23:36:00.00000086,14.509225
2011-10-02 23:36:00.00000081,12.829504
2011-10-02 23:36:00.0000009,5.2697105
2011-10-02 23:36:00.00000041,10.986215
2011-10-02 23:36:00.00000091,3.172024
2011-10-02 23:36:00.0000008,9.412784
2011-10-02 23:36:00.00000015,24.38798
2011-10-02 23:36:00.00000014,8.600163
2011-10-02 23:36:00.00000047,6.56017
2011-10-02 23:36:00.00000076,7.225738
2011-10-02 23:36:00.00000011,5.813457
2011-10-02 23:36:00.00000075,4.7241774
2011-10-02 23:36:00.00000035,6.520995
2011-10-02 23:36:00.00000099,3.424986
2011-10-02 23:36:00.00000062,7.60369
2011-10-02 23:36:00.00000085,8.903448
2011-10-02 23:36:00.00000043,16.796246
2011-10-02 23:36:00.00000071,10.385886
2011-10-02 23:36:00.00000023,5.7883134
2011-10-02 23:36:00.00000092,5.1925135
2011-10-02 23:36:00.00000037,8.017038
2011-10-02 23:36:00.00000083,10.473062
2011-10-02 23:36:00.00000054,12.263022
2011-10-02 23:36:00.00000073,7.7762227
2011-10-02 23:36:00.0000005,6.8614388
2011-10-02 23:36:00.00000095,5.9809413
2011-10-02 23:36:00.00000088,10.47807
2011-10-02 23:36:00.00000030,7.383195
2011-10-02 23:36:00.0000007,10.580202
2011-10-02 23:36:00.00000013,9.050393
2011-10-02 23:36:00.00000065,22.956005
2011-10-02 23:36:00.00000089,45.370792
2011-10-02 23:36:00.00000096,6.340713
2011-10-02 23:36:00.00000039,8.565031
2011-10-02 23:36:00.00000038,24.179653
2011-10-02 23:36:00.00000067,18.028843
2011-10-02 23:36:00.00000077,10.393169
2011-10-02 23:36:00.00000020,18.868805
2011-10-02 23:36:00.00000063,15.927157
2011-10-02 23:36:00.00000012,7.48596
2011-10-02 23:36:00.00000058,14.842536
2011-10-02 23:36:00.00000026,10.404121
2011-10-02 23:36:00.00000074,18.268751
2011-10-02 23:36:00.00000059,28.03327
2011-10-02 23:36:00.00000090,14.55414
2011-10-02 23:36:00.0000004,32.580006
2011-10-02 23:36:00.0000003,15.03872
2011-10-02 23:36:00.00000021,15.946895
2011-10-02 23:36:00.00000097,7.329683
2011-10-02 23:36:00.00000036,16.084715
2011-10-02 23:36:00.00000024,19.310549
2011-10-02 23:36:00.00000082,48.965984
2011-10-02 23:36:00.000000100,7.5722775
2011-10-02 23:36:00.00000040,10.699216
2011-10-02 23:36:00.00000022,3.4485068
2013-03-21 12:47:28.0000006,11.588195
2013-03-21 12:47:28.0000008,11.610467
2013-03-21 12:47:28.0000003,12.764147
2013-03-21 12:47:28.0000005,6.822036
2013-03-21 12:47:28.0000002,8.426644
2013-06-07 03:02:56.0000002,16.118603
2013-06-07 03:02:56.0000001,6.783528
2010-09-05 22:31:32.0000002,45.73882
2013-07-12 23:33:24.0000001,10.158587
2009-12-03 02:32:08.0000001,16.173267
2009-10-15 03:50:36.0000001,6.661913
2011-09-25 22:36:32.0000002,23.385847
2011-09-25 22:36:32.0000001,11.182354
2015-06-08 20:02:56.0000001,11.356729
2014-07-16 08:03:32.0000002,11.506787
2014-07-16 08:03:32.0000001,11.354344
2011-12-15 13:14:32.0000002,8.448662
2011-12-15 13:14:32.0000001,5.4828362
2011-10-11 22:13:48.0000002,12.324901
2011-10-11 22:13:48.0000005,8.631737
2011-10-11 22:13:48.0000003,6.562806
2013-09-14 16:53:20.0000001,7.573629
2013-09-14 16:53:20.0000002,10.421576
2014-02-06 09:09:56.0000004,5.73149
2014-02-06 09:09:56.0000003,6.352295
2014-02-06 09:09:56.0000001,5.2533207
2009-06-10 16:55:00.00000081,27.209982
2009-06-10 16:55:00.00000029,5.5448647
2009-06-10 16:55:00.000000109,8.505321
2009-06-10 16:55:00.00000098,48.517353
2009-06-10 16:55:00.00000054,11.768633
2009-06-10 16:55:00.00000021,27.910147
2009-06-10 16:55:00.00000012,10.483501
2009-06-10 16:55:00.00000033,3.408486
2009-06-10 16:55:00.00000024,8.989873
2009-06-10 16:55:00.00000099,10.396886
2009-06-10 16:55:00.0000009,7.521969
2009-06-10 16:55:00.000000158,8.220137
2009-06-10 16:55:00.000000141,4.5521235
2009-06-10 16:55:00.00000093,7.7403536
2009-06-10 16:55:00.000000161,9.788969
2009-06-10 16:55:00.00000088,5.523755
2009-06-10 16:55:00.0000003,8.597409
2009-06-10 16:55:00.00000018,5.2920675
2009-06-10 16:55:00.00000047,6.7981987
2009-06-10 16:55:00.000000154,10.34711
2009-06-10 16:55:00.000000131,5.3459535
2009-06-10 16:55:00.00000046,13.271593
2009-06-10 16:55:00.0000004,5.301924
2009-06-10 16:55:00.000000107,7.3524885
2009-06-10 16:55:00.000000114,5.694765
2009-06-10 16:55:00.000000117,8.327708
2009-06-10 16:55:00.000000162,10.253059
2009-06-10 16:55:00.00000049,9.977805
2009-06-10 16:55:00.00000069,7.26337
2009-06-10 16:55:00.000000111,8.217434
2009-06-10 16:55:00.00000083,4.7589006
2009-06-10 16:55:00.000000166,60.69176
2009-06-10 16:55:00.000000135,10.0015135
2009-06-10 16:55:00.00000044,33.17527
2009-06-10 16:55:00.00000085,7.1177225
2009-06-10 16:55:00.000000115,6.1146007
2009-06-10 16:55:00.000000108,6.555336
2009-06-10 16:55:00.00000034,5.9166207
2009-06-10 16:55:00.00000060,13.609632
2009-06-10 16:55:00.000000120,4.999353
2009-06-10 16:55:00.000000174,31.30812
2009-06-10 16:55:00.0000007,6.3307543
2009-06-10 16:55:00.000000159,7.511165
2009-06-10 16:55:00.000000171,25.331806
2009-06-10 16:55:00.000000145,11.7309265
2009-06-10 16:55:00.00000074,8.026812
2009-06-10 16:55:00.000000138,10.992711
2009-06-10 16:55:00.00000048,4.809578
2009-06-10 16:55:00.000000101,5.272078
2009-06-10 16:55:00.000000153,6.2147717
2009-06-10 16:55:00.0000002,9.059115
2009-06-10 16:55:00.00000037,9.577076
2009-06-10 16:55:00.000000151,10.629321
2009-06-10 16:55:00.000000127,30.36878
2009-06-10 16:55:00.000000144,43.03899
2009-06-10 16:55:00.000000165,12.510318
2009-06-10 16:55:00.0000008,5.2914634
2009-06-10 16:55:00.000000122,7.6505814
2009-06-10 16:55:00.00000055,27.86983
2009-06-10 16:55:00.00000079,4.679682
2009-06-10 16:55:00.00000016,16.341333
2009-06-10 16:55:00.000000160,18.358147
2009-06-10 16:55:00.000000139,5.585019
2009-06-10 16:55:00.00000075,4.7767777
2009-06-10 16:55:00.00000017,6.3735013
2009-06-10 16:55:00.00000070,5.23291
2009-06-10 16:55:00.000000118,11.001864
2009-06-10 16:55:00.00000066,12.530345
2009-06-10 16:55:00.000000164,5.339381
2009-06-10 16:55:00.000000100,10.7211685
2009-06-10 16:55:00.00000082,8.578021
2009-06-10 16:55:00.00000090,13.172308
2009-06-10 16:55:00.000000125,12.636268
2009-06-10 16:55:00.000000149,7.519756
2009-06-10 16:55:00.00000068,11.99155
2009-06-10 16:55:00.00000039,6.250049
2009-06-10 16:55:00.000000124,4.4964824
2009-06-10 16:55:00.00000053,11.993185
2009-06-10 16:55:00.00000045,4.981013
2009-06-10 16:55:00.000000102,5.703037
2009-06-10 16:55:00.000000140,6.917175
2009-06-10 16:55:00.000000148,7.872665
2009-06-10 16:55:00.000000147,6.7268333
2009-06-10 16:55:00.00000097,8.849832
2009-06-10 16:55:00.00000094,6.33417
2009-06-10 16:55:00.00000078,8.177487
2009-06-10 16:55:00.00000035,5.8347516
2009-06-10 16:55:00.00000072,7.8013287
2009-06-10 16:55:00.00000031,5.195748
2009-06-10 16:55:00.00000056,7.8268414
2009-06-10 16:55:00.000000128,16.363823
2009-06-10 16:55:00.00000057,7.06668
2009-06-10 16:55:00.00000030,7.150331
2009-06-10 16:55:00.00000043,11.414301
2009-06-10 16:55:00.000000146,7.27435
2009-06-10 16:55:00.00000010,8.22409
2009-06-10 16:55:00.00000067,10.657975
2009-06-10 16:55:00.000000119,5.005233
2009-06-10 16:55:00.00000076,18.727955
2009-06-10 16:55:00.00000025,6.3961983
2009-06-10 16:55:00.00000071,15.221399
2009-06-10 16:55:00.000000143,9.378443
2013-06-26 11:19:36.0000002,4.6000338
2014-09-05 10:02:48.0000004,5.0283537
2014-09-05 10:02:48.0000002,9.406439
2014-09-05 10:02:48.0000001,41.458492
2014-09-05 10:02:48.0000003,9.408511
2012-09-19 12:31:40.0000001,9.843044
2012-09-19 12:31:40.0000002,6.5218277
2009-03-22 04:31:40.0000002,17.59331
2009-08-27 02:31:44.0000001,17.798716
2009-05-02 20:11:32.0000001,9.141366
2009-05-02 20:11:32.0000004,8.901613
2011-02-20 02:31:16.0000002,7.9364038
2011-02-20 02:31:16.0000001,18.790314
2011-06-24 12:03:00.00000010,7.2301645
2011-06-24 12:03:00.00000067,11.2471485
2011-06-24 12:03:00.00000071,11.527484
2011-06-24 12:03:00.000000100,6.9860263
2011-06-24 12:03:00.000000145,9.769879
2011-06-24 12:03:00.000000152,10.823272
2011-06-24 12:03:00.00000026,13.121271
2011-06-24 12:03:00.000000199,6.061538
2011-06-24 12:03:00.000000195,5.291106
2011-06-24 12:03:00.000000119,6.750926
2011-06-24 12:03:00.00000086,8.645237
2011-06-24 12:03:00.00000012,7.345901
2011-06-24 12:03:00.00000097,18.213236
2011-06-24 12:03:00.00000058,4.710132
2011-06-24 12:03:00.000000176,4.4709263
2011-06-24 12:03:00.000000139,3.6799016
2011-06-24 12:03:00.00000048,7.3300133
2011-06-24 12:03:00.000000159,6.9099426
2011-06-24 12:03:00.00000079,5.8032465
2011-06-24 12:03:00.000000138,6.9251504
2011-06-24 12:03:00.000000135,11.815816
2011-06-24 12:03:00.000000173,5.3847404
2011-06-24 12:03:00.000000162,13.56946
2011-06-24 12:03:00.00000018,10.604907
2011-06-24 12:03:00.000000136,6.4779963
2011-06-24 12:03:00.000000185,7.903167
2011-06-24 12:03:00.00000069,6.1353908
2011-06-24 12:03:00.000000105,7.0869527
2011-06-24 12:03:00.000000180,8.051995
2011-06-24 12:03:00.00000053,10.127595
2011-06-24 12:03:00.000000142,7.2854123
2011-06-24 12:03:00.000000188,9.44042
2011-06-24 12:03:00.00000089,3.5274062
2011-06-24 12:03:00.000000109,7.4237094
2011-06-24 12:03:00.00000074,6.688817
2011-06-24 12:03:00.000000113,10.139374
2011-06-24 12:03:00.00000044,5.8255315
2011-06-24 12:03:00.000000183,6.328532
2011-06-24 12:03:00.00000047,7.7892475
2011-06-24 12:03:00.0000006,11.007664
2011-06-24 12:03:00.0000005,8.869467
2011-06-24 12:03:00.000000200,10.377364
2011-06-24 12:03:00.000000127,8.428522
2011-06-24 12:03:00.000000120,12.226974
2011-06-24 12:03:00.000000133,6.0863175
2011-06-24 12:03:00.00000073,6.2210374
2011-06-24 12:03:00.000000101,4.4284797
2011-06-24 12:03:00.000000187,10.851233
2011-06-24 12:03:00.000000122,9.784926
2011-06-24 12:03:00.000000175,5.98519
2011-06-24 12:03:00.000000154,10.425715
2011-06-24 12:03:00.000000197,7.6655045
2011-06-24 12:03:00.00000017,7.8170123
2011-06-24 12:03:00.000000186,10.428259
2011-06-24 12:03:00.00000020,9.599816
2011-06-24 12:03:00.00000035,9.760714
2011-06-24 12:03:00.000000193,7.3704095
2011-06-24 12:03:00.000000201,9.097872
2011-06-24 12:03:00.00000054,26.030596
2011-06-24 12:03:00.00000075,8.26041
2011-06-24 12:03:00.000000114,7.3544536
2011-06-24 12:03:00.00000062,27.111258
2011-06-24 12:03:00.00000055,29.78439
2011-06-24 12:03:00.00000025,5.948255
2011-06-24 12:03:00.00000022,5.265401
2011-06-24 12:03:00.000000144,13.118164
2011-06-24 12:03:00.000000177,6.195551
2011-06-24 12:03:00.000000124,5.354851
2011-06-24 12:03:00.00000094,4.6852236
2011-06-24 12:03:00.00000041,6.9583707
2011-06-24 12:03:00.000000141,6.856895
2011-06-24 12:03:00.00000092,8.357379
2011-06-24 12:03:00.000000189,16.75725
2011-06-24 12:03:00.000000171,11.197207
2011-06-24 12:03:00.000000157,6.778788
2011-06-24 12:03:00.000000179,7.7905674
2011-06-24 12:03:00.000000107,12.581553
2011-06-24 12:03:00.00000095,16.771997
2011-06-24 12:03:00.00000076,17.157717
2011-06-24 12:03:00.000000156,7.056794
2011-06-24 12:03:00.000000111,32.20591
2011-06-24 12:03:00.000000116,8.831359
2011-06-24 12:03:00.00000033,13.314481
2011-06-24 12:03:00.00000082,4.244715
2011-06-24 12:03:00.00000078,5.100781
2011-06-24 12:03:00.00000051,8.090453
2011-06-24 12:03:00.000000143,11.680063
2011-06-24 12:03:00.000000126,13.954481
2011-06-24 12:03:00.00000088,10.046024
2011-06-24 12:03:00.000000191,18.870531
2011-06-24 12:03:00.00000063,11.802753
2011-06-24 12:03:00.00000045,14.423882
2011-06-24 12:03:00.00000060,7.207829
2011-06-24 12:03:00.00000040,32.601986
2011-06-24 12:03:00.00000057,9.558513
2011-06-24 12:03:00.00000013,6.4010525
2011-06-24 12:03:00.00000068,31.303377
2011-06-24 12:03:00.000000165,4.327832
2011-06-24 12:03:00.00000056,6.0489044
2011-06-24 12:03:00.000000150,7.560711
2011-06-24 12:03:00.00000052,5.751969
2011-06-24 12:03:00.00000085,49.74524
2011-06-24 12:03:00.000000190,8.388069
2011-06-24 12:03:00.00000072,6.5135965
2011-06-24 12:03:00.000000137,5.3740206
2011-06-24 12:03:00.000000102,5.9354887
2011-06-24 12:03:00.000000106,8.892032
2011-06-24 12:03:00.000000118,4.4082193
2011-06-24 12:03:00.00000046,14.480129
2011-06-24 12:03:00.000000110,11.877119
2011-06-24 12:03:00.000000181,6.1271415
2011-06-24 12:03:00.000000194,5.428404
2011-06-24 12:03:00.00000061,7.6428905
2011-06-24 12:03:00.0000001,12.217047
2011-06-24 12:03:00.00000087,8.539404
2011-06-24 12:03:00.00000066,6.2995234
2011-06-24 12:03:00.000000146,6.46874
2011-06-24 12:03:00.000000149,49.931683
2011-06-24 12:03:00.00000038,11.987599
2011-06-24 12:03:00.000000196,9.393478
2011-06-24 12:03:00.00000093,9.441037
2011-06-24 12:03:00.000000170,5.275453
2011-06-24 12:03:00.000000168,9.392809
2011-06-24 12:03:00.0000002,12.736273
2011-06-24 12:03:00.00000042,13.117406
2014-06-15 07:06:00.0000006,3.95074
2014-06-15 07:06:00.00000037,9.173082
2014-06-15 07:06:00.00000025,6.319526
2014-06-15 07:06:00.0000008,10.050394
2014-06-15 07:06:00.00000036,50.223473
2014-06-15 07:06:00.00000042,23.269154
2014-06-15 07:06:00.00000033,4.2929535
2014-06-15 07:06:00.00000013,6.1301904
2014-06-15 07:06:00.00000035,56.13275
2014-06-15 07:06:00.00000030,7.8030605
2014-06-15 07:06:00.00000024,7.012978
2014-06-15 07:06:00.00000031,9.103432
2014-06-15 07:06:00.0000009,14.180056
2014-06-15 07:06:00.00000039,56.59508
2014-06-15 07:06:00.00000010,5.8309555
2014-06-15 07:06:00.00000019,13.718289
2014-06-15 07:06:00.00000041,7.2373004
2014-06-15 07:06:00.00000028,16.116217
2014-06-15 07:06:00.00000014,50.75442
2014-06-15 07:06:00.0000003,13.159303
2014-06-15 07:06:00.00000017,55.983253
2014-06-15 07:06:00.00000015,15.373339
2014-06-15 07:06:00.00000026,6.020893
2014-06-15 07:06:00.0000002,13.566429
2014-06-15 07:06:00.00000040,4.9118505
2014-06-15 07:06:00.00000016,5.0117927
2014-06-06 16:22:20.0000003,5.323371
2014-06-06 16:22:20.0000002,9.264932
2015-05-30 21:29:04.0000004,14.047501
2015-05-30 21:29:04.0000007,17.973686
2015-05-30 21:29:04.0000003,11.529934
2015-05-30 21:29:04.0000001,9.048115
2009-10-26 12:01:36.0000001,9.240572
2009-10-26 12:01:36.0000002,8.170789
2009-10-26 12:01:36.0000005,6.818509
2009-10-26 12:01:36.0000003,7.9316716
2013-02-02 15:45:08.0000003,8.890911
2013-02-02 15:45:08.0000001,8.5337
2013-02-02 15:45:08.0000002,13.591523
2015-04-15 06:47:04.0000001,6.403002
2015-04-15 06:47:04.0000002,9.842779
2010-12-14 23:27:36.0000001,5.00512
2009-03-05 11:03:04.0000002,4.630734
2009-03-05 11:03:04.0000001,11.566838
2013-07-18 12:23:40.0000003,5.0494
2013-07-18 12:23:40.0000002,6.281431
2013-07-18 12:23:40.0000001,7.6431584
2014-04-14 13:48:32.0000004,8.991617
2014-04-14 13:48:32.0000003,4.936947
2014-08-18 05:33:08.0000001,8.855042
2012-01-28 03:14:28.0000001,26.521782
2009-09-14 02:19:00.00000014,9.908105
2009-09-14 02:19:00.00000035,9.499349
2009-09-14 02:19:00.00000040,6.08161
2009-09-14 02:19:00.00000031,5.1145253
2009-09-14 02:19:00.0000003,6.558276
2009-09-14 02:19:00.00000025,8.198419
2009-09-14 02:19:00.0000008,7.6223207
2009-09-14 02:19:00.00000024,10.751974
2009-09-14 02:19:00.00000021,2.1663692
2009-09-14 02:19:00.00000036,9.079429
2009-09-14 02:19:00.0000009,41.782223
2009-09-14 02:19:00.0000001,8.739625
2009-09-14 02:19:00.00000018,6.5673785
2009-09-14 02:19:00.00000039,10.8863325
2009-09-14 02:19:00.0000002,14.719747
2009-09-14 02:19:00.00000038,7.401504
2009-09-14 02:19:00.00000020,18.240719
2009-09-14 02:19:00.00000028,7.191743
2009-09-14 02:19:00.00000026,19.067997
2009-09-14 02:19:00.00000017,8.050896
2009-09-14 02:19:00.00000030,8.003572
2009-09-14 02:19:00.00000016,7.2651286
2009-09-14 02:19:00.0000006,7.189999
2009-09-14 02:19:00.0000007,8.694202
2011-08-14 14:17:28.0000003,7.46504
2011-08-14 14:17:28.0000001,5.2634234
2011-08-14 14:17:28.0000004,6.5730624
2011-08-14 14:17:28.0000002,4.307108
2011-08-14 14:17:28.0000005,13.815162
2014-03-17 16:07:56.0000002,57.08929
2010-11-03 21:09:56.0000002,5.5200486
2010-11-03 21:09:56.0000001,11.143976
2012-12-11 23:37:08.0000002,8.860472
2012-12-11 23:37:08.0000005,9.458692
2012-12-11 23:37:08.0000004,6.98739
2012-12-11 23:37:08.0000006,10.164061
2012-12-11 23:37:08.0000003,5.232143
2012-12-11 23:37:08.0000001,15.671347
2015-06-24 14:19:52.0000001,14.241515
2015-06-24 14:19:52.0000002,59.423874
2015-06-24 14:19:52.0000004,9.833834
2010-08-21 22:21:32.0000004,14.150384
2011-02-19 10:20:28.0000003,3.9059956
2011-02-19 10:20:28.0000002,9.841442
2011-02-19 10:20:28.0000001,5.444723
2011-02-19 10:20:28.0000004,7.587507
2011-10-02 22:31:44.0000004,9.311763
2011-10-02 22:31:44.0000002,20.649027
2011-10-02 22:31:44.0000003,18.145756
2012-01-26 11:17:36.0000002,5.1936874
2012-05-06 23:37:24.0000002,18.840612
2012-05-06 23:37:24.0000001,22.393307
2013-06-12 20:03:36.0000001,8.1154
2013-06-12 20:03:36.0000002,56.126144
2015-02-27 14:15:52.0000003,84.326126
2013-12-21 17:20:32.0000001,10.242414
2009-06-29 08:09:40.0000002,9.709793
2009-06-29 08:09:40.0000001,11.940955
2014-09-14 17:22:12.0000002,7.6308613
2014-09-14 17:22:12.0000001,10.168246
2014-09-14 17:22:12.0000003,15.7481365
2014-09-14 17:22:12.0000005,6.527831
2014-08-20 14:37:56.0000001,15.284306
2011-07-20 16:34:48.0000001,4.62045
2011-07-20 16:34:48.0000003,5.9038377
2009-10-05 10:11:32.0000001,7.418488
2009-10-05 10:11:32.0000002,14.034397
2011-02-16 08:44:04.0000001,13.856671
2011-02-16 08:44:04.0000007,9.245868
2011-02-16 08:44:04.0000004,9.679025
2011-02-16 08:44:04.0000003,5.387868
2011-02-16 08:44:04.0000002,5.191483
2011-02-16 08:44:04.0000006,19.331972
2011-02-16 08:44:04.0000005,6.432801
2009-01-01 11:04:24.0000002,4.943195
2014-04-28 19:46:36.0000003,8.375911
2012-11-11 20:35:40.0000001,43.94922
2012-11-11 20:35:40.0000002,6.5298977
2011-06-01 07:37:00.000000171,8.882735
2011-06-01 07:37:00.000000199,6.731567
2011-06-01 07:37:00.00000032,5.257609
2011-06-01 07:37:00.000000175,9.487474
2011-06-01 07:37:00.00000095,4.917208
2011-06-01 07:37:00.000000106,5.3070836
2011-06-01 07:37:00.00000090,9.860053
2011-06-01 07:37:00.000000169,15.130752
2011-06-01 07:37:00.0000007,4.814759
2011-06-01 07:37:00.000000151,13.012208
2011-06-01 07:37:00.000000101,4.284133
2011-06-01 07:37:00.00000099,28.566626
2011-06-01 07:37:00.00000084,4.444706
2011-06-01 07:37:00.00000083,5.2054143
2011-06-01 07:37:00.00000043,6.7524276
2011-06-01 07:37:00.00000029,5.24758
2011-06-01 07:37:00.000000132,18.858063
2011-06-01 07:37:00.000000208,6.3176804
2011-06-01 07:37:00.000000221,5.47402
2011-06-01 07:37:00.000000131,4.905551
2011-06-01 07:37:00.000000220,7.102483
2011-06-01 07:37:00.000000207,8.38988
2011-06-01 07:37:00.000000205,4.144909
2011-06-01 07:37:00.000000180,6.5044646
2011-06-01 07:37:00.000000103,8.887321
2011-06-01 07:37:00.00000098,29.842136
2011-06-01 07:37:00.000000189,7.1052365
2011-06-01 07:37:00.000000165,4.849794
2011-06-01 07:37:00.000000184,34.72149
2011-06-01 07:37:00.00000092,5.578158
2011-06-01 07:37:00.00000020,9.459476
2011-06-01 07:37:00.000000105,7.3344016
2011-06-01 07:37:00.00000088,8.807849
2011-06-01 07:37:00.000000122,7.199249
2011-06-01 07:37:00.000000219,12.661775
2011-06-01 07:37:00.000000222,7.5485144
2011-06-01 07:37:00.00000049,7.8904424
2011-06-01 07:37:00.000000114,4.449552
2011-06-01 07:37:00.000000181,5.3621616
2011-06-01 07:37:00.000000144,50.632095
2011-06-01 07:37:00.000000155,7.4741435
2011-06-01 07:37:00.000000118,5.7781677
2011-06-01 07:37:00.000000142,5.391875
2011-06-01 07:37:00.000000223,6.8817024
2011-06-01 07:37:00.00000057,6.1888285
2011-06-01 07:37:00.000000168,4.985529
2011-06-01 07:37:00.000000226,6.5869746
2011-06-01 07:37:00.000000177,10.49947
2011-06-01 07:37:00.000000185,29.946346
2011-06-01 07:37:00.000000178,13.018299
2011-06-01 07:37:00.000000140,7.8787885
2011-06-01 07:37:00.000000141,9.316616
2011-06-01 07:37:00.00000045,8.497911
2011-06-01 07:37:00.00000086,7.1099873
2011-06-01 07:37:00.000000145,6.3929386
2011-06-01 07:37:00.00000037,7.666687
2011-06-01 07:37:00.00000094,6.813929
2011-06-01 07:37:00.00000082,6.1677475
2011-06-01 07:37:00.000000179,7.0217376
2011-06-01 07:37:00.000000197,5.5332317
2011-06-01 07:37:00.000000154,11.287731
2011-06-01 07:37:00.00000019,8.98645
2011-06-01 07:37:00.00000075,5.709351
2011-06-01 07:37:00.000000110,12.88535
2011-06-01 07:37:00.00000078,5.1085014
2011-06-01 07:37:00.000000146,7.266163
2011-06-01 07:37:00.000000143,8.338887
2011-06-01 07:37:00.000000227,11.144994
2011-06-01 07:37:00.00000070,4.4515686
2011-06-01 07:37:00.000000176,8.93097
2011-06-01 07:37:00.000000217,7.942838
2011-06-01 07:37:00.00000026,5.6822343
2011-06-01 07:37:00.000000209,8.218109
2011-06-01 07:37:00.000000183,7.333779
2011-06-01 07:37:00.000000210,5.389932
2011-06-01 07:37:00.00000060,8.929223
2011-06-01 07:37:00.000000174,6.334647
2011-06-01 07:37:00.000000203,9.170201
2011-06-01 07:37:00.000000139,6.2546797
2011-06-01 07:37:00.000000162,8.30849
2011-06-01 07:37:00.000000125,6.8033023
2011-06-01 07:37:00.000000198,9.932283
2011-06-01 07:37:00.00000055,11.839643
2011-06-01 07:37:00.00000016,6.0815306
2011-06-01 07:37:00.00000027,7.0316906
2011-06-01 07:37:00.00000053,17.67514
2011-06-01 07:37:00.000000201,32.307655
2011-06-01 07:37:00.000000138,4.9831586
2011-06-01 07:37:00.00000077,4.119798
2011-06-01 07:37:00.00000022,8.967453
2011-06-01 07:37:00.000000182,10.010448
2011-06-01 07:37:00.000000163,7.793383
2011-06-01 07:37:00.000000204,9.582378
2011-06-01 07:37:00.000000137,8.08135
2011-06-01 07:37:00.000000152,7.316418
2011-06-01 07:37:00.00000048,7.2233396
2011-06-01 07:37:00.00000025,8.894993
2011-06-01 07:37:00.000000100,13.357808
2011-06-01 07:37:00.00000015,4.634088
2011-06-01 07:37:00.00000097,17.393972
2011-06-01 07:37:00.000000127,8.31095
2011-06-01 07:37:00.000000170,5.259207
2011-06-01 07:37:00.00000091,14.0428505
2011-06-01 07:37:00.000000109,9.101696
2011-06-01 07:37:00.00000028,9.282991
2011-06-01 07:37:00.000000129,20.132673
2011-06-01 07:37:00.000000158,4.2677474
2011-06-01 07:37:00.0000005,4.9995065
2011-06-01 07:37:00.00000034,8.831283
2011-06-01 07:37:00.000000107,8.106493
2011-06-01 07:37:00.00000036,5.768224
2011-06-01 07:37:00.00000046,7.288424
2011-06-01 07:37:00.000000108,4.0517664
2011-06-01 07:37:00.0000008,8.296614
2011-06-01 07:37:00.000000212,9.658971
2011-06-01 07:37:00.00000068,7.268257
2011-06-01 07:37:00.00000065,5.0101037
2011-06-01 07:37:00.000000116,4.196337
2011-06-01 07:37:00.000000196,7.220698
2011-06-01 07:37:00.000000172,8.288675
2011-06-01 07:37:00.00000059,12.253909
2011-06-01 07:37:00.000000167,4.7541304
2011-06-01 07:37:00.00000058,5.2862973
2011-06-01 07:37:00.00000061,4.4458604
2011-06-01 07:37:00.000000156,15.110038
2011-06-01 07:37:00.000000128,8.349186
2011-06-01 07:37:00.00000079,4.8847437
2011-06-01 07:37:00.000000206,8.821397
2011-06-01 07:37:00.00000069,6.4539843
2011-06-01 07:37:00.000000190,5.6665516
2011-06-01 07:37:00.000000112,5.2569284
2011-06-01 07:37:00.000000104,4.312408
2011-06-01 07:37:00.000000194,5.612513
2011-06-01 07:37:00.0000002,4.812626
2011-06-01 07:37:00.00000044,5.331222
2011-06-01 07:37:00.00000010,7.7939777
2011-06-01 07:37:00.000000157,15.702828
2011-06-01 07:37:00.000000147,6.240037
2011-06-01 07:37:00.000000120,4.794719
2011-06-01 07:37:00.000000149,9.674065
2011-06-01 07:37:00.000000119,8.923045
2011-06-01 07:37:00.00000023,4.8234396
2011-06-01 07:37:00.00000017,9.950295
2011-06-01 07:37:00.00000038,17.934551
2011-06-01 07:37:00.000000113,9.166543
2011-06-01 07:37:00.000000211,8.312338
2011-06-01 07:37:00.00000051,10.649104
2011-06-01 07:37:00.00000054,7.6600976
2011-06-01 07:37:00.000000186,10.015533
2009-02-16 03:13:40.0000001,6.91897
2010-08-27 18:45:00.000000234,6.347841
2010-08-27 18:45:00.00000057,6.8307548
2010-08-27 18:45:00.00000039,10.607774
2010-08-27 18:45:00.000000161,6.8969793
2010-08-27 18:45:00.000000220,11.320745
2010-08-27 18:45:00.00000028,8.098986
2010-08-27 18:45:00.00000014,16.755756
2010-08-27 18:45:00.000000226,14.15885
2010-08-27 18:45:00.000000175,5.359203
2010-08-27 18:45:00.00000040,21.588629
2010-08-27 18:45:00.000000144,13.578951
2010-08-27 18:45:00.00000085,10.722847
2010-08-27 18:45:00.000000194,20.679121
2010-08-27 18:45:00.00000094,8.248284
2010-08-27 18:45:00.000000141,16.405891
2010-08-27 18:45:00.00000067,4.217443
2010-08-27 18:45:00.000000231,5.114553
2010-08-27 18:45:00.000000214,7.166279
2010-08-27 18:45:00.00000037,16.675713
2010-08-27 18:45:00.000000165,5.9652395
2010-08-27 18:45:00.000000158,11.990413
2010-08-27 18:45:00.000000217,7.755601
2010-08-27 18:45:00.00000090,13.460425
2010-08-27 18:45:00.000000142,9.8718605
2010-08-27 18:45:00.0000004,7.3322797
2010-08-27 18:45:00.00000070,5.067236
2010-08-27 18:45:00.000000202,8.119644
2010-08-27 18:45:00.000000177,7.1815157
2010-08-27 18:45:00.00000084,11.320798
2010-08-27 18:45:00.000000209,10.010399
2010-08-27 18:45:00.000000184,33.938877
2010-08-27 18:45:00.000000173,8.939883
2010-08-27 18:45:00.00000029,18.676443
2010-08-27 18:45:00.00000025,5.6939774
2010-08-27 18:45:00.00000012,5.311032
2010-08-27 18:45:00.00000010,4.798195
2010-08-27 18:45:00.000000136,8.25452
2010-08-27 18:45:00.00000073,9.442735
2010-08-27 18:45:00.000000124,6.113944
2010-08-27 18:45:00.000000125,5.704891
2010-08-27 18:45:00.000000169,5.2589207
2010-08-27 18:45:00.000000208,3.9312766
2010-08-27 18:45:00.000000152,5.2133484
2010-08-27 18:45:00.000000196,9.712003
2010-08-27 18:45:00.0000005,11.567983
2010-08-27 18:45:00.00000077,7.041593
2010-08-27 18:45:00.000000123,6.900814
2010-08-27 18:45:00.00000046,9.733958
2010-08-27 18:45:00.00000033,7.0981765
2010-08-27 18:45:00.000000166,13.0810795
2010-08-27 18:45:00.000000190,5.569658
2010-08-27 18:45:00.00000043,7.317928
2010-08-27 18:45:00.00000081,5.520625
2010-08-27 18:45:00.00000034,9.191571
2010-08-27 18:45:00.00000089,17.48549
2010-08-27 18:45:00.000000189,5.369108
2010-08-27 18:45:00.00000078,7.6490026
2010-08-27 18:45:00.00000053,12.396203
2010-08-27 18:45:00.000000188,7.9934115
2010-08-27 18:45:00.00000071,6.7120285
2010-08-27 18:45:00.00000097,18.41667
2010-08-27 18:45:00.00000031,6.204799
2010-08-27 18:45:00.000000101,13.603799
2010-08-27 18:45:00.000000140,5.7135677
2010-08-27 18:45:00.00000054,26.627277
2010-08-27 18:45:00.0000006,8.485981
2010-08-27 18:45:00.00000011,8.13005
2010-08-27 18:45:00.00000055,6.4158187
2010-08-27 18:45:00.000000160,9.915398
2010-08-27 18:45:00.00000024,10.751793
2010-08-27 18:45:00.000000106,6.6272388
2010-08-27 18:45:00.000000131,5.587327
2010-08-27 18:45:00.00000087,11.279556
2010-08-27 18:45:00.000000110,10.597765
2010-08-27 18:45:00.000000197,14.399558
2010-08-27 18:45:00.00000066,8.530033
2010-08-27 18:45:00.000000205,10.15979
2010-08-27 18:45:00.00000086,4.858487
2010-08-27 18:45:00.000000207,7.615764
2010-08-27 18:45:00.00000068,13.123266
2010-08-27 18:45:00.00000050,6.3705306
2010-08-27 18:45:00.00000045,-0.4271975
2010-08-27 18:45:00.00000093,3.7261412
2010-08-27 18:45:00.00000061,12.885654
2010-08-27 18:45:00.00000022,6.415964
2010-08-27 18:45:00.00000018,6.3891563
2010-08-27 18:45:00.000000192,8.3664
2010-08-27 18:45:00.000000148,4.6885257
2010-08-27 18:45:00.000000195,4.4819007
2010-08-27 18:45:00.000000155,3.9528568
2010-08-27 18:45:00.000000129,8.087309
2010-08-27 18:45:00.000000133,5.702806
2010-08-27 18:45:00.00000063,9.918204
2010-08-27 18:45:00.00000076,6.7725368
2010-08-27 18:45:00.000000204,11.468917
2010-08-27 18:45:00.000000179,4.5295343
2010-08-27 18:45:00.000000219,20.58427
2010-08-27 18:45:00.000000107,6.366727
2010-08-27 18:45:00.000000153,9.042769
2010-08-27 18:45:00.00000026,13.110227
2010-08-27 18:45:00.000000198,6.977366
2010-08-27 18:45:00.00000016,9.094423
2010-08-27 18:45:00.00000060,7.8516493
2010-08-27 18:45:00.00000017,26.610556
2010-08-27 18:45:00.000000109,13.721162
2010-08-27 18:45:00.000000227,12.424492
2010-08-27 18:45:00.000000181,4.809669
2010-08-27 18:45:00.000000191,6.999146
2010-08-27 18:45:00.000000228,4.996001
2010-08-27 18:45:00.00000069,11.843696
2010-08-27 18:45:00.000000113,10.627027
2010-08-27 18:45:00.00000049,6.9749427
2010-08-27 18:45:00.000000103,6.401961
2010-08-27 18:45:00.0000003,5.562516
2010-08-27 18:45:00.0000008,8.507735
2010-08-27 18:45:00.000000134,4.6105027
2010-08-27 18:45:00.000000183,23.822224
2010-08-27 18:45:00.00000013,16.296509
2010-08-27 18:45:00.000000235,6.2686553
2010-08-27 18:45:00.00000038,9.250344
2010-08-27 18:45:00.00000030,17.811596
2010-08-27 18:45:00.000000203,7.6190867
2010-08-27 18:45:00.000000182,10.209377
2010-08-27 18:45:00.000000230,7.829372
2010-08-27 18:45:00.00000065,6.255084
2011-02-12 00:43:24.0000003,11.1431465
2011-02-12 00:43:24.0000001,13.548407
2014-05-07 06:50:20.0000002,5.6843705
2014-05-07 06:50:20.0000001,7.2960815
2014-05-07 06:50:20.0000003,9.722395
2011-04-27 20:59:24.0000002,9.67475
2011-04-27 20:59:24.0000003,13.316782
2011-04-27 20:59:24.0000004,5.0157647
2011-04-27 20:59:24.0000001,6.4095387
2011-04-27 20:59:24.0000005,6.039024
2010-08-14 02:13:00.00000069,7.619475
2010-08-14 02:13:00.00000049,7.9554486
2010-08-14 02:13:00.00000059,5.794944
2010-08-14 02:13:00.00000075,17.128132
2010-08-14 02:13:00.00000020,8.057607
2010-08-14 02:13:00.000000102,15.093266
2010-08-14 02:13:00.00000060,5.9706187
2010-08-14 02:13:00.00000033,16.826403
2010-08-14 02:13:00.000000166,12.130031
2010-08-14 02:13:00.000000111,9.022998
2010-08-14 02:13:00.00000056,9.735624
2010-08-14 02:13:00.00000044,8.069019
2010-08-14 02:13:00.000000132,5.216769
2010-08-14 02:13:00.00000073,5.342883
2010-08-14 02:13:00.00000043,8.65427
2010-08-14 02:13:00.00000085,9.719497
2010-08-14 02:13:00.000000108,14.171114
2010-08-14 02:13:00.00000028,10.539611
2010-08-14 02:13:00.00000076,6.1109653
2010-08-14 02:13:00.00000066,29.592123
2010-08-14 02:13:00.00000080,21.731163
2010-08-14 02:13:00.000000149,8.692431
2010-08-14 02:13:00.00000054,8.173871
2010-08-14 02:13:00.000000130,9.881321
2010-08-14 02:13:00.00000032,5.59316
2010-08-14 02:13:00.000000158,6.731644
2010-08-14 02:13:00.000000171,11.968667
2010-08-14 02:13:00.00000092,6.3891153
2010-08-14 02:13:00.000000155,6.8614116
2010-08-14 02:13:00.000000116,7.097574
2010-08-14 02:13:00.000000109,14.402454
2010-08-14 02:13:00.00000030,9.563445
2010-08-14 02:13:00.00000015,12.146834
2010-08-14 02:13:00.000000133,6.2909837
2010-08-14 02:13:00.00000072,7.1927233
2010-08-14 02:13:00.00000052,12.568076
2010-08-14 02:13:00.000000170,15.564314
2010-08-14 02:13:00.0000007,4.961286
2010-08-14 02:13:00.000000165,9.459948
2010-08-14 02:13:00.00000026,12.551044
2010-08-14 02:13:00.000000148,5.542483
2010-08-14 02:13:00.00000034,11.846896
2010-08-14 02:13:00.00000022,19.930248
2010-08-14 02:13:00.000000100,5.547319
2010-08-14 02:13:00.000000160,5.8798637
2010-08-14 02:13:00.0000009,17.579933
2010-08-14 02:13:00.00000038,10.798975
2010-08-14 02:13:00.0000001,9.392188
2010-08-14 02:13:00.00000078,6.1041403
2010-08-14 02:13:00.000000134,8.661202
2010-08-14 02:13:00.00000077,19.54217
2010-08-14 02:13:00.000000168,7.432271
2010-08-14 02:13:00.000000161,7.317722
2010-08-14 02:13:00.000000122,6.9209633
2010-08-14 02:13:00.00000035,6.9370418
2010-08-14 02:13:00.000000110,7.755591
2010-08-14 02:13:00.000000146,11.363593
2010-08-14 02:13:00.00000010,10.450252
2010-08-14 02:13:00.000000141,5.200768
2010-08-14 02:13:00.00000087,17.548515
2010-08-14 02:13:00.000000137,7.3275766
2010-08-14 02:13:00.00000064,7.171987
2010-08-14 02:13:00.00000084,7.0713263
2010-08-14 02:13:00.000000139,10.026511
2010-08-14 02:13:00.00000089,35.55252
2010-08-14 02:13:00.000000140,43.388
2010-08-14 02:13:00.00000012,7.7086616
2010-08-14 02:13:00.00000025,6.307151
2010-08-14 02:13:00.00000070,4.9826884
2010-08-14 02:13:00.0000004,11.331697
2010-08-14 02:13:00.00000090,16.414356
2010-08-14 02:13:00.000000101,15.328642
2010-08-14 02:13:00.00000017,6.2184954
2010-08-14 02:13:00.00000055,6.524512
2010-08-14 02:13:00.00000014,11.397301
2010-08-14 02:13:00.000000142,12.810243
2010-08-14 02:13:00.00000021,11.639642
2010-08-14 02:13:00.00000047,14.647053
2010-08-14 02:13:00.00000083,6.2016783
2010-08-14 02:13:00.000000162,7.1414104
2015-04-16 22:32:48.0000006,10.946571
2015-04-16 22:32:48.0000001,4.489843
2015-04-16 22:32:48.0000004,7.3769236
2015-04-16 22:32:48.0000002,16.071764
2015-04-16 22:32:48.0000005,7.917316
2013-03-15 11:57:04.0000002,7.67797
2013-03-15 11:57:04.0000001,7.848488
2014-11-16 08:47:12.0000002,14.231532
2014-11-16 08:47:12.0000001,6.100692
2013-02-20 16:10:28.0000001,6.9985237
2011-07-03 00:36:04.0000001,5.462136
2014-03-25 23:47:00.00000074,6.5581727
2014-03-25 23:47:00.00000088,8.484716
2014-03-25 23:47:00.000000100,5.897194
2014-03-25 23:47:00.00000094,4.4904327
2014-03-25 23:47:00.00000059,10.330099
2014-03-25 23:47:00.00000066,9.095856
2014-03-25 23:47:00.00000016,4.4685
2014-03-25 23:47:00.0000003,13.879639
2014-03-25 23:47:00.00000080,4.1709275
2014-03-25 23:47:00.00000048,49.410534
2014-03-25 23:47:00.00000058,9.6290045
2014-03-25 23:47:00.00000070,31.280062
2014-03-25 23:47:00.00000046,12.411706
2014-03-25 23:47:00.00000053,5.2901125
2014-03-25 23:47:00.00000029,5.0502253
2014-03-25 23:47:00.00000087,9.977901
2014-03-25 23:47:00.000000126,8.865728
2014-03-25 23:47:00.00000024,8.958521
2014-03-25 23:47:00.0000007,14.356692
2014-03-25 23:47:00.00000071,16.377533
2014-03-25 23:47:00.0000008,7.3035254
2014-03-25 23:47:00.00000049,59.027836
2014-03-25 23:47:00.00000090,24.579008
2014-03-25 23:47:00.00000089,21.960215
2014-03-25 23:47:00.000000117,4.2530713
2014-03-25 23:47:00.00000043,7.939218
2014-03-25 23:47:00.00000032,7.445028
2014-03-25 23:47:00.00000081,7.0217013
2014-03-25 23:47:00.00000023,6.0771766
2014-03-25 23:47:00.00000099,39.709778
2014-03-25 23:47:00.00000077,4.1582766
2014-03-25 23:47:00.00000065,5.500636
2014-03-25 23:47:00.000000111,20.726118
2014-03-25 23:47:00.000000118,24.301418
2014-03-25 23:47:00.00000038,9.3182535
2014-03-25 23:47:00.000000110,5.8615756
2014-03-25 23:47:00.00000014,14.146578
2014-03-25 23:47:00.00000086,27.253305
2014-03-25 23:47:00.00000097,7.1419816
2014-03-25 23:47:00.00000092,18.153574
2014-03-25 23:47:00.000000140,11.025546
2014-03-25 23:47:00.000000123,20.377584
2014-03-25 23:47:00.000000131,4.8671923
2014-03-25 23:47:00.00000033,14.914905
2014-03-25 23:47:00.00000015,5.9621663
2014-03-25 23:47:00.000000125,21.406254
2014-03-25 23:47:00.00000061,21.453918
2014-03-25 23:47:00.00000027,12.442465
2014-03-25 23:47:00.000000101,29.01891
2014-03-25 23:47:00.000000136,8.960891
2014-03-25 23:47:00.000000133,4.1642246
2014-03-25 23:47:00.0000006,24.428963
2014-03-25 23:47:00.00000047,10.076712
2014-03-25 23:47:00.00000056,9.677168
2014-03-25 23:47:00.0000001,3.7569802
2014-03-25 23:47:00.00000045,4.238324
2014-03-25 23:47:00.00000073,7.311837
2014-03-25 23:47:00.00000030,14.490013
2014-03-25 23:47:00.00000010,25.53318
2014-03-25 23:47:00.00000072,10.85569
2014-03-25 23:47:00.0000009,18.552282
2014-03-25 23:47:00.00000082,10.470893
2014-03-25 23:47:00.00000017,6.7328873
2014-03-25 23:47:00.00000050,10.1069145
2014-03-25 23:47:00.000000121,7.6723533
2014-03-25 23:47:00.000000109,19.621027
2014-03-25 23:47:00.00000018,5.0140815
2014-03-25 23:47:00.00000078,6.907573
2014-03-25 23:47:00.00000025,4.33215
2014-03-25 23:47:00.00000044,4.002655
2014-03-25 23:47:00.0000005,4.482219
2014-03-25 23:47:00.00000062,5.9326773
2014-03-25 23:47:00.000000130,42.48991
2014-03-25 23:47:00.00000037,10.040879
2014-03-25 23:47:00.000000114,17.56404
2014-03-25 23:47:00.0000002,31.180584
2014-03-25 23:47:00.000000103,34.494717
2014-03-25 23:47:00.000000106,13.176808
2014-03-25 23:47:00.00000095,10.372909
2014-03-25 23:47:00.000000113,25.160788
2014-03-25 23:47:00.0000004,18.736284
2014-03-25 23:47:00.00000041,15.611787
2014-03-25 23:47:00.00000079,16.084051
2011-06-21 13:19:20.0000001,9.774743
2011-06-21 13:19:20.0000003,6.951638
2011-06-21 13:19:20.0000002,11.049621
2013-01-02 20:53:44.0000001,5.65797
2013-01-02 20:53:44.0000002,5.4708934
2009-10-07 08:16:24.0000001,11.448783
2012-08-25 22:18:36.0000003,11.005579
2012-08-25 22:18:36.0000004,9.894129
2012-08-25 22:18:36.0000001,7.615603
2012-08-25 22:18:36.0000002,8.214512
2015-06-05 08:38:56.0000005,8.244561
2015-06-05 08:38:56.0000007,10.345615
2015-06-05 08:38:56.0000006,5.815615
2015-06-05 08:38:56.0000004,29.460297
2015-06-05 08:38:56.0000001,42.317184
2015-06-05 08:38:56.0000002,19.303392
2013-02-26 11:10:24.0000002,8.7118025
2013-02-26 11:10:24.0000001,38.23927
2014-04-29 00:02:40.0000001,9.532463
2014-04-29 00:02:40.0000002,13.921951
2014-04-29 00:02:40.0000003,13.259715
2010-08-06 20:27:12.0000002,11.666318
2010-08-06 20:27:12.0000005,9.505477
2010-08-06 20:27:12.0000004,4.8014097
2010-08-06 20:27:12.0000001,10.698614
2012-06-07 00:25:40.0000001,7.5000777
2012-06-07 00:25:40.0000002,17.69885
2011-09-24 07:42:32.0000001,5.651104
2011-09-28 10:58:48.0000002,7.1975274
2011-09-28 10:58:48.0000001,5.554083
2011-09-28 10:58:48.0000005,6.1728883
2011-09-28 10:58:48.0000004,12.59718
2011-09-28 10:58:48.0000003,25.8403
2011-09-28 10:58:48.0000006,12.020664
2009-11-01 05:04:12.0000001,5.1692433
2009-11-01 05:04:12.0000002,14.5250435
2014-04-23 22:54:12.0000002,5.9727755
2014-04-23 22:54:12.0000001,21.2923
2014-04-23 22:54:12.0000004,31.789717
2014-04-23 22:54:12.0000003,12.057667
2014-04-23 22:54:12.0000005,5.4435673
2014-04-23 22:54:12.0000006,10.26304
2012-02-28 19:18:44.0000001,4.9925933
2012-02-28 19:18:44.0000002,8.776961
2010-09-29 16:43:00.0000003,47.783386
2010-09-29 16:43:00.000000143,6.13387
2010-09-29 16:43:00.000000150,5.412097
2010-09-29 16:43:00.00000077,6.574139
2010-09-29 16:43:00.000000153,13.175246
2010-09-29 16:43:00.00000048,5.5168405
2010-09-29 16:43:00.00000086,8.177597
2010-09-29 16:43:00.000000108,11.888615
2010-09-29 16:43:00.000000101,6.6402645
2010-09-29 16:43:00.000000132,8.014236
2010-09-29 16:43:00.00000033,14.433658
2010-09-29 16:43:00.00000055,5.8623714
2010-09-29 16:43:00.000000107,12.828097
2010-09-29 16:43:00.000000147,5.0963874
2010-09-29 16:43:00.00000098,7.123624
2010-09-29 16:43:00.00000053,9.099077
2010-09-29 16:43:00.00000052,10.583516
2010-09-29 16:43:00.00000085,7.009407
2010-09-29 16:43:00.000000115,6.5158854
2010-09-29 16:43:00.000000133,12.200782
2010-09-29 16:43:00.000000131,10.40243
2010-09-29 16:43:00.00000031,13.2054825
2010-09-29 16:43:00.00000096,5.526218
2010-09-29 16:43:00.000000120,6.757692
2010-09-29 16:43:00.000000175,11.705275
2010-09-29 16:43:00.00000072,9.259081
2010-09-29 16:43:00.00000038,8.992225
2010-09-29 16:43:00.00000043,8.992178
2010-09-29 16:43:00.0000007,47.529526
2010-09-29 16:43:00.000000111,9.56894
2010-09-29 16:43:00.00000067,8.184236
2010-09-29 16:43:00.00000065,8.340516
2010-09-29 16:43:00.00000046,5.1235204
2010-09-29 16:43:00.00000075,11.346877
2010-09-29 16:43:00.000000155,6.3236613
2010-09-29 16:43:00.00000087,49.36597
2010-09-29 16:43:00.000000160,10.871632
2010-09-29 16:43:00.00000060,7.5893807
2010-09-29 16:43:00.00000020,8.8800335
2010-09-29 16:43:00.00000091,8.577762
2010-09-29 16:43:00.00000068,14.428982
2010-09-29 16:43:00.000000165,9.945054
2010-09-29 16:43:00.000000146,8.199201
2010-09-29 16:43:00.000000169,8.114084
2010-09-29 16:43:00.000000141,7.07773
2010-09-29 16:43:00.00000018,7.781845
2010-09-29 16:43:00.000000100,9.221565
2010-09-29 16:43:00.000000163,15.087435
2010-09-29 16:43:00.00000076,9.091839
2010-09-29 16:43:00.00000027,30.688421
2010-09-29 16:43:00.000000137,9.3415575
2010-09-29 16:43:00.00000021,7.6944385
2010-09-29 16:43:00.00000063,7.8268065
2010-09-29 16:43:00.00000058,9.52891
2010-09-29 16:43:00.00000090,15.459831
2010-09-29 16:43:00.00000066,10.244291
2010-09-29 16:43:00.000000156,6.2232146
2010-09-29 16:43:00.000000104,7.7955017
2010-09-29 16:43:00.00000089,34.58745
2010-09-29 16:43:00.00000029,-0.10539882
2010-09-29 16:43:00.0000004,7.472107
2010-09-29 16:43:00.00000051,10.567391
2010-09-29 16:43:00.00000036,8.56657
2010-09-29 16:43:00.000000158,7.727899
2010-09-29 16:43:00.000000106,8.486237
2010-09-29 16:43:00.00000047,7.013836
2010-09-29 16:43:00.00000073,9.031605
2010-09-29 16:43:00.00000024,8.768701
2010-09-29 16:43:00.000000151,6.725515
2010-09-29 16:43:00.000000134,4.9246926
2010-09-29 16:43:00.000000138,7.102919
2010-09-29 16:43:00.000000125,8.879753
2010-09-29 16:43:00.000000112,9.35459
2010-09-29 16:43:00.0000006,7.044548
2010-09-29 16:43:00.00000025,14.052506
2010-09-29 16:43:00.0000008,8.099687
2010-09-29 16:43:00.00000049,27.661755
2010-09-29 16:43:00.000000173,7.654875
2010-09-29 16:43:00.00000050,7.4062476
2010-09-29 16:43:00.00000035,5.610142
2010-09-29 16:43:00.00000097,35.736187
2010-09-29 16:43:00.00000054,7.9949822
2010-09-29 16:43:00.000000166,5.544554
2010-09-29 16:43:00.0000005,7.3800716
2010-09-29 16:43:00.00000030,27.02362
2010-09-29 16:43:00.000000102,5.0313554
2010-09-29 16:43:00.00000056,8.928192
2010-09-29 16:43:00.000000103,7.377158
2010-09-29 16:43:00.00000092,30.339449
2010-09-29 16:43:00.00000079,6.8071647
2010-09-29 16:43:00.000000149,5.912717
2010-09-29 16:43:00.000000123,4.930111
2010-09-29 16:43:00.000000128,5.8470726
2010-09-29 16:43:00.000000121,7.0846148
2010-09-29 16:43:00.000000105,32.109333
2010-09-29 16:43:00.00000026,10.996564
2010-09-29 16:43:00.000000109,11.972297
2010-09-29 16:43:00.000000124,5.709797
2010-09-29 16:43:00.00000071,5.903979
2010-09-29 16:43:00.00000061,17.716362
2010-09-29 16:43:00.000000129,9.467308
2010-09-29 16:43:00.00000095,6.758175
2010-09-29 16:43:00.00000010,10.398658
2010-09-29 16:43:00.00000081,9.0915165
2010-09-29 16:43:00.00000017,9.569597
2010-09-29 16:43:00.00000028,9.667958
2010-09-29 16:43:00.000000167,5.5173182
2010-09-29 16:43:00.00000082,13.543293
2010-09-29 16:43:00.000000116,8.972147
2010-09-29 16:43:00.000000127,38.77923
2014-10-27 14:58:00.00000095,8.536592
2014-10-27 14:58:00.000000118,13.436126
2014-10-27 14:58:00.00000098,9.826411
2014-10-27 14:58:00.000000108,13.384557
2014-10-27 14:58:00.00000074,5.146367
2014-10-27 14:58:00.00000079,16.45168
2014-10-27 14:58:00.000000137,8.29826
2014-10-27 14:58:00.0000001,13.396421
2014-10-27 14:58:00.00000018,6.7108636
2014-10-27 14:58:00.000000142,6.445772
2014-10-27 14:58:00.00000082,7.9534316
2014-10-27 14:58:00.0000008,21.10211
2014-10-27 14:58:00.00000016,6.1368184
2014-10-27 14:58:00.000000117,8.979177
2014-10-27 14:58:00.00000048,8.26942
2014-10-27 14:58:00.00000075,6.4453187
2014-10-27 14:58:00.000000112,22.453362
2014-10-27 14:58:00.00000029,4.766835
2014-10-27 14:58:00.00000058,8.322181
2014-10-27 14:58:00.00000053,13.813335
2014-10-27 14:58:00.00000052,4.7124343
2014-10-27 14:58:00.00000071,12.558081
2014-10-27 14:58:00.00000044,12.397881
2014-10-27 14:58:00.000000120,7.9541397
2014-10-27 14:58:00.00000034,11.67915
2014-10-27 14:58:00.000000105,6.069068
2014-10-27 14:58:00.000000147,8.769631
2014-10-27 14:58:00.00000030,7.483875
2014-10-27 14:58:00.000000100,7.389532
2014-10-27 14:58:00.00000086,7.6319222
2014-10-27 14:58:00.00000047,41.345135
2014-10-27 14:58:00.000000107,33.23656
2014-10-27 14:58:00.000000127,31.352608
2014-10-27 14:58:00.000000119,4.837516
2014-10-27 14:58:00.00000013,31.71977
2014-10-27 14:58:00.00000076,36.630722
2014-10-27 14:58:00.00000085,7.096182
2014-10-27 14:58:00.00000038,10.780531
2014-10-27 14:58:00.0000004,7.848986
2014-10-27 14:58:00.00000037,35.548912
2014-10-27 14:58:00.00000041,5.578759
2014-10-27 14:58:00.000000141,8.894723
2014-10-27 14:58:00.000000140,10.18718
2014-10-27 14:58:00.00000042,8.469318
2014-10-27 14:58:00.000000109,8.407946
2014-10-27 14:58:00.00000077,16.235016
2014-10-27 14:58:00.00000026,19.588593
2014-10-27 14:58:00.000000151,4.671986
2014-10-27 14:58:00.00000061,10.207929
2014-10-27 14:58:00.000000114,17.23573
2014-10-27 14:58:00.00000021,17.302526
2014-10-27 14:58:00.00000063,6.104156
2014-10-27 14:58:00.00000072,56.281723
2014-10-27 14:58:00.000000131,9.275999
2014-10-27 14:58:00.0000005,41.719177
2014-10-27 14:58:00.000000110,6.3198156
2014-10-27 14:58:00.00000011,7.958253
2014-10-27 14:58:00.00000064,6.6795907
2014-10-27 14:58:00.00000033,5.8644304
2014-10-27 14:58:00.00000091,6.469575
2014-10-27 14:58:00.0000003,16.727514
2014-10-27 14:58:00.00000096,4.03949
2014-10-27 14:58:00.00000051,9.094406
2014-10-27 14:58:00.00000020,7.8378215
2014-10-27 14:58:00.000000138,56.26446
2014-10-27 14:58:00.0000002,22.04196
2014-10-27 14:58:00.00000039,10.511333
2014-10-27 14:58:00.00000073,9.834997
2014-10-27 14:58:00.000000116,7.897843
2014-10-27 14:58:00.00000049,8.696236
2014-10-27 14:58:00.00000025,17.982012
2014-10-27 14:58:00.000000133,4.3767395
2014-10-27 14:58:00.00000043,8.742118
2014-10-27 14:58:00.00000055,6.56687
2014-10-27 14:58:00.000000124,34.772762
2014-10-27 14:58:00.00000083,11.268821
2014-10-27 14:58:00.00000010,7.5905356
2014-10-27 14:58:00.000000126,5.9406776
2014-10-27 14:58:00.00000017,10.297563
2014-10-27 14:58:00.000000139,12.061711
2014-10-27 14:58:00.00000014,5.972845
2014-10-27 14:58:00.00000045,7.3508224
2014-10-27 14:58:00.000000132,6.1903443
2014-10-27 14:58:00.00000080,40.208538
2014-10-27 14:58:00.00000019,6.723685
2014-10-27 14:58:00.000000102,13.365009
2014-10-27 14:58:00.00000062,13.575825
2014-10-27 14:58:00.000000122,45.320347
2014-10-27 14:58:00.00000032,15.617636
2014-10-27 14:58:00.00000015,9.877295
2014-10-27 14:58:00.00000084,56.888103
2014-10-27 14:58:00.000000134,6.9562163
2014-10-27 14:58:00.00000093,10.796553
2014-10-27 14:58:00.00000068,6.9802885
2014-10-27 14:58:00.00000089,60.514008
2014-10-27 14:58:00.00000027,56.739334
2009-10-08 23:44:56.0000004,15.221271
2009-10-08 23:44:56.0000001,10.508892
2012-11-03 17:11:00.00000035,5.218395
2012-11-03 17:11:00.000000107,9.097297
2012-11-03 17:11:00.00000069,10.980406
2012-11-03 17:11:00.000000116,13.5336
2012-11-03 17:11:00.000000145,6.3374505
2012-11-03 17:11:00.00000097,5.415767
2012-11-03 17:11:00.000000119,5.2063074
2012-11-03 17:11:00.000000134,4.9647117
2012-11-03 17:11:00.000000137,7.979585
2012-11-03 17:11:00.00000010,17.588507
2012-11-03 17:11:00.000000157,4.661654
2012-11-03 17:11:00.000000121,21.348665
2012-11-03 17:11:00.00000073,55.341427
2012-11-03 17:11:00.00000062,9.775103
2012-11-03 17:11:00.000000130,6.256371
2012-11-03 17:11:00.000000141,9.619691
2012-11-03 17:11:00.00000098,10.60646
2012-11-03 17:11:00.00000066,8.205474
2012-11-03 17:11:00.00000036,10.133262
2012-11-03 17:11:00.00000026,10.024056
2012-11-03 17:11:00.000000110,6.5650454
2012-11-03 17:11:00.00000021,6.628816
2012-11-03 17:11:00.00000040,5.8955364
2012-11-03 17:11:00.00000087,12.674388
2012-11-03 17:11:00.00000039,10.185645
2012-11-03 17:11:00.00000033,11.483205
2012-11-03 17:11:00.0000006,6.3377194
2012-11-03 17:11:00.00000025,15.91397
2012-11-03 17:11:00.000000129,10.617036
2012-11-03 17:11:00.000000153,12.146075
2012-11-03 17:11:00.000000138,14.259126
2012-11-03 17:11:00.000000143,9.616774
2012-11-03 17:11:00.000000109,7.571425
2012-11-03 17:11:00.00000042,13.99927
2012-11-03 17:11:00.000000104,26.659296
2012-11-03 17:11:00.0000005,7.4250717
2012-11-03 17:11:00.00000056,53.7984
2012-11-03 17:11:00.00000045,7.6174006
2012-11-03 17:11:00.00000034,10.934769
2012-11-03 17:11:00.000000120,10.695516
2012-11-03 17:11:00.000000127,10.733507
2012-11-03 17:11:00.00000022,4.8362737
2012-11-03 17:11:00.0000003,15.267363
2012-11-03 17:11:00.00000084,8.451966
2012-11-03 17:11:00.00000089,11.85124
2012-11-03 17:11:00.00000041,13.2985115
2012-11-03 17:11:00.000000108,12.144529
2012-11-03 17:11:00.000000158,7.852461
2012-11-03 17:11:00.000000122,4.1477423
2012-11-03 17:11:00.000000111,22.467371
2012-11-03 17:11:00.00000027,6.1339154
2012-11-03 17:11:00.0000008,2.550609
2012-11-03 17:11:00.000000148,20.845394
2012-11-03 17:11:00.000000144,31.406324
2012-11-03 17:11:00.00000029,10.023949
2012-11-03 17:11:00.00000049,6.941523
2012-11-03 17:11:00.00000011,5.1404448
2012-11-03 17:11:00.00000094,18.709745
2012-11-03 17:11:00.000000152,17.740324
2012-11-03 17:11:00.00000051,9.417486
2012-11-03 17:11:00.00000048,7.858696
2012-11-03 17:11:00.00000043,9.401931
2012-11-03 17:11:00.00000059,8.880777
2012-11-03 17:11:00.00000019,7.176539
2012-11-03 17:11:00.000000135,8.661359
2012-11-03 17:11:00.00000017,11.37353
2012-11-03 17:11:00.000000146,6.2913804
2012-11-03 17:11:00.00000068,11.314041
2012-11-03 17:11:00.00000092,14.076125
2012-11-03 17:11:00.0000002,22.719925
2012-11-03 17:11:00.000000133,5.9579153
2012-11-03 17:11:00.00000038,14.080206
2012-11-03 17:11:00.000000123,7.2544217
2012-11-03 17:11:00.00000015,5.0886984
2012-11-03 17:11:00.000000131,5.7141104
2012-11-03 17:11:00.000000112,4.6843796
2012-11-03 17:11:00.000000100,6.402698
2012-11-03 17:11:00.00000095,17.377823
2012-11-03 17:11:00.0000004,6.539317
2012-11-03 17:11:00.00000047,16.928026
2012-11-03 17:11:00.00000020,43.752724
2012-11-03 17:11:00.000000156,17.638636
2012-11-03 17:11:00.00000014,5.2652755
2012-11-03 17:11:00.000000139,9.740109
2012-11-03 17:11:00.000000154,6.5110807
2012-11-03 17:11:00.000000151,7.1121373
2012-11-03 17:11:00.00000070,8.691105
2012-11-03 17:11:00.00000023,10.25717
2012-11-03 17:11:00.00000065,9.715456
2012-11-03 17:11:00.00000018,8.117825
2012-11-03 17:11:00.00000088,5.7306743
2012-11-03 17:11:00.000000140,14.832195
2012-11-03 17:11:00.00000071,7.8707705
2009-05-07 13:58:32.0000003,7.5977225
2009-05-07 13:58:32.0000001,7.360275
2011-12-25 21:26:32.0000001,4.050945
2015-01-12 19:01:00.0000001,12.5139265
2015-01-12 19:01:00.0000003,4.7143054
2015-01-12 19:01:00.0000004,4.0421553
2015-01-12 19:01:00.0000002,6.5616355
2009-10-06 16:09:24.0000001,7.4662657
2009-10-06 16:09:24.0000003,7.374095
2009-10-06 16:09:24.0000002,6.373698
2009-05-06 01:49:12.0000003,22.51046
2009-05-06 01:49:12.0000005,8.14329
2009-05-06 01:49:12.0000001,11.022177
2009-05-06 01:49:12.0000006,6.465746
2014-10-07 11:20:56.0000002,39.531372
2014-10-07 11:20:56.0000001,13.643021
2014-10-07 11:20:56.0000003,7.39303
2009-02-10 15:30:04.0000002,9.304636
2009-02-10 15:30:04.0000001,11.020705
2013-09-28 00:06:20.0000004,17.409006
2013-09-28 00:06:20.0000001,18.34639
2013-09-28 00:06:20.0000009,20.171307
2013-09-28 00:06:20.0000008,11.525116
2013-09-28 00:06:20.0000007,6.6941805
2013-09-28 00:06:20.0000006,12.649375
2013-09-28 00:06:20.0000002,11.147352
2013-07-18 08:25:04.0000001,9.076065
2013-07-18 08:25:04.0000002,9.909415
2013-07-18 08:25:04.0000003,8.990996
2011-03-11 01:44:00.00000010,7.7267427
2011-03-11 01:44:00.00000070,6.859141
2011-03-11 01:44:00.00000088,24.308544
2011-03-11 01:44:00.00000063,13.969276
2011-03-11 01:44:00.00000058,15.028213
2011-03-11 01:44:00.00000086,17.868095
2011-03-11 01:44:00.00000053,5.862915
2011-03-11 01:44:00.00000094,10.437244
2011-03-11 01:44:00.00000069,4.6145644
2011-03-11 01:44:00.00000061,13.8564415
2011-03-11 01:44:00.0000008,4.5239716
2011-03-11 01:44:00.0000002,14.007772
2011-03-11 01:44:00.00000050,6.2456045
2011-03-11 01:44:00.00000068,9.039077
2011-03-11 01:44:00.00000018,8.313273
2011-03-11 01:44:00.00000079,13.907292
2011-03-11 01:44:00.00000037,4.930029
2011-03-11 01:44:00.00000015,6.6578226
2011-03-11 01:44:00.00000071,4.126387
2011-03-11 01:44:00.00000054,12.472605
2011-03-11 01:44:00.00000080,4.1107593
2011-03-11 01:44:00.00000078,7.5105453
2011-03-11 01:44:00.00000055,6.672612
2011-03-11 01:44:00.00000026,17.61695
2011-03-11 01:44:00.00000045,14.807562
2011-03-11 01:44:00.00000013,5.8878736
2011-03-11 01:44:00.0000007,28.629251
2011-03-11 01:44:00.00000024,4.315403
2011-03-11 01:44:00.00000093,4.621145
2011-03-11 01:44:00.00000089,7.578074
2011-03-11 01:44:00.00000022,8.598914
2011-03-11 01:44:00.00000020,4.1087375
2011-03-11 01:44:00.00000025,4.2396164
2011-03-11 01:44:00.00000090,23.596296
2011-03-11 01:44:00.00000087,14.20072
2011-03-11 01:44:00.00000017,13.54516
2011-03-11 01:44:00.00000031,25.256456
2011-03-11 01:44:00.00000048,11.527406
2011-03-11 01:44:00.00000076,18.67563
2011-03-11 01:44:00.00000012,12.76224
2011-03-11 01:44:00.00000066,8.26136
2011-03-11 01:44:00.0000001,5.500614
2011-03-11 01:44:00.00000091,12.938045
2011-03-11 01:44:00.00000043,8.745773
2011-03-11 01:44:00.00000060,6.47576
2011-03-11 01:44:00.00000049,11.790258
2011-03-11 01:44:00.00000073,6.9576635
2011-03-11 01:44:00.0000004,11.8082695
2013-12-16 19:06:44.0000002,6.7684107
2013-12-18 03:49:24.0000001,9.764944
2013-08-05 19:04:36.0000002,8.956811
2013-08-05 19:04:36.0000001,7.9626412
2009-05-08 18:00:36.0000002,5.0027723
2013-01-27 00:09:12.0000002,12.085287
2013-01-27 00:09:12.0000006,7.2296853
2013-01-27 00:09:12.0000009,7.65546
2013-01-27 00:09:12.0000001,5.62697
2013-01-27 00:09:12.0000004,8.93516
2013-01-27 00:09:12.0000007,13.109006
2013-01-27 00:09:12.0000005,7.7304235
2012-06-18 22:51:56.0000002,5.4662538
2012-06-18 22:51:56.0000001,4.0065227
2011-06-20 09:55:24.0000004,8.548383
2011-06-20 09:55:24.0000003,5.178274
2011-06-20 09:55:24.0000001,7.319723
2011-06-20 09:55:24.0000002,4.815866
2011-06-20 09:55:24.0000005,8.337028
2015-02-22 09:48:32.0000002,7.8375454
2015-02-22 09:48:32.0000001,15.849919
2015-02-22 09:48:32.0000003,17.481045
2010-08-25 23:40:32.0000001,12.052618
2012-01-07 11:21:56.0000002,12.312155
2012-10-31 12:17:24.0000003,11.345792
2012-10-31 12:17:24.0000001,7.1159654
2012-10-20 02:05:08.0000001,14.606463
2012-10-20 02:05:08.0000002,5.968917
2012-05-06 08:52:08.0000001,9.616026
2014-10-11 15:11:24.0000002,6.349328
2014-10-11 15:11:24.0000004,44.890564
2014-10-11 15:11:24.0000005,14.931009
2014-10-11 15:11:24.0000006,33.69831
2014-10-11 15:11:24.0000001,7.6792903
2009-08-17 12:27:08.0000004,6.067635
2009-08-17 12:27:08.0000001,19.969084
2009-08-17 12:27:08.0000003,6.5021667
2011-10-28 07:45:04.0000001,15.923284
2011-10-28 07:45:04.0000003,6.635249
2011-10-28 07:45:04.0000002,5.162748
2014-04-09 09:23:12.0000003,8.258041
2014-04-09 09:23:12.0000005,8.033154
2014-04-09 09:23:12.0000002,7.712079
2014-04-09 09:23:12.0000001,11.666837
2013-09-15 02:37:52.0000001,11.607402
2013-09-15 02:37:52.0000003,9.970284
2009-11-25 19:32:52.0000005,12.442094
2009-11-25 19:32:52.0000002,9.487821
2009-11-25 19:32:52.0000003,15.9710655
2014-05-30 00:09:16.0000002,12.789239
2014-05-30 00:09:16.0000005,10.705396
2014-05-30 00:09:16.0000003,5.2933393
2014-05-30 00:09:16.0000004,5.702319
2014-05-30 00:09:16.0000001,11.353179
2013-10-24 14:18:20.0000001,6.1214805
2013-10-24 14:18:20.0000002,4.7160983
2013-10-24 14:18:20.0000003,13.510325
2014-06-07 22:07:12.0000002,16.066223
2014-06-07 22:07:12.0000001,13.875919
2013-01-07 17:08:32.0000003,7.190198
2013-01-07 17:08:32.0000001,5.7833753
2010-08-11 00:12:08.0000001,6.201632
2011-10-04 09:37:00.0000007,6.9889054
2011-10-04 09:37:00.00000092,7.098662
2011-10-04 09:37:00.000000150,7.089514
2011-10-04 09:37:00.00000010,5.5174847
2011-10-04 09:37:00.00000065,32.89477
2011-10-04 09:37:00.000000151,6.3870044
2011-10-04 09:37:00.00000089,5.88643
2011-10-04 09:37:00.000000120,8.002948
2011-10-04 09:37:00.0000009,5.4201436
2011-10-04 09:37:00.000000110,5.7158136
2011-10-04 09:37:00.00000098,16.145432
2011-10-04 09:37:00.00000011,4.4047265
2011-10-04 09:37:00.00000042,6.10012
2011-10-04 09:37:00.00000024,8.26345
2011-10-04 09:37:00.000000188,14.122718
2011-10-04 09:37:00.00000071,11.259009
2011-10-04 09:37:00.000000168,11.072951
2011-10-04 09:37:00.000000159,9.01235
2011-10-04 09:37:00.000000171,10.196363
2011-10-04 09:37:00.000000129,7.4135394
2011-10-04 09:37:00.000000186,5.429267
2011-10-04 09:37:00.000000123,13.165059
2011-10-04 09:37:00.00000020,5.1965885
2011-10-04 09:37:00.00000033,3.986183
2011-10-04 09:37:00.00000058,12.381737
2011-10-04 09:37:00.00000068,9.548471
2011-10-04 09:37:00.000000131,5.0564084
2011-10-04 09:37:00.000000178,37.469334
2011-10-04 09:37:00.000000103,32.996246
2011-10-04 09:37:00.00000026,10.161428
2011-10-04 09:37:00.000000115,4.7139206
2011-10-04 09:37:00.00000059,33.53518
2011-10-04 09:37:00.00000090,13.964593
2011-10-04 09:37:00.00000063,6.868628
2011-10-04 09:37:00.000000169,3.9250376
2011-10-04 09:37:00.00000066,9.868684
2011-10-04 09:37:00.000000181,6.310421
2011-10-04 09:37:00.00000018,3.4974465
2011-10-04 09:37:00.000000112,5.784332
2011-10-04 09:37:00.00000094,10.067833
2011-10-04 09:37:00.0000001,5.865357
2011-10-04 09:37:00.000000139,11.672015
2011-10-04 09:37:00.000000152,10.784575
2011-10-04 09:37:00.000000187,5.3492866
2011-10-04 09:37:00.00000070,6.2630334
2011-10-04 09:37:00.00000050,5.519708
2011-10-04 09:37:00.0000004,4.947418
2011-10-04 09:37:00.000000153,13.4398
2011-10-04 09:37:00.00000076,32.132374
2011-10-04 09:37:00.00000079,32.263702
2011-10-04 09:37:00.000000146,7.646961
2011-10-04 09:37:00.000000192,9.189595
2011-10-04 09:37:00.000000172,10.8140745
2011-10-04 09:37:00.000000154,7.638751
2011-10-04 09:37:00.000000124,9.385442
2011-10-04 09:37:00.000000142,5.8170214
2011-10-04 09:37:00.000000167,9.400615
2011-10-04 09:37:00.00000048,10.316787
2011-10-04 09:37:00.00000074,13.964399
2011-10-04 09:37:00.000000193,8.345945
2011-10-04 09:37:00.000000166,6.800499
2011-10-04 09:37:00.000000147,6.3030005
2011-10-04 09:37:00.000000189,6.94104
2011-10-04 09:37:00.0000008,5.9520206
2011-10-04 09:37:00.000000125,7.1834316
2011-10-04 09:37:00.00000051,5.27358
2011-10-04 09:37:00.000000173,7.7973814
2011-10-04 09:37:00.00000096,11.983689
2011-10-04 09:37:00.000000174,6.0484834
2011-10-04 09:37:00.000000130,8.126762
2011-10-04 09:37:00.00000016,5.6208463
2011-10-04 09:37:00.000000145,6.662338
2011-10-04 09:37:00.000000140,8.314508
2011-10-04 09:37:00.00000040,33.641342
2011-10-04 09:37:00.000000118,10.065631
2011-10-04 09:37:00.00000081,7.4960217
2011-10-04 09:37:00.000000175,4.8133035
2011-10-04 09:37:00.00000072,11.20895
2011-10-04 09:37:00.000000143,5.627278
2011-10-04 09:37:00.000000104,4.6206207
2011-10-04 09:37:00.00000053,6.859418
2011-10-04 09:37:00.00000084,4.4160194
2011-10-04 09:37:00.00000030,9.44842
2011-10-04 09:37:00.000000100,5.857468
2011-10-04 09:37:00.000000105,9.150439
2011-10-04 09:37:00.00000041,5.327869
2011-10-04 09:37:00.00000091,12.796266
2011-10-04 09:37:00.00000078,6.842101
2011-10-04 09:37:00.000000197,5.841326
2011-10-04 09:37:00.000000119,8.376411
2011-10-04 09:37:00.000000161,8.558208
2011-10-04 09:37:00.00000039,6.089561
2011-10-04 09:37:00.00000086,6.066953
2011-10-04 09:37:00.000000195,10.296704
2011-10-04 09:37:00.000000182,6.827242
2011-10-04 09:37:00.000000133,6.460037
2011-10-04 09:37:00.00000029,7.0042014
2011-10-04 09:37:00.000000144,5.918729
2011-10-04 09:37:00.000000128,6.710264
2011-10-04 09:37:00.00000027,9.352313
2011-10-04 09:37:00.00000032,6.7220707
2011-10-04 09:37:00.00000073,10.0784445
2011-10-04 09:37:00.00000083,10.631995
2011-10-04 09:37:00.00000021,6.279316
2011-10-04 09:37:00.000000137,4.990011
2011-10-04 09:37:00.00000087,48.67786
2011-10-04 09:37:00.00000060,33.509254
2011-10-04 09:37:00.000000138,8.592617
2011-10-04 09:37:00.00000046,9.968424
2011-10-04 09:37:00.00000075,16.593037
2011-10-04 09:37:00.000000198,5.934846
2011-10-04 09:37:00.000000121,9.987649
2011-10-04 09:37:00.000000116,4.9700594
2011-10-04 09:37:00.000000117,6.5992527
2011-10-04 09:37:00.00000097,13.903013
2011-10-04 09:37:00.00000012,4.4786253
2011-10-04 09:37:00.00000093,33.56518
2011-10-04 09:37:00.000000101,5.9659915
2011-10-04 09:37:00.00000082,19.216461
2011-10-04 09:37:00.000000126,5.9845667
2011-10-04 09:37:00.00000035,10.489947
2011-10-04 09:37:00.000000127,13.717126
2011-10-04 09:37:00.000000156,5.006502
2014-04-29 08:15:56.0000002,6.1592665
2014-04-29 08:15:56.0000001,7.3566475
2012-10-23 14:15:04.0000003,16.093552
2012-10-23 14:15:04.0000004,15.8400135
2012-10-23 14:15:04.0000001,7.9073963
2012-08-31 08:01:16.0000001,6.977356
2012-10-18 21:06:20.0000003,11.978515
2012-10-18 21:06:20.0000006,57.792152
2012-10-18 21:06:20.0000002,8.510685
2012-10-18 21:06:20.0000005,4.510835
2012-10-18 21:06:20.0000004,9.781356
2012-10-18 21:06:20.0000008,9.706096
2012-10-18 21:06:20.00000010,8.245054
2012-10-18 21:06:20.0000001,32.99672
2014-02-26 04:36:28.0000001,16.281048
2010-02-20 00:43:28.0000002,8.176664
2010-02-20 00:43:28.0000004,19.053242
2010-02-20 00:43:28.0000003,8.928581
2010-02-20 00:43:28.0000001,12.3870535
2009-08-21 08:00:48.0000002,7.6051
2009-08-21 08:00:48.0000001,7.007043
2009-08-21 08:00:48.0000003,7.9002023
2014-12-24 03:00:00.00000034,6.1543226
2014-12-24 03:00:00.00000013,24.958883
2014-12-24 03:00:00.0000001,13.41777
2014-12-24 03:00:00.00000032,6.215454
2014-12-24 03:00:00.0000006,4.7690215
2014-12-24 03:00:00.00000037,5.3279824
2014-12-24 03:00:00.00000012,9.990543
2014-12-24 03:00:00.00000023,21.712393
2014-12-24 03:00:00.00000041,4.7921724
2014-12-24 03:00:00.0000008,7.019276
2014-12-24 03:00:00.00000024,14.128189
2014-12-24 03:00:00.00000038,5.8387766
2014-12-24 03:00:00.0000009,5.421225
2014-12-24 03:00:00.00000018,14.425139
2014-12-24 03:00:00.00000011,22.029613
2014-12-24 03:00:00.00000021,9.147756
2014-12-24 03:00:00.00000030,7.069169
2014-12-24 03:00:00.00000010,5.8313713
2014-12-24 03:00:00.0000004,7.6835866
2014-12-24 03:00:00.00000022,10.878152
2014-12-24 03:00:00.00000028,6.072074
2012-08-19 12:46:40.0000003,13.119682
2012-08-19 12:46:40.0000002,4.949922
2012-08-19 12:46:40.0000001,7.869701
2013-12-02 17:53:24.0000003,14.045256
2013-12-02 17:53:24.0000001,10.500458
2013-12-02 17:53:24.0000002,11.858328
2011-11-07 18:53:08.0000002,9.343698
2011-11-07 18:53:08.0000001,12.998319
2009-05-16 23:36:24.0000001,8.944113
2009-05-16 23:36:24.0000002,5.668788
2011-01-10 10:56:56.0000003,6.9069905
2011-01-10 10:56:56.0000002,31.092281
2011-01-10 10:56:56.0000001,5.404003
2010-10-07 10:54:20.0000002,6.626607
2010-10-07 10:54:20.0000005,14.779481
2010-10-07 10:54:20.0000001,5.8347573
2010-10-07 10:54:20.0000004,7.1306205
2011-02-21 20:11:08.0000001,7.264616
2011-02-21 20:11:08.0000005,6.7078857
2011-02-21 20:11:08.0000002,9.090386
2011-02-21 20:11:08.0000003,7.5354643
2011-02-21 20:11:08.0000004,32.451878
2009-10-04 22:54:56.0000003,8.0773
2015-04-11 20:31:32.0000007,5.3485293
2015-04-11 20:31:32.00000012,5.943504
2015-04-11 20:31:32.0000003,33.578735
2015-04-11 20:31:32.0000006,12.049653
2015-04-11 20:31:32.0000002,23.29858
2015-04-11 20:31:32.0000009,11.05154
2015-04-11 20:31:32.00000010,4.604208
2015-04-11 20:31:32.0000001,7.997936
2012-04-02 02:53:24.0000001,10.559185
2014-04-21 16:00:36.0000001,5.460406
2014-04-21 16:00:36.0000003,11.187701
2014-04-21 16:00:36.0000002,4.8384337
2012-03-22 21:11:36.0000006,7.8368015
2012-03-22 21:11:36.0000008,6.6311083
2012-03-22 21:11:36.0000005,11.395492
2012-03-22 21:11:36.0000001,9.872096
2012-03-22 21:11:36.0000004,4.6705656
2012-03-22 21:11:36.0000007,4.6174026
2012-03-22 21:11:36.0000002,7.65904
2012-03-22 21:11:36.0000003,21.553272
2011-04-08 00:57:44.0000001,4.877849
2011-02-20 12:31:04.0000001,9.978617
2011-02-20 12:31:04.0000003,3.891216
2011-02-06 17:08:24.0000004,16.37026
2011-02-06 17:08:24.0000002,7.1692424
2011-02-06 17:08:24.0000001,8.877735
2013-01-01 22:04:56.0000001,7.7991037
2013-04-23 17:52:44.0000001,15.691805
2013-04-23 17:52:44.0000002,6.16982
2013-07-02 21:47:24.0000003,4.8966002
2013-07-02 21:47:24.0000002,15.946966
2013-07-02 21:47:24.0000001,17.431946
2010-01-01 13:19:40.0000002,17.090437
2010-01-01 13:19:40.0000005,8.817987
2010-01-01 13:19:40.0000001,8.479451
2010-01-01 13:19:40.0000003,64.219765
2013-04-26 20:41:16.0000001,7.4651017
2010-03-06 23:51:08.0000002,13.5124235
2010-03-06 23:51:08.0000001,8.292611
2014-04-17 16:58:28.0000001,9.526766
2014-04-17 16:58:28.0000002,12.426501
2014-01-06 16:39:16.0000001,28.253704
2015-02-12 05:37:56.0000002,6.4836473
2011-12-22 01:00:08.0000001,13.528859
2011-12-22 01:00:08.0000002,6.719966
2011-08-20 17:04:24.0000001,4.354211
2011-06-30 13:07:36.0000001,6.397003
2011-06-30 13:07:36.0000005,10.511912
2011-06-30 13:07:36.0000002,7.1695566
2011-06-30 13:07:36.0000004,7.4487686
2011-06-30 13:07:36.0000003,8.975822
2014-04-27 02:57:00.000000100,4.42496
2014-04-27 02:57:00.000000130,5.8997006
2014-04-27 02:57:00.000000109,33.88037
2014-04-27 02:57:00.00000096,19.302458
2014-04-27 02:57:00.00000063,12.375198
2014-04-27 02:57:00.000000177,10.688474
2014-04-27 02:57:00.000000132,20.367523
2014-04-27 02:57:00.000000170,20.985643
2014-04-27 02:57:00.00000021,15.011706
2014-04-27 02:57:00.000000136,12.276991
2014-04-27 02:57:00.00000032,10.895517
2014-04-27 02:57:00.000000107,5.9578447
2014-04-27 02:57:00.00000028,42.584595
2014-04-27 02:57:00.00000026,18.529455
2014-04-27 02:57:00.000000139,8.742576
2014-04-27 02:57:00.00000015,19.457775
2014-04-27 02:57:00.00000095,4.2494454
2014-04-27 02:57:00.000000105,23.072437
2014-04-27 02:57:00.000000196,10.307406
2014-04-27 02:57:00.0000001,5.036703
2014-04-27 02:57:00.000000175,13.767919
2014-04-27 02:57:00.000000188,16.285309
2014-04-27 02:57:00.00000051,13.916784
2014-04-27 02:57:00.00000055,7.1245785
2014-04-27 02:57:00.00000016,15.215613
2014-04-27 02:57:00.000000169,7.1649313
2014-04-27 02:57:00.00000086,13.707122
2014-04-27 02:57:00.000000148,16.294195
2014-04-27 02:57:00.00000087,18.378546
2014-04-27 02:57:00.00000027,16.218592
2014-04-27 02:57:00.000000120,20.482285
2014-04-27 02:57:00.00000068,4.480631
2014-04-27 02:57:00.00000099,8.012677
2014-04-27 02:57:00.000000193,9.269152
2014-04-27 02:57:00.00000081,21.104664
2014-04-27 02:57:00.000000135,22.22881
2014-04-27 02:57:00.000000181,6.152458
2014-04-27 02:57:00.00000020,5.985798
2014-04-27 02:57:00.000000157,24.225922
2014-04-27 02:57:00.00000079,19.419144
2014-04-27 02:57:00.00000019,7.365273
2014-04-27 02:57:00.000000126,14.585424
2014-04-27 02:57:00.0000002,4.8700843
2014-04-27 02:57:00.00000062,9.732906
2014-04-27 02:57:00.00000085,13.041171
2014-04-27 02:57:00.00000014,14.079221
2014-04-27 02:57:00.000000161,11.622204
2014-04-27 02:57:00.00000084,18.150162
2014-04-27 02:57:00.000000122,18.44854
2014-04-27 02:57:00.000000111,7.8483877
2014-04-27 02:57:00.000000113,9.6663475
2014-04-27 02:57:00.00000071,10.092889
2014-04-27 02:57:00.00000077,12.102036
2014-04-27 02:57:00.000000134,43.876427
2014-04-27 02:57:00.000000103,10.436665
2014-04-27 02:57:00.000000102,16.97501
2014-04-27 02:57:00.000000160,21.407366
2014-04-27 02:57:00.00000042,4.514244
2014-04-27 02:57:00.00000054,7.687625
2014-04-27 02:57:00.00000049,14.783337
2014-04-27 02:57:00.000000147,11.347456
2014-04-27 02:57:00.00000045,9.569218
2014-04-27 02:57:00.0000003,22.104847
2014-04-27 02:57:00.000000182,5.9092164
2014-04-27 02:57:00.000000180,8.319961
2014-04-27 02:57:00.00000038,22.898298
2014-04-27 02:57:00.0000005,8.642557
2014-04-27 02:57:00.000000108,4.8775105
2014-04-27 02:57:00.00000092,6.1235957
2014-04-27 02:57:00.000000192,7.889904
2014-04-27 02:57:00.000000165,6.466489
2014-04-27 02:57:00.000000115,10.974668
2014-04-27 02:57:00.00000029,9.25068
2014-04-27 02:57:00.00000050,5.819617
2014-04-27 02:57:00.000000119,6.6948614
2014-04-27 02:57:00.00000011,15.101404
2014-04-27 02:57:00.000000114,6.8035836
2014-04-27 02:57:00.000000190,14.713915
2014-04-27 02:57:00.00000061,5.49769
2014-04-27 02:57:00.00000098,10.684134
2014-04-27 02:57:00.00000040,7.1238303
2014-04-27 02:57:00.000000117,18.389685
2014-04-27 02:57:00.000000150,7.094576
2014-04-27 02:57:00.00000035,8.050468
2014-04-27 02:57:00.00000022,17.592983
2014-04-27 02:57:00.000000146,7.6744704
2014-04-27 02:57:00.00000018,9.933708
2014-04-27 02:57:00.00000041,10.149352
2014-04-27 02:57:00.00000089,19.17674
2014-04-27 02:57:00.00000088,8.044649
2014-04-27 02:57:00.000000101,11.235928
2014-04-27 02:57:00.00000058,25.37931
2014-04-27 02:57:00.00000030,9.22326
2014-04-27 02:57:00.000000156,13.18766
2014-04-27 02:57:00.00000024,8.219312
2014-04-27 02:57:00.000000163,7.507663
2014-04-27 02:57:00.000000152,13.415772
2014-04-27 02:57:00.00000037,5.8364115
2014-04-27 02:57:00.00000065,5.2515507
2014-04-27 02:57:00.0000006,26.714823
2014-04-27 02:57:00.00000060,8.84876
2014-04-27 02:57:00.000000110,6.759544
2014-04-27 02:57:00.00000034,5.7530947
2014-04-27 02:57:00.000000149,27.339237
2014-04-27 02:57:00.000000176,4.1353083
2014-04-27 02:57:00.000000184,6.845716
2014-04-27 02:57:00.000000118,7.541939
2014-04-27 02:57:00.000000186,14.446191
2014-04-27 02:57:00.000000104,11.601315
2014-04-27 02:57:00.00000080,25.813078
2014-04-27 02:57:00.000000121,8.094826
2014-04-27 02:57:00.00000093,6.601716
2014-04-27 02:57:00.00000056,12.511919
2014-04-27 02:57:00.00000044,14.003108
2014-04-27 02:57:00.00000048,8.184846
2014-04-27 02:57:00.00000059,16.12397
2014-04-27 02:57:00.000000194,18.560503
2014-04-27 02:57:00.000000185,23.005978
2014-04-27 02:57:00.000000125,18.290554
2014-04-27 02:57:00.00000046,11.807999
2014-04-27 02:57:00.00000070,16.069881
2014-04-27 02:57:00.000000133,13.203495
2011-01-18 10:26:40.0000003,4.4574614
2011-01-18 10:26:40.0000002,8.396401
2012-04-20 07:57:20.0000001,9.620337
2012-04-20 07:57:20.0000004,5.1644025
2012-04-20 07:57:20.0000003,6.268207
2012-04-20 07:57:20.0000002,4.3865786
2011-12-13 22:00:00.00000071,12.112434
2011-12-13 22:00:00.000000178,5.0560975
2011-12-13 22:00:00.00000016,6.569611
2011-12-13 22:00:00.000000127,5.471163
2011-12-13 22:00:00.00000065,3.7651496
2011-12-13 22:00:00.000000227,4.0377417
2011-12-13 22:00:00.000000257,5.240909
2011-12-13 22:00:00.000000238,7.706622
2011-12-13 22:00:00.0000008,7.6996636
2011-12-13 22:00:00.000000252,4.8800936
2011-12-13 22:00:00.000000204,13.284009
2011-12-13 22:00:00.000000120,9.215795
2011-12-13 22:00:00.000000175,4.011311
2011-12-13 22:00:00.00000010,12.341815
2011-12-13 22:00:00.00000048,5.807811
2011-12-13 22:00:00.000000189,4.134961
2011-12-13 22:00:00.00000011,5.2974796
2011-12-13 22:00:00.000000247,7.088189
2011-12-13 22:00:00.000000261,3.9240186
2011-12-13 22:00:00.0000004,12.724362
2011-12-13 22:00:00.00000014,11.551312
2011-12-13 22:00:00.000000151,34.52543
2011-12-13 22:00:00.00000025,6.5977716
2011-12-13 22:00:00.00000039,9.127915
2011-12-13 22:00:00.000000179,6.866537
2011-12-13 22:00:00.000000137,11.404286
2011-12-13 22:00:00.00000091,16.893135
2011-12-13 22:00:00.000000109,5.355682
2011-12-13 22:00:00.000000174,7.9910555
2011-12-13 22:00:00.000000225,17.056509
2011-12-13 22:00:00.000000207,6.157554
2011-12-13 22:00:00.000000269,26.215141
2011-12-13 22:00:00.000000234,7.427778
2011-12-13 22:00:00.00000017,5.562451
2011-12-13 22:00:00.00000046,6.6842465
2011-12-13 22:00:00.00000057,12.491905
2011-12-13 22:00:00.000000105,7.589766
2011-12-13 22:00:00.000000114,13.022812
2011-12-13 22:00:00.00000030,5.0309587
2011-12-13 22:00:00.000000100,6.2595124
2011-12-13 22:00:00.00000088,14.80986
2011-12-13 22:00:00.000000242,7.3950553
2011-12-13 22:00:00.000000113,7.4446683
2011-12-13 22:00:00.000000157,10.325297
2011-12-13 22:00:00.000000177,12.598008
2011-12-13 22:00:00.000000169,8.272096
2011-12-13 22:00:00.000000123,3.2962744
2011-12-13 22:00:00.000000182,31.773207
2011-12-13 22:00:00.000000129,7.4592323
2011-12-13 22:00:00.000000136,32.46006
2011-12-13 22:00:00.000000187,5.5915008
2011-12-13 22:00:00.000000218,8.167094
2011-12-13 22:00:00.000000167,30.001177
2011-12-13 22:00:00.000000192,8.897592
2011-12-13 22:00:00.00000024,5.969751
2011-12-13 22:00:00.00000093,10.29454
2011-12-13 22:00:00.000000260,4.4646177
2011-12-13 22:00:00.00000038,4.1214113
2011-12-13 22:00:00.000000208,6.4360466
2011-12-13 22:00:00.000000210,5.848855
2011-12-13 22:00:00.000000181,6.104496
2011-12-13 22:00:00.000000111,10.428395
2011-12-13 22:00:00.000000161,16.921932
2011-12-13 22:00:00.000000209,4.3368735
2011-12-13 22:00:00.00000029,7.4640837
2011-12-13 22:00:00.00000067,5.1437707
2011-12-13 22:00:00.000000202,4.450594
2011-12-13 22:00:00.000000245,9.460072
2011-12-13 22:00:00.000000206,8.2678175
2011-12-13 22:00:00.0000003,6.4067707
2011-12-13 22:00:00.00000060,15.71003
2011-12-13 22:00:00.00000053,4.779347
2011-12-13 22:00:00.000000201,11.160673
2011-12-13 22:00:00.000000212,9.366337
2011-12-13 22:00:00.000000235,14.840535
2011-12-13 22:00:00.000000170,24.429068
2011-12-13 22:00:00.000000253,3.9608085
2011-12-13 22:00:00.000000172,15.41142
2011-12-13 22:00:00.00000086,4.1550956
2011-12-13 22:00:00.000000223,40.010277
2011-12-13 22:00:00.0000009,10.18793
2011-12-13 22:00:00.00000031,11.364727
2011-12-13 22:00:00.000000243,10.122177
2011-12-13 22:00:00.000000133,9.860678
2011-12-13 22:00:00.000000199,8.21165
2011-12-13 22:00:00.000000104,24.991774
2011-12-13 22:00:00.00000023,51.62811
2011-12-13 22:00:00.00000075,34.115074
2011-12-13 22:00:00.000000217,6.040688
2011-12-13 22:00:00.000000220,7.830657
2011-12-13 22:00:00.000000211,4.411681
2011-12-13 22:00:00.000000150,7.929557
2011-12-13 22:00:00.00000020,5.584573
2011-12-13 22:00:00.000000254,8.601985
2011-12-13 22:00:00.000000183,8.5550585
2011-12-13 22:00:00.000000166,13.499396
2011-12-13 22:00:00.00000063,6.3975616
2011-12-13 22:00:00.000000124,4.8826914
2011-12-13 22:00:00.000000219,8.019708
2011-12-13 22:00:00.00000099,12.990482
2011-12-13 22:00:00.00000041,6.3045726
2011-12-13 22:00:00.00000080,10.429401
2011-12-13 22:00:00.000000216,25.675068
2011-12-13 22:00:00.000000240,4.5756507
2011-12-13 22:00:00.000000153,6.2057886
2011-12-13 22:00:00.00000068,4.344407
2011-12-13 22:00:00.000000263,10.362172
2011-12-13 22:00:00.00000061,13.289169
2011-12-13 22:00:00.000000162,6.058525
2011-12-13 22:00:00.00000045,5.747326
2011-12-13 22:00:00.000000193,7.992429
2011-12-13 22:00:00.000000112,27.866497
2011-12-13 22:00:00.000000165,5.5949736
2011-12-13 22:00:00.000000255,12.596118
2011-12-13 22:00:00.000000106,29.211836
2011-12-13 22:00:00.000000125,12.590783
2011-12-13 22:00:00.000000250,8.51847
2011-12-13 22:00:00.0000006,5.71014
2011-12-13 22:00:00.00000090,4.6910563
2011-12-13 22:00:00.00000055,5.532724
2011-12-13 22:00:00.000000188,9.483043
2011-12-13 22:00:00.000000259,14.16934
2011-12-13 22:00:00.000000142,14.12619
2011-12-13 22:00:00.000000155,4.8901553
2011-12-13 22:00:00.00000082,5.4003716
2011-12-13 22:00:00.00000069,6.5126715
2011-12-13 22:00:00.00000097,11.377515
2011-12-13 22:00:00.000000107,25.398796
2011-12-13 22:00:00.000000126,6.17623
2011-12-13 22:00:00.00000012,9.580574
2011-12-13 22:00:00.000000158,6.1869597
2011-12-13 22:00:00.000000196,7.1676474
2011-12-13 22:00:00.000000132,24.221151
2011-12-13 22:00:00.000000244,5.302972
2011-12-13 22:00:00.000000268,8.101325
2011-12-13 22:00:00.00000064,5.790448
2011-12-13 22:00:00.000000159,11.709936
2011-12-13 22:00:00.000000163,24.165594
2011-12-13 22:00:00.000000232,15.973703
2011-12-13 22:00:00.0000007,14.874635
2011-12-13 22:00:00.00000054,4.370307
2011-12-13 22:00:00.000000230,14.071568
2011-12-13 22:00:00.000000256,6.7084007
2011-12-13 22:00:00.000000146,6.8853946
2011-12-13 22:00:00.000000265,8.452999
2011-12-13 22:00:00.00000076,5.7503014
2011-12-13 22:00:00.00000062,20.034
2011-12-13 22:00:00.00000032,6.1542444
2011-12-13 22:00:00.000000213,4.6542273
2011-12-13 22:00:00.00000083,16.024632
2011-12-13 22:00:00.00000026,8.415059
2011-12-13 22:00:00.000000239,12.278282
2011-12-13 22:00:00.000000233,9.831663
2011-12-13 22:00:00.00000089,15.863204
2011-12-13 22:00:00.000000267,6.5324597
2011-12-13 22:00:00.000000176,7.8290844
2011-12-13 22:00:00.000000139,4.7399035
2011-12-13 22:00:00.00000027,4.6690226
2011-12-13 22:00:00.00000042,9.382262
2011-12-13 22:00:00.000000241,13.01673
2011-12-13 22:00:00.000000222,8.453574
2012-03-12 09:50:24.0000001,10.15349
2012-03-12 09:50:24.0000003,5.984225
2012-03-12 09:50:24.0000002,6.2195635
2014-05-13 07:33:52.0000006,5.376333
2014-05-13 07:33:52.0000004,6.1570683
2014-05-13 07:33:52.0000001,10.196227
2014-05-13 07:33:52.0000002,5.176294
2014-05-13 07:33:52.0000003,13.746351
2011-06-30 09:37:08.0000002,10.228397
2011-06-30 09:37:08.0000003,4.2242045
2012-09-18 17:13:40.0000002,7.421282
2012-09-18 17:13:40.0000001,6.4549403
2011-06-07 12:11:56.0000004,17.27276
2011-06-07 12:11:56.0000001,14.063307
2011-06-07 12:11:56.0000003,29.828642
2011-06-07 12:11:56.0000002,5.344664
2011-06-07 12:11:56.0000005,6.5371523
2010-05-21 23:04:44.0000002,18.668922
2010-05-21 23:04:44.0000001,15.284581
2009-01-28 16:36:28.0000002,6.574782
2009-01-28 16:36:28.0000003,49.669315
2009-01-28 16:36:28.0000005,6.145426
2009-01-28 16:36:28.0000006,9.37675
2009-01-28 16:36:28.0000001,5.233268
2012-03-12 02:58:56.0000001,13.829248
2010-07-21 22:06:12.0000005,7.777879
2010-07-21 22:06:12.0000003,5.501767
2010-07-21 22:06:12.0000001,22.829079
2010-07-21 22:06:12.0000002,10.258495
2009-04-12 16:00:56.0000001,11.461528
2013-05-24 13:37:32.0000001,8.153712
2011-07-29 20:50:36.0000001,11.375927
2011-07-29 20:50:36.0000003,23.885672
2011-07-29 20:50:36.0000002,4.642347
2014-03-05 21:07:12.0000003,12.398462
2014-03-05 21:07:12.0000004,7.421132
2009-11-28 15:07:24.0000004,46.39616
2009-11-28 15:07:24.0000001,8.374916
2009-11-28 15:07:24.0000003,4.8197885
2015-04-11 14:16:12.0000003,7.5621567
2015-04-11 14:16:12.00000010,5.1256003
2015-04-11 14:16:12.00000011,6.8023806
2015-04-11 14:16:12.0000001,7.638836
2015-04-11 14:16:12.0000002,7.0084686
2015-04-11 14:16:12.0000006,57.8373
2015-04-11 14:16:12.0000007,5.790021
2015-04-11 14:16:12.0000008,9.155035
2014-11-15 10:57:20.0000002,4.4712067
2014-11-15 10:57:20.0000001,8.122655
2010-07-31 15:47:28.0000001,4.383168
2014-05-12 20:56:48.0000005,6.085347
2014-05-12 20:56:48.0000001,7.38299
2014-05-12 20:56:48.0000004,6.4110084
2014-05-12 20:56:48.0000003,7.9087257
2014-05-12 20:56:48.0000002,10.552193
2014-01-16 06:00:48.0000001,10.759724
2014-04-23 11:18:40.0000003,11.222305
2014-04-23 11:18:40.0000002,7.5676823
2014-04-23 11:18:40.0000001,10.512696
2011-09-22 04:49:56.0000001,37.039806
2011-10-28 07:35:52.0000003,6.0623574
2011-10-28 07:35:52.0000002,11.506791
2011-10-28 07:35:52.0000001,6.4006224
2015-05-10 19:54:00.0000001,8.901952
2015-05-10 19:54:00.0000003,6.7108274
2015-05-10 19:54:00.0000005,10.320828
2015-05-10 19:54:00.0000004,10.516905
2011-03-28 23:18:48.0000001,10.065209
2014-08-26 01:31:04.0000001,27.065443
2015-02-26 15:55:48.0000004,13.921916
2015-02-26 15:55:48.0000003,8.323021
2015-02-26 15:55:48.0000002,6.598672
2013-11-22 15:36:36.0000002,4.113233
2010-02-13 11:03:04.0000002,5.27963
2010-02-13 11:03:04.0000001,4.8838353
2010-02-13 11:03:04.0000004,5.5587254
2010-02-13 11:03:04.0000003,5.6934495
2011-06-26 18:48:08.0000004,7.441777
2011-06-26 18:48:08.0000005,15.994275
2011-06-26 18:48:08.0000002,4.292461
2011-06-26 18:48:08.0000001,7.6872354
2010-10-14 23:48:56.0000001,5.1466637
2010-10-14 23:48:56.0000002,45.227703
2010-10-14 23:48:56.0000003,11.238878
2010-10-14 23:48:56.0000004,6.106534
2011-01-22 07:48:28.0000001,8.448352
2011-10-17 18:49:20.0000003,14.8523655
2011-10-17 18:49:20.0000002,6.940301
2011-10-17 18:49:20.0000005,9.167927
2009-03-24 16:39:12.0000002,8.28321
2009-03-24 16:39:12.0000004,7.211168
2009-03-24 16:39:12.0000003,10.368385
2009-03-24 16:39:12.0000001,5.6988015
2014-07-21 18:19:00.000000102,8.956832
2014-07-21 18:19:00.000000106,10.257441
2014-07-21 18:19:00.000000107,5.2860146
2014-07-21 18:19:00.00000094,35.054424
2014-07-21 18:19:00.000000161,7.642178
2014-07-21 18:19:00.000000129,15.389731
2014-07-21 18:19:00.00000083,4.7305546
2014-07-21 18:19:00.000000163,15.939721
2014-07-21 18:19:00.000000117,12.254551
2014-07-21 18:19:00.00000028,4.763899
2014-07-21 18:19:00.00000089,12.891181
2014-07-21 18:19:00.000000130,6.214491
2014-07-21 18:19:00.000000105,8.010644
2014-07-21 18:19:00.000000123,16.161028
2014-07-21 18:19:00.000000103,51.422424
2014-07-21 18:19:00.000000227,4.9870715
2014-07-21 18:19:00.000000189,9.048668
2014-07-21 18:19:00.000000168,8.336037
2014-07-21 18:19:00.000000173,11.755242
2014-07-21 18:19:00.000000128,15.235159
2014-07-21 18:19:00.000000143,27.052328
2014-07-21 18:19:00.00000018,19.971128
2014-07-21 18:19:00.00000049,10.985627
2014-07-21 18:19:00.00000022,7.6500597
2014-07-21 18:19:00.000000200,5.637933
2014-07-21 18:19:00.000000193,9.967661
2014-07-21 18:19:00.000000231,8.898386
2014-07-21 18:19:00.000000202,11.236968
2014-07-21 18:19:00.00000092,32.893864
2014-07-21 18:19:00.000000148,6.5418186
2014-07-21 18:19:00.00000057,4.434202
2014-07-21 18:19:00.00000074,7.5091014
2014-07-21 18:19:00.000000183,13.887547
2014-07-21 18:19:00.000000221,-5.0171256
2014-07-21 18:19:00.00000078,8.440478
2014-07-21 18:19:00.00000058,6.219914
2014-07-21 18:19:00.000000214,6.586592
2014-07-21 18:19:00.000000122,9.911581
2014-07-21 18:19:00.000000137,3.6582081
2014-07-21 18:19:00.00000027,7.573629
2014-07-21 18:19:00.00000047,18.650543
2014-07-21 18:19:00.00000061,9.240204
2014-07-21 18:19:00.000000196,9.231309
2014-07-21 18:19:00.000000125,16.302448
2014-07-21 18:19:00.000000126,18.143644
2014-07-21 18:19:00.000000145,4.1048822
2014-07-21 18:19:00.00000080,14.471694
2014-07-21 18:19:00.00000055,9.030458
2014-07-21 18:19:00.00000066,10.712173
2014-07-21 18:19:00.000000111,5.117107
2014-07-21 18:19:00.00000042,7.2836623
2014-07-21 18:19:00.000000215,5.077389
2014-07-21 18:19:00.00000043,29.290684
2014-07-21 18:19:00.000000119,18.766743
2014-07-21 18:19:00.000000115,13.185818
2014-07-21 18:19:00.0000009,10.579125
2014-07-21 18:19:00.00000075,9.557537
2014-07-21 18:19:00.000000118,3.82703
2014-07-21 18:19:00.00000038,18.01124
2014-07-21 18:19:00.000000124,10.099272
2014-07-21 18:19:00.000000242,6.9872227
2014-07-21 18:19:00.00000019,7.510814
2014-07-21 18:19:00.00000056,12.205543
2014-07-21 18:19:00.000000239,6.936209
2014-07-21 18:19:00.000000101,10.01066
2014-07-21 18:19:00.000000216,46.804604
2014-07-21 18:19:00.000000198,5.958839
2014-07-21 18:19:00.000000174,39.141273
2014-07-21 18:19:00.00000070,7.0760336
2014-07-21 18:19:00.0000004,11.683339
2014-07-21 18:19:00.000000135,6.6805053
2014-07-21 18:19:00.000000165,7.9805713
2014-07-21 18:19:00.00000010,12.78065
2014-07-21 18:19:00.000000211,7.9037447
2014-07-21 18:19:00.000000190,9.466773
2014-07-21 18:19:00.00000021,6.30381
2014-07-21 18:19:00.000000204,6.1558104
2014-07-21 18:19:00.000000112,6.412224
2014-07-21 18:19:00.000000169,19.660305
2014-07-21 18:19:00.000000226,8.538675
2014-07-21 18:19:00.000000109,5.839934
2014-07-21 18:19:00.000000113,18.811468
2014-07-21 18:19:00.000000127,18.30898
2014-07-21 18:19:00.000000182,12.685112
2014-07-21 18:19:00.00000036,9.013569
2014-07-21 18:19:00.000000220,3.9367428
2014-07-21 18:19:00.000000121,7.541235
2014-07-21 18:19:00.00000050,9.837483
2014-07-21 18:19:00.000000178,5.7084036
2014-07-21 18:19:00.000000166,7.9200706
2014-07-21 18:19:00.000000224,6.9288
2014-07-21 18:19:00.000000134,6.315999
2014-07-21 18:19:00.000000195,14.296477
2014-07-21 18:19:00.00000015,40.775528
2014-07-21 18:19:00.0000005,53.15964
2014-07-21 18:19:00.000000120,15.241303
2014-07-21 18:19:00.000000133,6.5652246
2014-07-21 18:19:00.00000044,7.9771113
2014-07-21 18:19:00.000000233,7.2713795
2014-07-21 18:19:00.00000063,12.164797
2014-07-21 18:19:00.000000167,8.246334
2014-07-21 18:19:00.000000208,8.31529
2014-07-21 18:19:00.00000030,10.084229
2014-07-21 18:19:00.00000098,6.108269
2014-07-21 18:19:00.000000179,7.9500675
2014-07-21 18:19:00.000000219,4.448022
2014-07-21 18:19:00.0000006,4.3780065
2014-07-21 18:19:00.0000008,14.105725
2014-07-21 18:19:00.00000031,24.390373
2014-07-21 18:19:00.000000225,5.510259
2014-07-21 18:19:00.000000235,8.655805
2014-07-21 18:19:00.000000104,10.612008
2014-07-21 18:19:00.00000011,4.0048532
2014-07-21 18:19:00.00000026,4.649582
2014-07-21 18:19:00.000000228,6.6831145
2014-07-21 18:19:00.000000154,8.313591
2014-07-21 18:19:00.000000240,5.292534
2014-07-21 18:19:00.00000069,11.104636
2014-07-21 18:19:00.000000210,9.179348
2014-07-21 18:19:00.00000097,26.680387
2014-07-21 18:19:00.000000136,7.567892
2014-07-21 18:19:00.000000150,9.473083
2014-07-21 18:19:00.00000060,3.3393438
2014-07-21 18:19:00.00000073,5.358163
2014-07-21 18:19:00.000000177,20.80864
2014-07-21 18:19:00.000000222,8.506864
2014-07-21 18:19:00.0000003,18.342001
2014-07-21 18:19:00.00000012,4.771178
2014-07-21 18:19:00.000000139,6.3124876
2014-07-21 18:19:00.000000194,10.38331
2014-07-21 18:19:00.00000014,10.103718
2014-07-21 18:19:00.00000051,6.741941
2014-07-21 18:19:00.000000218,5.4530535
2014-07-21 18:19:00.000000181,6.887967
2014-07-21 18:19:00.000000114,15.50402
2014-07-21 18:19:00.00000072,7.669627
2014-07-21 18:19:00.000000213,6.804707
2014-07-21 18:19:00.00000064,4.6336474
2012-12-07 16:13:08.0000001,16.04282
2011-06-13 09:55:04.0000005,9.105905
2011-06-13 09:55:04.0000004,5.7922835
2011-06-13 09:55:04.0000001,9.686686
2014-12-27 22:31:56.0000002,13.200055
2014-11-24 09:50:20.0000001,5.0343947
2014-11-24 09:50:20.0000002,20.887121
2015-02-17 12:29:52.0000003,7.6415873
2015-02-17 12:29:52.0000002,10.069511
2015-02-17 12:29:52.0000004,16.68346
2015-02-17 12:29:52.0000001,4.9461064
2010-02-21 21:57:20.0000001,9.918691
2010-02-21 21:57:20.0000002,4.6561856
2010-09-20 16:48:00.000000101,10.56931
2010-09-20 16:48:00.000000140,4.7341976
2010-09-20 16:48:00.00000052,7.83925
2010-09-20 16:48:00.00000038,11.54367
2010-09-20 16:48:00.000000135,8.591003
2010-09-20 16:48:00.000000145,8.910243
2010-09-20 16:48:00.00000090,10.783109
2010-09-20 16:48:00.00000088,25.359539
2010-09-20 16:48:00.000000161,16.790453
2010-09-20 16:48:00.000000160,10.376271
2010-09-20 16:48:00.00000012,7.4291887
2010-09-20 16:48:00.00000028,43.943993
2010-09-20 16:48:00.000000117,19.175117
2010-09-20 16:48:00.00000018,6.7676206
2010-09-20 16:48:00.00000059,5.880501
2010-09-20 16:48:00.00000061,6.0270557
2010-09-20 16:48:00.00000037,7.4435854
2010-09-20 16:48:00.000000133,11.284626
2010-09-20 16:48:00.000000141,12.752308
2010-09-20 16:48:00.000000113,25.182556
2010-09-20 16:48:00.00000067,16.19745
2010-09-20 16:48:00.00000066,22.035427
2010-09-20 16:48:00.000000128,10.956047
2010-09-20 16:48:00.000000109,9.367269
2010-09-20 16:48:00.000000167,28.649317
2010-09-20 16:48:00.00000065,6.5639844
2010-09-20 16:48:00.000000157,39.049618
2010-09-20 16:48:00.00000045,11.888745
2010-09-20 16:48:00.00000054,8.962744
2010-09-20 16:48:00.00000076,7.2300406
2010-09-20 16:48:00.000000125,14.50166
2010-09-20 16:48:00.00000031,20.47975
2010-09-20 16:48:00.000000105,10.03969
2010-09-20 16:48:00.00000017,8.90897
2010-09-20 16:48:00.000000127,6.930796
2010-09-20 16:48:00.000000149,43.33936
2010-09-20 16:48:00.00000039,26.29217
2010-09-20 16:48:00.00000095,38.524143
2010-09-20 16:48:00.00000062,9.085977
2010-09-20 16:48:00.00000029,9.6905985
2010-09-20 16:48:00.000000155,24.398968
2010-09-20 16:48:00.000000123,7.74801
2010-09-20 16:48:00.00000020,8.065615
2010-09-20 16:48:00.0000003,9.444542
2010-09-20 16:48:00.000000102,7.1255703
2010-09-20 16:48:00.00000096,9.704588
2010-09-20 16:48:00.00000087,8.631706
2010-09-20 16:48:00.00000063,21.237804
2010-09-20 16:48:00.00000078,10.905262
2010-09-20 16:48:00.00000049,6.160003
2010-09-20 16:48:00.000000115,17.629725
2010-09-20 16:48:00.00000080,9.671114
2010-09-20 16:48:00.00000046,16.606588
2010-09-20 16:48:00.00000048,9.187683
2010-09-20 16:48:00.00000033,23.843842
2010-09-20 16:48:00.000000136,7.303014
2010-09-20 16:48:00.00000032,15.44845
2010-09-20 16:48:00.00000082,16.040062
2010-09-20 16:48:00.00000091,11.0402775
2010-09-20 16:48:00.00000051,30.790663
2010-09-20 16:48:00.000000107,9.737771
2010-09-20 16:48:00.000000150,7.218594
2010-09-20 16:48:00.00000070,7.9457064
2010-09-20 16:48:00.000000165,27.362003
2010-09-20 16:48:00.00000097,24.608782
2010-09-20 16:48:00.00000075,8.204419
2010-09-20 16:48:00.000000164,11.550514
2010-09-20 16:48:00.000000162,5.775791
2010-09-20 16:48:00.00000026,7.4728184
2010-09-20 16:48:00.000000126,9.695222
2010-09-20 16:48:00.00000077,12.847698
2010-09-20 16:48:00.000000138,6.7200556
2010-09-20 16:48:00.000000118,16.043047
2010-09-20 16:48:00.00000011,9.859199
2010-09-20 16:48:00.00000073,17.081535
2010-09-20 16:48:00.000000120,10.325984
2010-09-20 16:48:00.00000034,21.258871
2010-09-20 16:48:00.00000057,8.734465
2010-09-20 16:48:00.00000044,13.772521
2010-09-20 16:48:00.00000079,6.993095
2010-09-20 16:48:00.00000013,12.491653
2010-09-20 16:48:00.00000060,7.2828393
2010-09-20 16:48:00.00000098,17.115034
2010-09-20 16:48:00.00000022,7.4178367
2010-09-20 16:48:00.00000043,11.191404
2010-09-20 16:48:00.000000130,6.9289274
2010-09-20 16:48:00.00000094,12.699577
2010-09-20 16:48:00.000000153,11.387544
2010-09-20 16:48:00.0000009,15.211684
2010-09-20 16:48:00.000000119,8.770001
2010-09-20 16:48:00.00000089,15.313706
2010-09-20 16:48:00.00000053,11.538228
2010-09-20 16:48:00.00000014,10.513895
2010-09-20 16:48:00.00000093,13.487358
2010-09-20 16:48:00.000000144,7.8357377
2010-09-20 16:48:00.00000030,15.223171
2010-09-20 16:48:00.000000147,24.278679
2010-09-20 16:48:00.000000108,23.279303
2010-09-20 16:48:00.00000064,9.143564
2010-09-20 16:48:00.00000010,10.18856
2010-09-20 16:48:00.00000042,10.664146
2012-04-01 22:22:28.0000001,2.7852855
2012-03-05 09:19:32.0000001,6.8493853
2012-03-05 09:19:32.0000002,6.084705
2012-03-05 09:19:32.0000005,13.264749
2012-03-05 09:19:32.0000003,10.803458
2012-03-05 09:19:32.0000004,5.3581753
2012-08-20 14:47:36.0000003,6.716455
2012-08-20 14:47:36.0000004,34.736343
2011-12-01 01:36:08.0000002,5.489737
2013-06-21 11:33:28.0000002,7.2800417
2013-06-21 11:33:28.0000004,8.423942
2013-06-21 11:33:28.0000001,5.6106763
2013-06-21 11:33:28.0000003,15.667384
2013-04-10 11:33:28.0000001,17.475973
2013-04-10 11:33:28.0000002,12.039453
2014-03-29 14:59:28.0000003,1.7745187
2014-03-29 14:59:28.0000002,8.3364315
2010-04-05 06:01:24.0000001,5.9750514
2014-12-01 00:12:44.0000001,28.878803
2012-08-01 18:54:24.0000001,9.696443
2012-08-01 18:54:24.0000002,6.9681115
2012-08-01 18:54:24.0000003,5.7439904
2013-07-13 18:28:20.0000005,7.86636
2013-07-13 18:28:20.0000001,5.7960052
2013-07-13 18:28:20.0000002,8.824662
2013-07-13 18:28:20.0000004,8.18562
2014-03-06 04:23:32.0000001,9.577312
2014-10-07 19:04:08.0000002,17.381302
2014-10-07 19:04:08.0000005,9.944291
2014-10-07 19:04:08.0000006,16.021544
2014-10-07 19:04:08.0000004,5.720981
2013-08-21 09:32:24.0000002,13.225638
2013-08-21 09:32:24.0000004,12.734453
2013-08-21 09:32:24.0000003,7.759161
2015-01-26 07:13:44.0000006,7.718131
2015-01-26 07:13:44.0000002,8.231519
2015-01-26 07:13:44.0000004,8.414544
2015-01-26 07:13:44.0000003,12.178552
2009-03-16 09:55:24.0000003,6.574775
2009-03-16 09:55:24.0000005,5.446617
2009-03-16 09:55:24.0000004,9.274269
2009-03-16 09:55:24.0000006,6.0598216
2009-03-16 09:55:24.0000002,4.2848673
2011-03-06 21:01:00.000000150,5.637941
2011-03-06 21:01:00.00000026,3.690804
2011-03-06 21:01:00.000000148,3.380047
2011-03-06 21:01:00.00000088,4.713102
2011-03-06 21:01:00.00000098,5.101406
2011-03-06 21:01:00.00000054,11.673612
2011-03-06 21:01:00.000000101,10.680157
2011-03-06 21:01:00.000000175,7.441056
2011-03-06 21:01:00.00000029,8.398799
2011-03-06 21:01:00.000000106,3.7496674
2011-03-06 21:01:00.00000099,5.7427526
2011-03-06 21:01:00.000000158,8.927519
2011-03-06 21:01:00.000000130,6.1787543
2011-03-06 21:01:00.00000027,4.2596664
2011-03-06 21:01:00.00000032,17.910828
2011-03-06 21:01:00.000000111,13.450587
2011-03-06 21:01:00.00000024,12.257138
2011-03-06 21:01:00.000000118,8.608797
2011-03-06 21:01:00.00000016,7.6979074
2011-03-06 21:01:00.00000066,10.032057
2011-03-06 21:01:00.000000133,12.02475
2011-03-06 21:01:00.00000070,5.024343
2011-03-06 21:01:00.000000104,5.5787354
2011-03-06 21:01:00.00000076,7.503865
2011-03-06 21:01:00.000000141,6.3916216
2011-03-06 21:01:00.000000145,5.782436
2011-03-06 21:01:00.000000143,6.5398326
2011-03-06 21:01:00.00000092,5.5549417
2011-03-06 21:01:00.00000080,5.29792
2011-03-06 21:01:00.00000015,27.020086
2011-03-06 21:01:00.000000153,16.750492
2011-03-06 21:01:00.00000093,10.444476
2011-03-06 21:01:00.000000162,26.707245
2011-03-06 21:01:00.00000062,6.8522496
2011-03-06 21:01:00.000000129,13.237759
2011-03-06 21:01:00.000000107,17.483925
2011-03-06 21:01:00.00000045,4.510351
2011-03-06 21:01:00.000000115,11.301472
2011-03-06 21:01:00.0000002,4.1891556
2011-03-06 21:01:00.00000044,8.013751
2011-03-06 21:01:00.000000167,6.886717
2011-03-06 21:01:00.000000169,4.673146
2011-03-06 21:01:00.00000067,46.381813
2011-03-06 21:01:00.0000007,6.394263
2011-03-06 21:01:00.000000135,46.529057
2011-03-06 21:01:00.000000128,10.721254
2011-03-06 21:01:00.0000004,7.258608
2011-03-06 21:01:00.00000010,7.565147
2011-03-06 21:01:00.000000151,10.585213
2011-03-06 21:01:00.00000055,9.571746
2011-03-06 21:01:00.00000095,7.853563
2011-03-06 21:01:00.000000102,8.52385
2011-03-06 21:01:00.00000034,7.997716
2011-03-06 21:01:00.000000108,3.7271411
2011-03-06 21:01:00.00000012,4.3784094
2011-03-06 21:01:00.00000085,4.2751856
2011-03-06 21:01:00.0000001,11.703368
2011-03-06 21:01:00.00000035,4.9591756
2011-03-06 21:01:00.00000097,12.841388
2011-03-06 21:01:00.000000105,6.1585693
2011-03-06 21:01:00.00000020,10.915521
2011-03-06 21:01:00.000000114,8.510535
2011-03-06 21:01:00.00000038,3.9954932
2011-03-06 21:01:00.0000006,8.221549
2011-03-06 21:01:00.00000086,7.1668043
2011-03-06 21:01:00.00000049,6.0918794
2011-03-06 21:01:00.000000147,6.5291867
2011-03-06 21:01:00.00000040,4.2160525
2011-03-06 21:01:00.00000064,6.053855
2011-03-06 21:01:00.00000061,8.676289
2011-03-06 21:01:00.0000005,7.2311873
2011-03-06 21:01:00.0000009,6.1681542
2011-03-06 21:01:00.00000042,4.611966
2011-03-06 21:01:00.00000022,28.289326
2011-03-06 21:01:00.00000021,16.206905
2011-03-06 21:01:00.00000094,5.101199
2011-03-06 21:01:00.000000156,9.001368
2011-03-06 21:01:00.00000072,5.897011
2011-03-06 21:01:00.00000031,12.5319805
2011-03-06 21:01:00.00000089,5.719291
2011-03-06 21:01:00.00000023,9.11807
2011-03-06 21:01:00.00000046,5.5458436
2011-03-06 21:01:00.00000087,6.058052
2011-03-06 21:01:00.00000053,13.4880705
2011-03-06 21:01:00.0000008,3.7799895
2011-03-06 21:01:00.000000157,4.8499913
2011-03-06 21:01:00.00000077,12.096743
2011-03-06 21:01:00.00000073,10.018498
2011-03-06 21:01:00.00000047,2.8207903
2011-03-06 21:01:00.000000172,6.0503325
2011-03-06 21:01:00.00000084,8.127138
2011-03-06 21:01:00.000000122,13.0591345
2011-03-06 21:01:00.000000154,16.426493
2011-03-06 21:01:00.000000136,10.525511
2011-03-06 21:01:00.00000075,3.7558768
2011-03-06 21:01:00.00000014,4.9885664
2009-09-04 20:52:28.0000002,5.820853
2009-09-04 20:52:28.0000003,5.3847265
2009-09-04 20:52:28.0000004,5.6524873
2009-09-04 20:52:28.0000001,4.5973086
2013-09-25 05:52:12.0000002,10.348553
2013-09-25 05:52:12.0000001,32.707886
2010-04-16 10:32:24.0000002,7.01181
2010-04-16 10:32:24.0000001,32.58489
2011-10-12 07:24:40.0000001,8.211676
2011-10-12 07:24:40.0000003,7.371164
2011-10-12 07:24:40.0000002,26.23401
2010-06-13 13:34:56.0000001,7.394206
2011-11-20 02:39:04.0000002,17.16699
2011-11-20 02:39:04.0000001,4.7787466
2010-12-13 06:42:16.0000002,4.288496
2010-12-13 06:42:16.0000001,10.24064
2009-11-24 08:58:48.0000003,8.208834
2009-11-24 08:58:48.0000001,3.6109147
2009-11-24 08:58:48.0000006,0.9400869
2009-11-24 08:58:48.0000002,9.334602
2009-11-24 08:58:48.0000005,8.972777
2009-11-24 08:58:48.0000007,8.800701
2014-09-22 07:14:16.0000002,14.750623
2011-05-30 09:32:56.0000001,6.905934
2012-09-21 05:41:36.0000001,29.289364
2010-11-22 19:30:04.0000002,8.319556
2010-11-22 19:30:04.0000001,8.624433
2010-10-05 02:09:00.0000005,5.8839126
2010-10-05 02:09:00.0000006,20.81987
2010-10-05 02:09:00.0000007,9.87843
2010-10-05 02:09:00.00000018,21.448414
2010-10-05 02:09:00.00000011,19.594486
2010-10-05 02:09:00.00000023,9.35629
2010-10-05 02:09:00.00000012,8.663182
2010-10-05 02:09:00.00000022,4.5589128
2010-10-05 02:09:00.00000013,18.467833
2010-10-05 02:09:00.0000003,23.050013
2010-10-05 02:09:00.00000010,3.7093678
2010-10-05 02:09:00.0000001,7.742046
2010-10-05 02:09:00.00000021,5.816603
2010-10-05 02:09:00.0000008,13.063798
2010-10-05 02:09:00.00000027,6.4102573
2010-10-05 02:09:00.0000002,16.619627
2010-10-05 02:09:00.00000015,5.155849
2014-08-23 16:30:24.0000002,7.902109
2014-08-23 16:30:24.0000001,6.335671
2012-03-15 08:17:36.0000001,8.938766
2012-03-15 08:17:36.0000002,5.1745205
2012-03-15 08:17:36.0000005,19.921713
2012-03-15 08:17:36.0000004,19.0246
2012-03-15 08:17:36.0000003,5.3440614
2013-10-04 02:53:20.0000001,5.7742767
2013-10-04 02:53:20.0000002,7.945756
2009-03-28 15:09:20.0000001,8.955879
2009-03-28 15:09:20.0000003,16.582884
2009-03-28 15:09:20.0000002,12.848684
2012-01-25 22:43:44.0000003,8.67271
2012-01-25 22:43:44.0000004,7.9708076
2012-01-25 22:43:44.0000002,4.8012238
2012-01-25 22:43:44.0000001,15.2625885
2011-07-21 07:51:32.0000002,5.6275344
2011-07-21 07:51:32.0000003,9.483985
2011-07-21 07:51:32.0000001,5.4122653
2010-12-01 22:04:52.0000001,7.9229393
2013-06-23 02:54:32.0000003,7.9058056
2013-06-23 02:54:32.0000002,6.745815
2014-03-24 22:36:24.0000004,8.772915
2014-03-24 22:36:24.0000002,8.0931225
2014-03-24 22:36:24.0000001,5.20927
2014-03-24 22:36:24.0000003,7.330085
2013-09-13 01:54:20.0000001,6.819881
2013-10-14 18:30:36.0000003,16.561787
2013-10-14 18:30:36.0000002,7.9633684
2013-10-14 18:30:36.0000004,13.652227
2013-10-14 18:30:36.0000001,4.374795
2013-11-18 15:07:28.0000006,9.257431
2013-11-18 15:07:28.0000004,54.621826
2013-11-18 15:07:28.0000001,5.484492
2013-11-18 15:07:28.0000005,6.6256723
2013-11-18 15:07:28.0000002,7.0072284
2011-02-20 23:35:12.0000001,6.785578
2011-02-20 23:35:12.0000004,10.113993
2011-02-20 23:35:12.0000005,20.148542
2011-02-20 23:35:12.0000003,11.885625
2011-02-20 23:35:12.0000002,13.380593
2010-02-06 19:59:16.0000001,11.448114
2012-03-10 02:36:04.0000003,7.8219934
2012-03-10 02:36:04.0000002,10.553724
2012-03-10 02:36:04.0000001,6.5365705
2014-04-13 17:35:52.0000002,6.4844465
2010-04-04 21:59:56.0000002,6.2407265
2010-04-04 21:59:56.0000001,11.094529
2010-04-04 21:59:56.0000003,8.620701
2010-04-04 21:59:56.0000004,5.546652
2013-03-23 04:51:12.0000001,14.648609
2010-06-29 00:22:24.0000002,46.38902
2010-06-29 00:22:24.0000001,4.337194
2011-10-17 12:37:56.0000002,5.7302613
2011-10-17 12:37:56.0000001,6.1450973
2012-01-30 19:07:52.0000003,9.710502
2012-01-30 19:07:52.0000002,7.10562
2012-01-30 19:07:52.0000004,9.834336
2012-01-30 19:07:52.0000001,5.2957587
2012-01-30 19:07:52.0000005,9.084946
2011-05-30 01:44:40.0000001,8.568724
2011-05-30 01:44:40.0000002,5.8807583
2011-02-08 01:04:08.0000001,8.842938
2012-05-23 16:25:16.0000002,7.095742
2011-09-20 18:02:28.0000001,7.866359
2009-10-08 10:04:36.0000001,35.711468
2009-10-08 10:04:36.0000003,9.919863
2009-10-08 10:04:36.0000002,26.239697
2010-07-02 22:03:04.0000002,13.566477
2010-07-02 22:03:04.0000001,11.630367
2012-05-03 14:11:36.0000002,6.493767
2012-05-03 14:11:36.0000005,10.086941
2012-05-03 14:11:36.0000004,27.746264
2012-05-03 14:11:36.0000003,15.380595
2012-05-03 14:11:36.0000001,6.270571
2013-04-04 16:31:56.0000001,15.298436
2013-04-04 16:31:56.0000002,7.815761
2009-12-02 15:59:56.0000001,33.217194
2009-12-02 15:59:56.0000002,6.9051456
2010-01-03 02:03:40.0000002,7.3474946
2010-01-03 02:03:40.0000003,4.8623476
2011-08-21 10:54:24.0000003,7.315424
2011-08-21 10:54:24.0000002,64.55957
2011-08-21 10:54:24.0000001,15.032427
2011-01-30 14:38:24.0000003,6.3975434
2011-01-30 14:38:24.0000002,15.258112
2011-04-16 21:23:16.0000004,17.565964
2011-04-16 21:23:16.0000002,10.484045
2011-04-16 21:23:16.0000006,4.9756875
2013-10-05 19:51:04.0000006,7.476139
2013-10-05 19:51:04.0000005,15.050141
2013-10-05 19:51:04.0000003,17.07361
2013-10-05 19:51:04.0000002,14.5456085
2014-10-31 08:17:44.0000002,9.106196
2014-10-31 08:17:44.0000004,8.42784
2014-10-31 08:17:44.0000005,9.274752
2014-10-31 08:17:44.0000001,8.576304
2014-10-31 08:17:44.0000003,21.753393
2009-05-31 21:24:56.0000001,12.333108
2014-06-04 01:50:40.0000001,17.700108
2009-07-14 17:59:12.0000001,6.0929885
2009-07-14 17:59:12.0000003,5.0766196
2012-12-05 16:33:52.0000002,20.124983
2012-12-05 16:33:52.0000001,39.640762
2009-12-18 12:37:04.0000005,8.537848
2009-12-18 12:37:04.0000001,9.767072
2009-12-18 12:37:04.0000006,10.87282
2009-12-18 12:37:04.0000004,9.77255
2009-12-18 12:37:04.0000007,11.272753
2009-12-18 12:37:04.0000002,10.351189
2012-11-21 15:12:48.0000001,6.340843
2011-05-03 07:01:40.0000001,13.165176
2011-05-03 07:01:40.0000002,5.6707673
2011-05-03 07:01:40.0000003,6.0972657
2010-09-21 06:27:32.0000002,18.506178
2010-09-21 06:27:32.0000001,8.164749
2011-10-07 22:08:20.0000003,3.4740262
2011-10-07 22:08:20.0000006,9.932764
2009-02-08 08:48:20.0000001,4.574449
2013-09-24 21:16:40.0000006,9.235855
2013-09-24 21:16:40.0000003,9.323697
2013-09-24 21:16:40.0000001,11.022298
2013-09-24 21:16:40.0000007,13.896871
2013-09-24 21:16:40.0000002,13.089293
2013-09-24 21:16:40.0000004,11.638928
2012-03-14 19:10:48.0000005,13.551271
2012-03-14 19:10:48.0000008,4.910253
2012-03-14 19:10:48.0000002,10.356242
2012-03-14 19:10:48.0000004,5.760341
2012-03-14 19:10:48.0000001,5.5526857
2012-03-14 19:10:48.0000009,7.2514915
2012-03-14 19:10:48.0000006,12.232854
2009-11-12 11:01:20.0000001,7.1029873
2009-11-12 11:01:20.0000002,4.3262916
2009-06-21 04:28:48.0000002,12.944776
2009-06-21 04:28:48.0000003,12.661892
2014-01-25 12:36:52.0000002,9.888401
2014-01-25 12:36:52.0000001,8.589751
2012-12-27 13:23:48.0000001,11.589442
2011-06-28 16:09:44.0000001,5.9472466
2010-12-01 08:35:20.0000001,10.199597
2012-11-19 12:40:40.0000005,5.9569306
2012-11-19 12:40:40.0000001,7.016037
2012-11-19 12:40:40.0000002,8.074331
2012-11-19 12:40:40.0000003,12.770339
2012-11-19 12:40:40.0000004,45.641388
2009-07-13 17:58:04.0000001,10.133988
2009-07-13 17:58:04.0000003,5.7827554
2009-07-13 17:58:04.0000002,8.072083
2011-06-25 11:42:36.0000003,4.409846
2011-06-25 11:42:36.0000002,24.810452
2012-01-26 07:33:00.000000128,11.263017
2012-01-26 07:33:00.00000032,8.349846
2012-01-26 07:33:00.000000163,5.9382
2012-01-26 07:33:00.000000155,7.256578
2012-01-26 07:33:00.000000153,8.1991625
2012-01-26 07:33:00.00000049,5.889041
2012-01-26 07:33:00.00000095,4.300858
2012-01-26 07:33:00.000000158,16.225113
2012-01-26 07:33:00.00000050,6.3929405
2012-01-26 07:33:00.00000015,6.3970203
2012-01-26 07:33:00.00000062,8.953902
2012-01-26 07:33:00.00000037,15.28363
2012-01-26 07:33:00.00000069,11.291755
2012-01-26 07:33:00.000000142,4.511936
2012-01-26 07:33:00.000000150,5.320988
2012-01-26 07:33:00.000000147,8.055716
2012-01-26 07:33:00.000000125,7.883341
2012-01-26 07:33:00.000000124,29.01836
2012-01-26 07:33:00.000000129,6.193033
2012-01-26 07:33:00.00000033,11.054255
2012-01-26 07:33:00.0000004,27.259275
2012-01-26 07:33:00.00000029,10.087757
2012-01-26 07:33:00.000000113,5.903169
2012-01-26 07:33:00.00000017,12.567067
2012-01-26 07:33:00.00000067,8.935365
2012-01-26 07:33:00.000000141,28.46989
2012-01-26 07:33:00.00000036,10.954098
2012-01-26 07:33:00.000000162,21.363508
2012-01-26 07:33:00.000000118,11.143301
2012-01-26 07:33:00.000000154,25.418736
2012-01-26 07:33:00.000000143,9.681586
2012-01-26 07:33:00.00000083,7.7998285
2012-01-26 07:33:00.000000191,7.6735435
2012-01-26 07:33:00.000000140,8.812662
2012-01-26 07:33:00.00000086,4.9314585
2012-01-26 07:33:00.0000002,9.223102
2012-01-26 07:33:00.000000170,7.54013
2012-01-26 07:33:00.00000010,6.125698
2012-01-26 07:33:00.00000053,7.1656003
2012-01-26 07:33:00.000000102,10.605354
2012-01-26 07:33:00.00000055,5.9597178
2012-01-26 07:33:00.0000007,9.652722
2012-01-26 07:33:00.00000013,6.286328
2012-01-26 07:33:00.000000165,30.97698
2012-01-26 07:33:00.00000026,4.2688923
2012-01-26 07:33:00.000000137,5.54009
2012-01-26 07:33:00.00000048,10.296226
2012-01-26 07:33:00.00000059,9.261882
2012-01-26 07:33:00.000000132,8.438693
2012-01-26 07:33:00.00000096,11.981582
2012-01-26 07:33:00.000000190,4.401716
2012-01-26 07:33:00.000000156,8.480068
2012-01-26 07:33:00.00000075,8.831489
2012-01-26 07:33:00.00000084,6.113436
2012-01-26 07:33:00.0000006,4.4014053
2012-01-26 07:33:00.00000021,7.968976
2012-01-26 07:33:00.0000001,12.149456
2012-01-26 07:33:00.0000005,4.9970136
2012-01-26 07:33:00.00000034,5.515745
2012-01-26 07:33:00.000000117,4.096273
2012-01-26 07:33:00.000000106,10.5844
2012-01-26 07:33:00.00000077,8.165795
2012-01-26 07:33:00.00000045,5.926538
2012-01-26 07:33:00.000000116,10.095698
2012-01-26 07:33:00.0000009,23.597834
2012-01-26 07:33:00.000000146,4.679006
2012-01-26 07:33:00.00000027,22.940912
2012-01-26 07:33:00.000000127,6.7064877
2012-01-26 07:33:00.000000172,5.101689
2012-01-26 07:33:00.00000074,4.188674
2012-01-26 07:33:00.00000014,21.43287
2012-01-26 07:33:00.000000108,7.9115386
2012-01-26 07:33:00.000000109,13.751036
2012-01-26 07:33:00.000000152,6.456381
2012-01-26 07:33:00.00000047,6.003252
2012-01-26 07:33:00.000000192,9.1178665
2012-01-26 07:33:00.00000054,5.618576
2012-01-26 07:33:00.000000185,5.109257
2012-01-26 07:33:00.000000187,7.968901
2012-01-26 07:33:00.00000060,9.440096
2012-01-26 07:33:00.000000130,6.4122777
2012-01-26 07:33:00.00000046,10.426608
2012-01-26 07:33:00.000000182,7.378601
2012-01-26 07:33:00.000000177,11.381027
2012-01-26 07:33:00.000000135,25.501148
2012-01-26 07:33:00.00000063,5.1382675
2012-01-26 07:33:00.00000079,6.344923
2012-01-26 07:33:00.000000169,8.202292
2012-01-26 07:33:00.00000094,9.15654
2012-01-26 07:33:00.000000176,9.165097
2012-01-26 07:33:00.00000061,4.0504713
2012-01-26 07:33:00.000000188,4.8423605
2012-01-26 07:33:00.000000174,12.442021
2012-01-26 07:33:00.000000126,7.065702
2012-01-26 07:33:00.000000139,28.138115
2012-01-26 07:33:00.000000184,5.3321233
2012-01-26 07:33:00.000000107,4.575597
2012-01-26 07:33:00.00000038,5.3348675
2012-01-26 07:33:00.000000134,5.292666
2012-01-26 07:33:00.00000058,18.968012
2012-01-26 07:33:00.00000078,5.0372634
2012-01-26 07:33:00.00000019,5.2727294
2012-01-26 07:33:00.000000111,8.784392
2012-01-26 07:33:00.000000178,19.866625
2012-01-26 07:33:00.0000003,8.384922
2012-01-26 07:33:00.00000052,16.668987
2012-01-26 07:33:00.00000040,11.8204
2012-01-26 07:33:00.000000148,11.384299
2012-01-26 07:33:00.00000066,12.833344
2012-01-26 07:33:00.00000041,5.3916655
2012-01-26 07:33:00.00000070,8.491465
2012-01-26 07:33:00.000000157,29.477331
2012-01-26 07:33:00.000000179,7.8398223
2012-01-26 07:33:00.000000112,16.66127
2012-01-26 07:33:00.00000073,6.302787
2012-01-26 07:33:00.000000138,15.63677
2012-01-26 07:33:00.00000092,11.1186075
2012-01-26 07:33:00.000000164,17.59438
2012-01-26 07:33:00.000000123,8.037872
2012-01-26 07:33:00.00000043,6.617783
2012-01-26 07:33:00.00000093,5.2643714
2012-01-26 07:33:00.00000016,17.556482
2012-01-26 07:33:00.000000144,7.4189262
2012-01-26 07:33:00.00000042,6.276733
2012-01-26 07:33:00.00000011,8.746863
2012-01-26 07:33:00.00000035,10.443656
2012-01-26 07:33:00.00000098,8.474103
2012-01-26 07:33:00.000000149,31.801048
2012-01-26 07:33:00.000000110,5.337405
2012-01-26 07:33:00.000000159,10.975714
2015-03-20 23:34:40.0000007,6.7775245
2015-03-20 23:34:40.0000002,26.95836
2015-03-20 23:34:40.0000006,4.38773
2013-12-14 03:20:48.0000001,30.096155
2013-12-14 03:20:48.0000002,2.3331962
2014-04-14 07:03:52.0000001,8.803806
2014-04-14 07:03:52.0000002,11.6148815
2015-05-21 07:08:08.0000002,7.7148876
2011-08-30 16:48:24.0000003,7.512145
2011-08-30 16:48:24.0000002,11.04455
2011-08-30 16:48:24.0000001,6.437311
2010-12-09 07:29:00.000000189,3.9635382
2010-12-09 07:29:00.00000027,17.530014
2010-12-09 07:29:00.000000184,10.730884
2010-12-09 07:29:00.00000030,4.57922
2010-12-09 07:29:00.00000011,4.223152
2010-12-09 07:29:00.00000065,7.008924
2010-12-09 07:29:00.00000063,6.874013
2010-12-09 07:29:00.000000133,13.867636
2010-12-09 07:29:00.00000054,6.8215666
2010-12-09 07:29:00.00000021,10.831522
2010-12-09 07:29:00.000000162,5.21545
2010-12-09 07:29:00.000000144,9.530173
2010-12-09 07:29:00.000000116,9.270537
2010-12-09 07:29:00.000000142,4.517336
2010-12-09 07:29:00.000000113,10.346592
2010-12-09 07:29:00.000000105,12.261173
2010-12-09 07:29:00.00000047,4.901353
2010-12-09 07:29:00.0000008,5.989189
2010-12-09 07:29:00.00000099,4.118522
2010-12-09 07:29:00.00000048,5.498234
2010-12-09 07:29:00.00000076,11.713687
2010-12-09 07:29:00.000000174,15.907947
2010-12-09 07:29:00.000000130,22.316626
2010-12-09 07:29:00.000000177,7.6534505
2010-12-09 07:29:00.00000088,6.4271297
2010-12-09 07:29:00.00000091,6.6413236
2010-12-09 07:29:00.00000072,4.127083
2010-12-09 07:29:00.00000014,11.93244
2010-12-09 07:29:00.000000157,5.837517
2010-12-09 07:29:00.000000109,13.349189
2010-12-09 07:29:00.00000016,7.067717
2010-12-09 07:29:00.00000023,6.112247
2010-12-09 07:29:00.000000118,7.4652224
2010-12-09 07:29:00.00000017,6.238095
2010-12-09 07:29:00.00000032,9.350839
2010-12-09 07:29:00.000000188,9.342916
2010-12-09 07:29:00.00000040,5.8795433
2010-12-09 07:29:00.00000037,8.975133
2010-12-09 07:29:00.000000128,8.537579
2010-12-09 07:29:00.00000057,6.273588
2010-12-09 07:29:00.000000125,8.727273
2010-12-09 07:29:00.000000159,6.2947774
2010-12-09 07:29:00.00000018,5.670551
2010-12-09 07:29:00.000000107,5.6397047
2010-12-09 07:29:00.00000051,17.662203
2010-12-09 07:29:00.00000042,8.020133
2010-12-09 07:29:00.00000059,6.640488
2010-12-09 07:29:00.00000075,5.3361254
2010-12-09 07:29:00.00000035,7.7940164
2010-12-09 07:29:00.00000029,5.932162
2010-12-09 07:29:00.00000045,7.7176404
2010-12-09 07:29:00.00000055,5.4399
2010-12-09 07:29:00.000000140,8.042379
2010-12-09 07:29:00.00000060,9.456881
2010-12-09 07:29:00.000000185,12.667124
2010-12-09 07:29:00.000000120,4.511855
2010-12-09 07:29:00.000000104,6.0114374
2010-12-09 07:29:00.000000191,4.9473534
2010-12-09 07:29:00.000000106,4.627362
2010-12-09 07:29:00.00000039,5.2725945
2010-12-09 07:29:00.000000132,4.245405
2010-12-09 07:29:00.00000019,7.3054867
2010-12-09 07:29:00.000000166,3.6577494
2010-12-09 07:29:00.000000111,6.2703347
2010-12-09 07:29:00.00000013,5.0841804
2010-12-09 07:29:00.000000138,5.4628286
2010-12-09 07:29:00.00000085,33.429623
2010-12-09 07:29:00.000000169,5.049373
2010-12-09 07:29:00.000000153,11.577077
2010-12-09 07:29:00.00000033,48.4561
2010-12-09 07:29:00.000000173,9.343741
2010-12-09 07:29:00.00000077,5.4129386
2010-12-09 07:29:00.000000190,4.790079
2010-12-09 07:29:00.000000137,4.9059567
2010-12-09 07:29:00.0000009,7.2571006
2010-12-09 07:29:00.000000155,7.931391
2010-12-09 07:29:00.0000004,14.375716
2010-12-09 07:29:00.000000119,5.244637
2010-12-09 07:29:00.000000100,6.8244762
2010-12-09 07:29:00.00000024,4.905425
2010-12-09 07:29:00.00000096,12.183351
2010-12-09 07:29:00.000000170,7.874824
2010-12-09 07:29:00.000000131,6.27762
2010-12-09 07:29:00.00000022,11.989405
2010-12-09 07:29:00.00000053,6.1531587
2010-12-09 07:29:00.000000165,62.361095
2010-12-09 07:29:00.000000114,7.8989453
2010-12-09 07:29:00.00000074,9.338316
2010-12-09 07:29:00.00000070,6.5313683
2010-12-09 07:29:00.000000167,4.1341715
2010-12-09 07:29:00.000000110,5.234677
2010-12-09 07:29:00.00000020,12.365558
2010-12-09 07:29:00.000000147,6.8447556
2010-12-09 07:29:00.000000178,30.25442
2010-12-09 07:29:00.000000146,6.603046
2010-12-09 07:29:00.000000103,7.4551706
2010-12-09 07:29:00.000000149,9.396618
2010-12-09 07:29:00.000000182,11.06837
2010-12-09 07:29:00.000000124,7.655701
2010-12-09 07:29:00.000000154,9.745308
2010-12-09 07:29:00.000000117,6.776505
2010-12-09 07:29:00.00000034,9.204728
2010-12-09 07:29:00.00000084,9.853807
2010-12-09 07:29:00.00000064,6.023469
2010-12-09 07:29:00.000000126,14.341619
2010-12-09 07:29:00.00000082,7.662702
2010-12-09 07:29:00.00000092,10.3507805
2010-12-09 07:29:00.00000087,5.328333
2010-12-09 07:29:00.00000095,21.050411
2010-12-09 07:29:00.000000101,9.019523
2010-12-09 07:29:00.000000122,6.723413
2010-12-09 07:29:00.000000160,6.838035
2010-12-09 07:29:00.000000175,8.056818
2010-12-09 07:29:00.00000043,7.5493546
2010-12-09 07:29:00.00000061,11.286536
2010-12-09 07:29:00.000000179,4.581982
2010-12-09 07:29:00.00000049,7.647424
2010-12-09 07:29:00.000000172,45.610176
2010-12-09 07:29:00.000000192,7.5812187
2010-12-09 07:29:00.000000194,5.3234067
2010-12-09 07:29:00.00000052,8.265894
2010-12-09 07:29:00.00000058,6.471335
2010-12-09 07:29:00.00000010,6.903944
2010-12-09 07:29:00.000000108,5.2626977
2010-12-09 07:29:00.000000129,8.953321
2010-12-09 07:29:00.000000163,7.910963
2010-12-09 07:29:00.000000161,8.93569
2010-12-09 07:29:00.000000187,6.2534547
2010-12-09 07:29:00.000000158,6.3893743
2010-12-09 07:29:00.000000121,10.027913
2010-12-09 07:29:00.000000176,4.905596
2011-09-25 13:01:20.0000005,7.890461
2011-09-25 13:01:20.0000001,7.246962
2011-09-25 13:01:20.0000004,8.78588
2011-09-25 13:01:20.0000006,12.003319
2011-09-25 13:01:20.0000003,5.118837
2012-09-08 04:35:16.0000001,24.137445
2012-05-08 03:50:00.00000011,21.86113
2012-05-08 03:50:00.0000002,4.442018
2012-05-08 03:50:00.0000008,19.87547
2012-05-08 03:50:00.0000007,7.1611953
2012-05-08 03:50:00.00000015,17.066757
2012-05-08 03:50:00.00000016,7.0175433
2012-05-08 03:50:00.0000003,6.0496945
2012-05-08 03:50:00.00000014,4.557462
2012-05-08 03:50:00.0000004,15.258982
2010-10-06 21:23:24.0000003,5.317099
2010-10-06 21:23:24.0000001,6.585244
2010-10-06 21:23:24.0000005,11.430668
2010-10-06 21:23:24.0000002,4.1482487
2010-10-06 21:23:24.0000004,6.1690345
2014-05-17 02:47:12.0000002,11.410405
2009-07-31 07:30:56.0000002,4.766983
2009-07-31 07:30:56.0000001,5.366281
2012-03-06 07:33:04.0000002,8.028869
2009-01-29 22:15:48.0000001,11.407625
2013-03-17 12:44:04.0000001,6.7101417
2014-06-18 09:23:32.0000001,18.260923
2011-09-21 13:15:36.0000004,7.8851175
2011-09-21 13:15:36.0000003,7.677102
2011-09-21 13:15:36.0000001,8.413373
2011-09-21 13:15:36.0000002,50.359573
2015-03-12 19:43:24.0000001,20.704878
2015-03-12 19:43:24.0000002,47.62887
2015-03-12 19:43:24.0000007,9.235037
2015-03-12 19:43:24.0000004,15.496095
2014-01-18 17:43:28.0000005,7.9921722
2014-01-18 17:43:28.0000003,6.0845275
2014-01-18 17:43:28.0000002,15.47944
2014-01-18 17:43:28.0000004,13.068686
2011-04-05 01:15:44.0000001,9.744198
2011-04-05 01:15:44.0000002,9.919342
2011-09-04 01:36:36.0000002,14.404429
2010-08-09 08:53:56.0000004,9.13209
2010-08-09 08:53:56.0000006,8.284758
2010-08-09 08:53:56.0000002,11.008844
2010-08-09 08:53:56.0000003,15.330528
2010-08-09 08:53:56.0000005,10.123868
2010-03-27 07:05:08.0000001,4.218465
2011-11-16 12:52:52.0000002,7.5296097
2011-11-16 12:52:52.0000003,6.0253587
2011-11-16 12:52:52.0000001,44.800423
2009-10-29 10:48:40.0000002,7.8112226
2009-10-29 10:48:40.0000001,11.116122
2015-02-01 00:48:44.0000009,23.676796
2015-02-01 00:48:44.0000004,10.671752
2015-02-01 00:48:44.0000008,8.99453
2015-02-01 00:48:44.0000006,8.959437
2015-02-01 00:48:44.0000007,12.666361
2014-04-03 02:31:08.0000001,6.2683306
2010-07-04 03:28:44.0000001,19.319342
2009-03-31 23:01:36.0000002,7.439612
2009-03-31 23:01:36.0000001,22.866909
2009-03-31 23:01:36.0000003,12.277912
2012-02-02 00:49:56.0000002,5.549623
2012-02-02 00:49:56.0000001,14.281221
2012-02-02 00:49:56.0000003,14.195555
2012-02-02 00:49:56.0000004,13.481109
2014-01-26 15:28:52.0000003,8.359952
2012-02-14 15:32:40.0000002,4.9570193
2012-02-14 15:32:40.0000004,6.134332
2012-02-14 15:32:40.0000001,8.09115
2012-02-14 15:32:40.0000003,8.924504
2011-12-06 11:07:40.0000001,18.15086
2011-12-06 11:07:40.0000005,6.598282
2011-07-12 19:41:48.0000002,14.75987
2011-07-12 19:41:48.0000003,11.463013
2011-07-12 19:41:48.0000004,7.4768267
2010-09-16 14:27:16.0000001,8.363961
2010-09-16 14:27:16.0000003,10.145734
2010-09-16 14:27:16.0000004,10.374895
2010-09-16 14:27:16.0000005,11.030637
2014-06-11 01:13:40.0000001,11.865453
2013-05-18 15:28:40.0000003,8.374029
2013-05-18 15:28:40.0000002,8.974869
2015-02-14 20:20:56.0000001,8.925139
2015-02-14 20:20:56.0000002,6.9214015
2015-02-14 20:20:56.0000004,5.687834
2009-01-22 12:27:20.0000003,6.826729
2011-04-23 21:22:20.0000001,4.7242317
2013-09-01 17:57:04.0000002,4.2869773
2013-09-01 17:57:04.0000003,6.785168
2013-04-22 13:19:16.0000001,18.68493
2013-04-22 13:19:16.0000002,10.93148
2013-04-22 13:19:16.0000003,7.0632615
2015-02-21 18:39:16.0000002,5.712255
2009-04-23 00:05:40.0000001,27.149878
2009-04-23 00:05:40.0000003,7.0113196
2012-05-28 05:48:40.0000001,27.17495
2010-01-03 20:04:52.0000001,16.33889
2013-03-09 21:40:52.0000003,13.063656
2013-03-09 21:40:52.0000002,7.5117946
2011-04-21 08:22:32.0000001,4.412737
2011-02-20 09:22:16.0000002,28.787342
2011-02-20 09:22:16.0000001,6.159283
2010-07-22 09:37:12.0000003,8.27766
2010-07-22 09:37:12.0000004,6.3477006
2010-07-22 09:37:12.0000001,9.8680315
2011-01-24 20:47:04.0000002,8.6967325
2013-07-22 15:05:16.0000004,11.424335
2013-07-22 15:05:16.0000001,4.4553347
2013-07-22 15:05:16.0000002,23.97078
2013-07-22 15:05:16.0000003,5.5709906
2013-01-23 16:22:04.0000003,13.153774
2013-01-23 16:22:04.0000002,9.572078
2013-01-23 16:22:04.0000001,8.225806
2013-01-06 12:46:36.0000001,3.4960918
2013-01-06 12:46:36.0000002,6.068349
2012-02-13 04:52:32.0000001,50.11509
2013-02-07 08:34:24.0000001,10.071435
2013-02-07 08:34:24.0000003,10.425637
2013-02-07 08:34:24.0000004,8.434122
2013-02-07 08:34:24.0000002,14.740064
2015-02-21 17:23:28.0000005,14.785414
2015-02-21 17:23:28.0000003,8.953964
2015-02-21 17:23:28.0000002,9.310971
2015-02-21 17:23:28.0000001,7.676228
2015-02-21 17:23:28.0000006,4.4726033
2013-06-19 13:36:52.0000004,8.388831
2013-06-19 13:36:52.0000001,9.212616
2013-06-19 13:36:52.0000002,10.329809
2013-06-19 13:36:52.0000005,40.91602
2013-06-19 13:36:52.0000003,21.700005
2015-06-26 16:04:04.0000002,5.2629385
2015-06-26 16:04:04.0000001,3.6509843
2010-06-05 07:08:36.0000001,6.8215423
2011-10-28 13:48:16.0000002,10.330302
2011-10-28 13:48:16.0000001,7.2709103
2011-10-28 13:48:16.0000003,6.1032767
2012-09-29 02:53:20.0000001,10.553835
2011-08-06 12:59:12.0000001,14.09184
2012-11-19 22:15:32.0000002,30.400156
2013-11-29 20:09:12.0000002,9.0812645
2012-05-31 17:54:48.0000003,12.776619
2012-05-31 17:54:48.0000002,4.6950035
2012-05-31 17:54:48.0000001,4.4960656
2012-05-31 17:54:48.0000004,6.935372
2012-04-20 08:03:52.0000001,12.151346
2012-04-20 08:03:52.0000002,8.721021
2012-04-20 08:03:52.0000003,8.356512
2009-01-26 18:26:48.0000001,7.987809
2009-01-26 18:26:48.0000003,6.3091445
2009-01-26 18:26:48.0000004,10.131856
2009-01-26 18:26:48.0000002,8.570799
2011-10-20 00:50:48.0000003,15.251306
2011-10-20 00:50:48.0000002,4.802816
2011-10-20 00:50:48.0000001,4.4925823
2011-06-03 11:45:16.0000002,10.602884
2011-06-03 11:45:16.0000004,8.995654
2011-06-03 11:45:16.0000005,5.4327826
2011-06-03 11:45:16.0000001,5.174863
2011-06-03 11:45:16.0000003,5.4651666
2011-10-25 20:34:20.0000001,7.720446
2012-07-05 18:30:36.0000005,9.826586
2012-07-05 18:30:36.0000006,8.219476
2012-07-05 18:30:36.0000003,4.997522
2012-07-05 18:30:36.0000001,10.075651
2012-07-05 18:30:36.0000007,7.4594593
2012-07-05 18:30:36.0000002,6.507061
2015-04-07 14:31:12.0000002,8.544577
2015-04-07 14:31:12.0000003,5.963023
2013-08-28 00:27:36.0000002,11.372843
2013-08-28 00:27:36.0000001,7.303881
2012-11-20 21:54:00.00000037,6.9173317
2012-11-20 21:54:00.00000081,12.423025
2012-11-20 21:54:00.000000210,6.855571
2012-11-20 21:54:00.00000050,4.3287973
2012-11-20 21:54:00.000000175,52.261356
2012-11-20 21:54:00.000000208,6.4226875
2012-11-20 21:54:00.000000198,6.958903
2012-11-20 21:54:00.000000185,6.9595523
2012-11-20 21:54:00.00000028,11.13825
2012-11-20 21:54:00.000000134,7.119881
2012-11-20 21:54:00.00000091,5.026461
2012-11-20 21:54:00.00000033,4.5795736
2012-11-20 21:54:00.00000082,6.449445
2012-11-20 21:54:00.000000142,28.227785
2012-11-20 21:54:00.000000180,21.721237
2012-11-20 21:54:00.00000093,15.455263
2012-11-20 21:54:00.000000159,5.263415
2012-11-20 21:54:00.000000165,8.089795
2012-11-20 21:54:00.000000235,5.832385
2012-11-20 21:54:00.00000089,7.6177673
2012-11-20 21:54:00.000000168,16.988691
2012-11-20 21:54:00.000000224,6.106587
2012-11-20 21:54:00.000000158,6.692182
2012-11-20 21:54:00.000000212,55.096653
2012-11-20 21:54:00.000000147,35.681694
2012-11-20 21:54:00.000000140,12.485835
2012-11-20 21:54:00.00000018,16.203594
2012-11-20 21:54:00.000000124,5.29477
2012-11-20 21:54:00.000000181,12.438341
2012-11-20 21:54:00.000000187,11.781316
2012-11-20 21:54:00.00000058,19.83164
2012-11-20 21:54:00.000000151,19.26064
2012-11-20 21:54:00.000000126,7.497015
2012-11-20 21:54:00.00000099,12.795259
2012-11-20 21:54:00.000000120,8.689243
2012-11-20 21:54:00.0000009,4.8477087
2012-11-20 21:54:00.000000206,7.2838035
2012-11-20 21:54:00.00000079,5.8146834
2012-11-20 21:54:00.000000237,14.372814
2012-11-20 21:54:00.000000143,14.609609
2012-11-20 21:54:00.000000111,6.506895
2012-11-20 21:54:00.000000106,10.270288
2012-11-20 21:54:00.000000245,5.3670745
2012-11-20 21:54:00.00000032,12.841135
2012-11-20 21:54:00.00000075,7.119302
2012-11-20 21:54:00.000000244,24.67013
2012-11-20 21:54:00.00000094,3.8249812
2012-11-20 21:54:00.000000118,31.33678
2012-11-20 21:54:00.000000188,9.673205
2012-11-20 21:54:00.00000051,19.222715
2012-11-20 21:54:00.000000109,11.811224
2012-11-20 21:54:00.0000003,6.9799123
2012-11-20 21:54:00.000000114,31.613306
2012-11-20 21:54:00.00000013,5.1958623
2012-11-20 21:54:00.000000192,6.3410764
2012-11-20 21:54:00.000000228,4.6054873
2012-11-20 21:54:00.000000236,9.062745
2012-11-20 21:54:00.000000178,14.053842
2012-11-20 21:54:00.00000027,11.3725815
2012-11-20 21:54:00.000000176,4.6375027
2012-11-20 21:54:00.0000008,7.622159
2012-11-20 21:54:00.00000061,18.842438
2012-11-20 21:54:00.00000011,13.60182
2012-11-20 21:54:00.00000096,7.633554
2012-11-20 21:54:00.000000231,7.1068435
2012-11-20 21:54:00.000000190,13.555037
2012-11-20 21:54:00.000000166,38.32733
2012-11-20 21:54:00.00000022,5.58168
2012-11-20 21:54:00.000000234,15.49799
2012-11-20 21:54:00.00000035,7.846916
2012-11-20 21:54:00.00000041,15.496146
2012-11-20 21:54:00.000000113,8.139733
2012-11-20 21:54:00.00000045,12.083094
2012-11-20 21:54:00.000000157,13.337981
2012-11-20 21:54:00.000000163,16.483046
2012-11-20 21:54:00.000000193,12.682963
2012-11-20 21:54:00.00000063,7.0760345
2012-11-20 21:54:00.000000183,6.2465963
2012-11-20 21:54:00.000000182,16.329073
2012-11-20 21:54:00.000000117,9.300247
2012-11-20 21:54:00.000000156,17.471937
2012-11-20 21:54:00.000000220,7.986262
2012-11-20 21:54:00.000000227,7.276569
2012-11-20 21:54:00.000000194,14.105116
2012-11-20 21:54:00.000000201,9.422517
2012-11-20 21:54:00.000000115,43.519882
2012-11-20 21:54:00.000000217,9.898029
2012-11-20 21:54:00.00000017,13.852711
2012-11-20 21:54:00.000000139,7.181149
2012-11-20 21:54:00.00000038,10.993706
2012-11-20 21:54:00.000000107,4.830499
2012-11-20 21:54:00.000000218,17.519112
2012-11-20 21:54:00.000000214,21.80931
2012-11-20 21:54:00.000000213,12.508512
2012-11-20 21:54:00.000000215,31.431824
2012-11-20 21:54:00.000000112,8.881774
2012-11-20 21:54:00.00000067,15.1999035
2012-11-20 21:54:00.00000044,14.561603
2012-11-20 21:54:00.00000029,8.343503
2012-11-20 21:54:00.000000119,14.904077
2012-11-20 21:54:00.000000203,6.863917
2012-11-20 21:54:00.000000239,5.5643926
2012-11-20 21:54:00.000000125,15.011323
2012-11-20 21:54:00.00000064,8.798692
2012-11-20 21:54:00.000000153,7.6200175
2012-11-20 21:54:00.00000054,7.812667
2012-11-20 21:54:00.000000177,12.345281
2012-11-20 21:54:00.000000243,11.422302
2012-11-20 21:54:00.000000128,5.180473
2012-11-20 21:54:00.00000095,8.758556
2012-11-20 21:54:00.00000088,10.409032
2012-11-20 21:54:00.000000200,6.214708
2012-11-20 21:54:00.00000053,5.753019
2012-11-20 21:54:00.000000199,4.9488397
2012-11-20 21:54:00.000000191,12.717757
2012-11-20 21:54:00.00000057,7.084292
2012-11-20 21:54:00.000000145,9.291403
2012-11-20 21:54:00.00000072,8.984666
2012-11-20 21:54:00.0000001,6.7005286
2012-11-20 21:54:00.000000241,6.1258197
2012-11-20 21:54:00.000000230,10.065308
2012-11-20 21:54:00.000000146,30.060123
2012-11-20 21:54:00.000000155,9.234856
2012-11-20 21:54:00.00000046,8.123381
2012-11-20 21:54:00.000000242,25.398685
2012-11-20 21:54:00.00000060,8.632566
2012-11-20 21:54:00.000000116,7.841557
2012-11-20 21:54:00.00000059,12.963506
2012-11-20 21:54:00.000000232,6.731089
2012-11-20 21:54:00.000000162,8.838836
2012-11-20 21:54:00.00000070,9.935829
2012-11-20 21:54:00.00000052,25.996145
2012-11-20 21:54:00.000000129,24.868277
2012-11-20 21:54:00.000000136,14.531344
2012-11-20 21:54:00.000000226,10.698635
2012-11-20 21:54:00.000000240,12.384173
2012-11-20 21:54:00.000000141,8.276184
2012-11-20 21:54:00.000000204,16.159256
2012-11-20 21:54:00.000000137,4.275905
2011-02-22 14:18:40.0000001,9.6595955
2014-06-23 00:16:00.00000066,35.65614
2014-06-23 00:16:00.00000039,7.927727
2014-06-23 00:16:00.00000076,8.028406
2014-06-23 00:16:00.00000030,36.95377
2014-06-23 00:16:00.00000070,15.148007
2014-06-23 00:16:00.00000065,8.752982
2014-06-23 00:16:00.00000056,23.320627
2014-06-23 00:16:00.00000038,5.910839
2014-06-23 00:16:00.00000071,22.539274
2014-06-23 00:16:00.00000013,9.442836
2014-06-23 00:16:00.00000073,6.5853844
2014-06-23 00:16:00.0000001,13.121342
2014-06-23 00:16:00.00000026,11.734097
2014-06-23 00:16:00.00000090,11.0843315
2014-06-23 00:16:00.00000092,21.880045
2014-06-23 00:16:00.00000044,9.532072
2014-06-23 00:16:00.00000064,10.426711
2014-06-23 00:16:00.00000068,22.506067
2014-06-23 00:16:00.00000033,8.314266
2014-06-23 00:16:00.00000089,32.184917
2014-06-23 00:16:00.0000004,6.8293347
2014-06-23 00:16:00.00000062,17.451208
2014-06-23 00:16:00.00000019,7.8021207
2014-06-23 00:16:00.00000041,9.422983
2014-06-23 00:16:00.00000024,17.492031
2014-06-23 00:16:00.00000074,18.081604
2014-06-23 00:16:00.00000018,14.567657
2014-06-23 00:16:00.00000043,4.6506653
2014-06-23 00:16:00.00000022,5.901619
2014-06-23 00:16:00.00000088,10.058899
2014-06-23 00:16:00.00000057,4.8086553
2014-06-23 00:16:00.00000087,7.6417665
2014-06-23 00:16:00.00000016,24.593468
2014-06-23 00:16:00.00000078,7.6843843
2014-06-23 00:16:00.00000040,13.93166
2014-06-23 00:16:00.00000077,13.575158
2014-06-23 00:16:00.00000015,12.164682
2014-06-23 00:16:00.00000047,7.2898974
2014-06-23 00:16:00.0000005,4.3584423
2014-06-23 00:16:00.00000034,52.745853
2014-06-23 00:16:00.00000028,8.836723
2014-06-23 00:16:00.00000081,19.455593
2014-06-23 00:16:00.00000067,11.225098
2014-06-23 00:16:00.00000085,6.5746837
2014-06-23 00:16:00.00000082,7.649419
2014-06-23 00:16:00.00000063,16.530285
2014-06-23 00:16:00.00000079,7.608259
2014-06-23 00:16:00.00000061,6.695678
2014-06-23 00:16:00.00000037,17.568413
2014-06-23 00:16:00.00000036,4.830803
2014-06-23 00:16:00.00000049,16.436443
2014-06-23 00:16:00.00000025,42.02711
2014-06-23 00:16:00.0000009,7.9573326
2014-06-23 00:16:00.00000069,16.147717
2011-11-24 02:36:48.0000003,10.699143
2011-11-24 02:36:48.0000002,4.7338448
2011-11-24 02:36:48.0000001,11.6710205
2013-06-05 01:34:56.0000001,11.67938
2013-03-18 12:51:12.0000001,11.27496
2013-03-18 12:51:12.0000003,4.673923
2013-03-18 12:51:12.0000002,16.998821
2014-12-14 09:04:36.0000001,9.076535
2014-12-14 09:04:36.0000003,7.232091
2014-12-14 09:04:36.0000002,7.641843
2012-05-31 13:14:12.0000004,9.800097
2012-05-31 13:14:12.0000001,16.442945
2012-05-31 13:14:12.0000002,9.52859
2012-05-31 13:14:12.0000003,5.6567802
2011-01-16 18:57:12.0000001,6.680412
2011-01-16 18:57:12.0000002,5.2896166
2009-04-25 10:52:56.0000004,10.031653
2009-04-25 10:52:56.0000002,12.390418
2009-04-25 10:52:56.0000005,7.2360077
2009-04-20 11:11:40.0000001,4.947554
2012-07-20 06:53:32.0000001,3.8066592
2009-10-22 21:57:36.0000005,13.155962
2009-10-22 21:57:36.0000002,16.731546
2009-10-22 21:57:36.0000004,5.79604
2009-10-22 21:57:36.0000003,4.38742
2009-03-16 10:30:12.0000001,13.016567
2009-07-14 12:12:36.0000004,7.1303144
2009-07-14 12:12:36.0000001,8.369093
2009-07-14 12:12:36.0000003,9.555758
2009-07-14 12:12:36.0000007,10.399051
2009-07-14 12:12:36.0000002,15.300283
2009-07-14 12:12:36.0000005,9.85188
2009-07-14 12:12:36.0000008,9.031512
2009-07-14 12:12:36.0000006,6.337681
2014-11-12 09:06:32.0000004,8.121414
2014-11-12 09:06:32.0000001,7.156192
2014-11-12 09:06:32.0000003,6.507791
2014-11-12 09:06:32.0000005,24.172518
2014-11-12 09:06:32.0000002,7.752298
2011-04-10 11:57:12.0000002,7.9756894
2011-04-10 11:57:12.0000003,7.6580634
2011-04-10 11:57:12.0000004,5.675864
2011-04-10 11:57:12.0000001,7.3529515
2011-09-20 11:58:52.0000003,5.344028
2011-09-20 11:58:52.0000001,13.462148
2011-09-20 11:58:52.0000002,15.214633
2010-09-24 17:16:16.0000001,9.452854
2010-02-12 13:51:28.0000004,6.8415995
2010-02-12 13:51:28.0000005,8.556678
2010-02-12 13:51:28.0000001,7.345858
2010-02-12 13:51:28.0000003,6.428837
2010-02-12 13:51:28.0000002,11.07531
2011-01-03 21:51:28.0000002,7.902706
2011-01-03 21:51:28.0000001,2.7935913
2011-07-26 13:10:56.0000003,4.9663744
2011-07-26 13:10:56.0000002,8.125976
2011-07-26 13:10:56.0000001,7.2539716
2011-08-18 13:00:16.0000003,10.617803
2011-08-18 13:00:16.0000002,7.25126
2013-06-20 19:49:52.0000004,7.498177
2013-06-20 19:49:52.0000001,7.0384145
2013-06-20 19:49:52.0000005,5.0702753
2013-06-20 19:49:52.0000002,25.122358
2013-06-20 19:49:52.0000003,10.335004
2013-09-25 22:00:00.00000079,12.086814
2013-09-25 22:00:00.00000025,11.741002
2013-09-25 22:00:00.000000225,8.560383
2013-09-25 22:00:00.000000204,11.662167
2013-09-25 22:00:00.00000053,32.48642
2013-09-25 22:00:00.000000111,13.073214
2013-09-25 22:00:00.00000014,8.184452
2013-09-25 22:00:00.000000172,54.85089
2013-09-25 22:00:00.000000154,4.034887
2013-09-25 22:00:00.000000133,8.459557
2013-09-25 22:00:00.000000160,9.857751
2013-09-25 22:00:00.000000119,6.065615
2013-09-25 22:00:00.000000223,5.311419
2013-09-25 22:00:00.0000008,8.059334
2013-09-25 22:00:00.000000103,9.156543
2013-09-25 22:00:00.000000178,5.9761014
2013-09-25 22:00:00.00000023,5.8996673
2013-09-25 22:00:00.00000022,6.2732954
2013-09-25 22:00:00.00000076,5.5671787
2013-09-25 22:00:00.00000020,8.028152
2013-09-25 22:00:00.000000142,12.933803
2013-09-25 22:00:00.00000059,8.469383
2013-09-25 22:00:00.000000110,6.25682
2013-09-25 22:00:00.000000205,10.636328
2013-09-25 22:00:00.000000182,10.263877
2013-09-25 22:00:00.00000081,8.86473
2013-09-25 22:00:00.000000230,22.308216
2013-09-25 22:00:00.000000164,12.576515
2013-09-25 22:00:00.00000090,11.145706
2013-09-25 22:00:00.000000106,9.352648
2013-09-25 22:00:00.00000078,7.737509
2013-09-25 22:00:00.0000001,52.630054
2013-09-25 22:00:00.000000126,11.96106
2013-09-25 22:00:00.000000156,7.381904
2013-09-25 22:00:00.000000137,11.591406
2013-09-25 22:00:00.00000039,7.6650267
2013-09-25 22:00:00.00000017,17.689342
2013-09-25 22:00:00.00000054,11.842195
2013-09-25 22:00:00.000000135,19.402693
2013-09-25 22:00:00.000000112,22.47748
2013-09-25 22:00:00.000000148,7.549954
2013-09-25 22:00:00.000000143,34.585907
2013-09-25 22:00:00.00000043,6.656558
2013-09-25 22:00:00.000000203,6.312354
2013-09-25 22:00:00.00000040,10.436136
2013-09-25 22:00:00.00000035,10.239129
2013-09-25 22:00:00.000000117,16.11145
2013-09-25 22:00:00.000000244,6.8489046
2013-09-25 22:00:00.0000002,16.757744
2013-09-25 22:00:00.000000246,58.091667
2013-09-25 22:00:00.00000091,21.236465
2013-09-25 22:00:00.000000235,6.7322774
2013-09-25 22:00:00.000000237,28.045776
2013-09-25 22:00:00.000000185,6.642628
2013-09-25 22:00:00.000000233,8.361105
2013-09-25 22:00:00.00000075,7.642771
2013-09-25 22:00:00.00000026,11.743707
2013-09-25 22:00:00.00000061,8.449427
2013-09-25 22:00:00.000000179,14.133533
2013-09-25 22:00:00.000000120,8.31686
2013-09-25 22:00:00.000000165,20.738775
2013-09-25 22:00:00.000000224,16.361801
2013-09-25 22:00:00.000000192,24.747053
2013-09-25 22:00:00.00000084,12.064496
2013-09-25 22:00:00.000000169,6.0281906
2013-09-25 22:00:00.000000175,26.408947
2013-09-25 22:00:00.000000132,7.0689816
2013-09-25 22:00:00.00000048,20.790888
2013-09-25 22:00:00.000000229,7.1003337
2013-09-25 22:00:00.00000036,16.144117
2013-09-25 22:00:00.000000177,8.084051
2013-09-25 22:00:00.000000217,7.3814664
2013-09-25 22:00:00.000000183,10.46871
2013-09-25 22:00:00.000000107,14.557439
2013-09-25 22:00:00.00000058,13.69534
2013-09-25 22:00:00.00000073,6.759824
2013-09-25 22:00:00.000000245,6.5467153
2013-09-25 22:00:00.000000157,15.46867
2013-09-25 22:00:00.000000227,25.416548
2013-09-25 22:00:00.00000064,14.596236
2013-09-25 22:00:00.00000024,51.62634
2013-09-25 22:00:00.000000221,8.181039
2013-09-25 22:00:00.000000139,31.744272
2013-09-25 22:00:00.00000028,6.9052424
2013-09-25 22:00:00.00000057,7.4549003
2013-09-25 22:00:00.000000222,10.752648
2013-09-25 22:00:00.000000215,22.020185
2013-09-25 22:00:00.00000094,20.668926
2013-09-25 22:00:00.000000214,9.965746
2013-09-25 22:00:00.000000101,6.664623
2013-09-25 22:00:00.00000055,6.6678953
2013-09-25 22:00:00.00000049,23.662271
2013-09-25 22:00:00.000000216,15.688238
2013-09-25 22:00:00.000000123,9.368685
2013-09-25 22:00:00.000000136,6.132868
2013-09-25 22:00:00.000000211,16.757631
2013-09-25 22:00:00.000000145,6.1801496
2013-09-25 22:00:00.000000250,39.0376
2013-09-25 22:00:00.000000188,9.853235
2013-09-25 22:00:00.000000202,4.7623487
2013-09-25 22:00:00.000000242,12.085846
2013-09-25 22:00:00.000000140,9.15197
2013-09-25 22:00:00.000000171,9.282569
2013-09-25 22:00:00.00000099,4.542274
2013-09-25 22:00:00.000000187,9.204996
2013-09-25 22:00:00.000000161,9.601841
2013-09-25 22:00:00.000000189,8.303873
2013-09-25 22:00:00.0000003,9.6398735
2013-09-25 22:00:00.000000249,6.594586
2013-09-25 22:00:00.000000195,5.563009
2013-09-25 22:00:00.00000072,10.776291
2013-09-25 22:00:00.00000012,10.239568
2013-09-25 22:00:00.000000149,8.509623
2013-09-25 22:00:00.000000197,10.915672
2013-09-25 22:00:00.00000038,49.311928
2013-09-25 22:00:00.0000009,20.027952
2013-09-25 22:00:00.00000089,15.858075
2013-09-25 22:00:00.000000199,29.569944
2013-09-25 22:00:00.000000219,5.8795953
2013-09-25 22:00:00.000000159,12.265345
2013-09-25 22:00:00.000000173,11.153904
2013-09-25 22:00:00.000000209,18.32171
2013-09-25 22:00:00.000000196,8.763904
2013-09-25 22:00:00.00000093,6.358692
2013-09-25 22:00:00.000000155,18.716305
2013-09-25 22:00:00.000000121,8.137925
2013-09-25 22:00:00.000000134,12.07107
2013-09-25 22:00:00.000000228,7.7295837
2013-09-25 22:00:00.00000092,12.9618225
2013-09-25 22:00:00.00000030,4.9410176
2013-09-25 22:00:00.00000062,15.451573
2013-09-25 22:00:00.0000005,9.195648
2013-09-25 22:00:00.00000097,34.170338
2013-09-25 22:00:00.00000019,15.978318
2013-09-25 22:00:00.000000180,8.902415
2013-09-25 22:00:00.000000200,15.783504
2013-09-25 22:00:00.000000186,4.5946345
2013-09-25 22:00:00.000000176,6.9894886
2013-09-25 22:00:00.00000082,8.494023
2013-09-25 22:00:00.00000098,8.54692
2013-09-25 22:00:00.00000085,8.977262
2013-09-25 22:00:00.0000004,5.8115616
2013-09-25 22:00:00.00000032,17.71122
2013-09-25 22:00:00.00000070,7.5643497
2013-09-25 22:00:00.00000074,11.04628
2013-09-25 22:00:00.000000118,10.63648
2013-09-25 22:00:00.0000007,7.6272354
2013-09-25 22:00:00.00000050,13.224376
2013-09-25 22:00:00.00000044,5.5460167
2013-09-25 22:00:00.00000095,6.70195
2009-01-15 02:42:48.0000001,-0.2663598
2011-07-06 18:07:44.0000001,8.470109
2011-07-06 18:07:44.0000003,5.0422425
2011-07-06 18:07:44.0000005,6.1601524
2011-09-08 01:28:24.0000001,24.167063
2014-07-11 12:36:08.0000002,6.547636
2010-11-04 05:01:44.0000001,4.203277
2009-10-04 10:04:12.0000001,7.0251136
2009-10-04 10:04:12.0000003,4.6845584
2009-10-04 10:04:12.0000002,3.3589897
2009-10-04 10:04:12.0000004,3.794482
2013-02-28 12:52:44.0000001,7.5837092
2013-02-28 12:52:44.0000003,8.482876
2013-02-28 12:52:44.0000004,9.639555
2013-02-28 12:52:44.0000002,4.648485
2013-08-03 07:11:53.0000001,34.392426
2015-01-26 23:13:33.0000001,11.502277
2012-10-31 11:09:53.0000001,13.405943
2012-10-31 11:09:53.0000002,21.419771
2011-12-23 23:30:09.0000001,14.967891
2015-01-29 11:01:21.0000001,6.158305
2015-01-29 11:01:21.0000002,8.972493
2014-01-31 11:11:05.0000001,26.368994
2014-01-31 11:11:05.0000003,10.624301
2014-01-31 11:11:05.0000004,10.867823
2014-01-31 11:11:05.0000006,9.366952
2014-01-31 11:11:05.0000005,7.722233
2015-02-20 11:08:29.0000006,5.731721
2015-02-20 11:08:29.0000002,14.299644
2015-02-20 11:08:29.0000004,10.998069
2015-02-20 11:08:29.0000003,10.026603
2015-02-20 11:08:29.0000005,5.262451
2014-08-31 04:03:29.0000001,7.074068
2014-08-01 18:38:09.0000001,8.883108
2014-08-01 18:38:09.0000002,8.135593
2009-05-16 14:53:41.0000007,5.7174773
2009-05-16 14:53:41.0000006,6.704329
2009-12-17 06:28:05.0000001,7.3309903
2009-12-17 06:28:05.0000002,3.5964506
2009-12-17 06:28:05.0000003,6.7275853
2010-02-23 17:25:09.0000001,5.703904
2010-02-23 17:25:09.0000002,3.8550236
2012-07-30 16:54:49.0000003,6.353934
2012-07-30 16:54:49.0000001,11.19497
2012-07-30 16:54:49.0000005,6.7629805
2012-07-30 16:54:49.0000004,5.5029798
2012-07-30 16:54:49.0000002,10.164621
2013-08-26 11:47:37.0000003,19.677662
2013-08-26 11:47:37.0000002,6.6607094
2013-08-26 11:47:37.0000004,36.067146
2013-03-06 23:49:53.0000006,6.2709126
2013-03-06 23:49:53.0000005,7.4919906
2013-03-06 23:49:53.0000003,6.8247094
2013-03-06 23:49:53.0000002,5.178936
2013-03-06 23:49:53.0000001,14.270144
2013-03-06 23:49:53.0000004,8.958753
2010-10-30 13:31:13.0000005,6.395144
2010-10-30 13:31:13.0000003,4.3109674
2010-10-30 13:31:13.0000004,3.8778493
2010-10-30 13:31:13.0000002,6.4686775
2012-03-25 16:56:01.0000001,5.274863
2012-03-25 16:56:01.0000002,7.063345
2013-10-17 22:21:57.0000002,12.865012
2013-10-17 22:21:57.0000004,12.108841
2013-10-17 22:21:57.0000005,18.03669
2013-10-17 22:21:57.0000001,6.782082
2010-09-15 16:44:25.0000001,10.890167
2010-09-15 16:44:25.0000002,11.674328
2010-09-15 16:44:25.0000003,8.4469385
2014-05-09 00:30:41.0000003,11.085157
2014-05-09 00:30:41.0000001,52.915543
2014-05-09 00:30:41.0000002,17.810022
2010-12-11 17:32:33.0000001,5.9021783
2010-06-14 05:10:09.0000001,9.145027
2012-03-05 13:24:37.0000003,8.88048
2012-03-05 13:24:37.0000001,6.055342
2011-03-03 07:09:09.0000002,8.54698
2011-03-03 07:09:09.0000001,8.560569
2010-07-01 22:11:33.0000001,8.321565
2010-07-01 22:11:33.0000002,7.6318874
2010-07-01 22:11:33.0000004,5.4731436
2012-01-07 21:39:05.0000002,8.157553
2010-08-22 12:30:21.0000002,6.2595496
2010-08-22 12:30:21.0000001,4.838815
2012-05-26 00:31:25.0000002,22.698383
2011-12-16 09:20:01.0000001,14.180275
2012-01-26 20:09:45.0000003,17.852306
2012-01-26 20:09:45.0000004,10.529916
2012-01-26 20:09:45.0000002,7.0934343
2012-01-26 20:09:45.0000001,7.7416377
2010-02-03 11:33:29.0000002,4.922196
2010-02-03 11:33:29.0000001,8.192212
2014-10-07 11:52:13.0000005,36.952522
2014-10-07 11:52:13.0000001,6.0819516
2014-10-07 11:52:13.0000004,17.312471
2014-10-07 11:52:13.0000002,7.440402
2014-10-07 11:52:13.0000007,7.7682476
2014-10-07 11:52:13.0000003,9.813432
2013-05-06 23:46:25.0000001,9.387868
2015-06-13 19:17:09.0000006,8.538765
2015-06-13 19:17:09.0000004,9.558644
2015-06-13 19:17:09.0000002,19.736738
2015-06-13 19:17:09.0000003,14.865092
2015-06-13 19:17:09.0000001,5.7800035
2011-06-29 00:15:21.0000001,6.3774657
2011-06-29 00:15:21.0000002,4.52446
2011-06-29 00:15:21.0000003,10.074191
2009-11-28 13:50:17.0000003,7.651932
2009-11-28 13:50:17.0000001,3.7591426
2010-05-02 12:05:45.0000001,8.028188
2009-10-12 14:18:01.0000001,6.1486216
2015-01-13 12:07:53.0000002,6.2581267
2015-01-13 12:07:53.0000007,12.278559
2015-01-13 12:07:53.0000001,17.053928
2015-01-13 12:07:53.0000004,4.096798
2015-01-13 12:07:53.0000006,8.334286
2015-03-04 21:42:57.0000002,7.1988344
2015-03-04 21:42:57.0000009,5.506579
2015-03-04 21:42:57.0000005,6.904322
2015-03-04 21:42:57.0000003,11.464258
2015-03-04 21:42:57.00000010,7.3776865
2015-03-04 21:42:57.0000004,17.686516
2015-03-04 21:42:57.0000008,5.5839095
2015-03-04 21:42:57.0000001,12.018486
2015-03-04 21:42:57.0000007,5.3275886
2012-01-31 09:15:49.0000005,7.6147795
2012-01-31 09:15:49.0000002,9.003721
2012-01-31 09:15:49.0000006,11.651679
2012-01-31 09:15:49.0000003,5.366487
2012-01-31 09:15:49.0000004,13.074905
2011-03-22 12:59:49.0000003,13.90183
2011-03-22 12:59:49.0000005,5.0017495
2011-03-22 12:59:49.0000004,5.9664774
2014-10-05 17:21:45.0000001,5.5964103
2013-07-05 00:58:17.0000003,13.951141
2013-07-05 00:58:17.0000002,16.939302
2010-09-28 21:50:05.0000001,5.9503126
2010-09-28 21:50:05.0000003,13.568875
2010-09-28 21:50:05.0000002,7.2817984
2010-09-28 21:50:05.0000004,11.247454
2010-09-28 21:50:05.0000005,6.008045
2012-05-25 09:21:17.0000001,5.0202527
2012-05-25 09:21:17.0000002,5.4767513
2012-05-25 09:21:17.0000003,5.484241
2010-01-30 00:57:21.0000003,8.243485
2010-01-30 00:57:21.0000004,5.594967
2009-10-16 16:14:41.0000004,4.719551
2009-10-16 16:14:41.0000001,5.319289
2009-10-16 16:14:41.0000003,4.883119
2012-04-02 08:39:21.0000003,5.1898284
2012-04-02 08:39:21.0000001,5.4437995
2009-09-04 06:54:49.0000001,5.113478
2012-08-29 09:53:33.0000002,10.446016
2012-08-29 09:53:33.0000001,8.820094
2011-03-13 05:34:57.0000001,10.31856
2010-10-22 00:49:05.0000001,5.576743
2010-09-12 22:12:53.0000001,9.968549
2014-09-13 04:51:21.0000001,26.318905
2014-09-13 04:51:21.0000002,22.17541
2010-08-17 07:59:05.0000003,7.8452625
2010-08-17 07:59:05.0000001,5.0546947
2010-08-17 07:59:05.0000002,10.022757
2011-03-06 23:14:17.0000001,10.194519
2014-06-19 08:41:17.0000001,6.580349
2014-06-19 08:41:17.0000002,6.497196
2014-06-19 08:41:17.0000006,16.866207
2014-06-19 08:41:17.0000004,12.30062
2014-06-19 08:41:17.0000003,7.161352
2014-06-19 08:41:17.0000005,5.858493
2015-02-26 23:20:13.0000004,5.19959
2015-02-26 23:20:13.0000002,8.158063
2015-02-26 23:20:13.0000009,20.279083
2015-02-26 23:20:13.0000007,5.197957
2015-02-26 23:20:13.0000005,9.57195
2015-02-26 23:20:13.0000001,20.241135
2015-02-26 23:20:13.0000006,23.761633
2015-02-26 23:20:13.0000003,4.2358465
2013-10-09 15:11:41.0000001,7.331
2013-10-09 15:11:41.0000003,4.056845
2013-10-09 15:11:41.0000002,25.071035
2011-09-01 09:53:49.0000002,6.341458
2011-09-01 09:53:49.0000003,11.977425
2011-09-01 09:53:49.0000005,5.2582273
2011-09-01 09:53:49.0000001,12.257242
2011-11-28 14:13:37.0000001,8.957231
2011-11-28 14:13:37.0000003,6.257116
2010-09-28 00:16:53.0000002,16.52893
2010-09-28 00:16:53.0000004,8.967737
2010-09-28 00:16:53.0000001,5.9843254
2013-08-30 11:20:21.0000002,15.74629
2013-08-30 11:20:21.0000001,16.085888
2013-09-19 21:24:21.0000002,4.4616666
2013-09-19 21:24:21.0000003,6.23298
2012-07-01 22:30:29.0000001,6.729097
2013-01-19 08:04:21.0000001,7.4197226
2011-07-02 00:38:01.0000003,5.9353228
2011-07-02 00:38:01.0000002,8.762886
2014-02-08 17:24:57.0000001,14.148955
2010-01-13 01:56:57.0000001,5.7629147
2014-01-05 12:00:13.0000005,8.530087
2014-01-05 12:00:13.0000003,11.839456
2014-01-05 12:00:13.0000002,7.716151
2014-01-05 12:00:13.0000004,8.23925
2014-01-05 12:00:13.0000006,4.8030577
2014-01-05 12:00:13.0000001,28.26557
2011-02-04 09:12:53.0000003,10.04331
2011-02-04 09:12:53.0000001,9.429596
2011-02-04 09:12:53.0000005,6.367386
2011-02-04 09:12:53.0000002,5.786446
2012-03-08 12:33:25.0000005,5.9540124
2012-03-08 12:33:25.0000002,14.9625845
2012-03-08 12:33:25.0000001,6.4886885
2012-03-08 12:33:25.0000004,14.898585
2009-07-31 18:15:57.0000002,4.8568
2009-07-10 20:17:05.0000001,4.6257825
2009-07-10 20:17:05.0000002,6.231019
2010-11-05 14:33:37.0000002,13.833026
2010-11-05 14:33:37.0000003,4.7194295
2010-11-05 14:33:37.0000001,11.751613
2010-11-05 14:33:37.0000004,27.01796
2010-03-09 08:49:13.0000002,8.001198
2010-03-09 08:49:13.0000001,6.6431546
2010-03-09 08:49:13.0000003,4.3829756
2010-08-21 21:56:25.0000001,6.208124
2011-07-27 09:24:33.0000004,5.83632
2011-07-27 09:24:33.0000002,4.342388
2011-07-27 09:24:33.0000005,12.476578
2011-07-27 09:24:33.0000001,8.714211
2011-07-27 09:24:33.0000003,5.863323
2010-10-09 17:11:17.0000002,6.713932
2014-01-16 23:24:37.0000001,14.484504
2009-09-25 15:13:57.0000005,30.764093
2009-09-25 15:13:57.0000007,5.436515
2009-09-25 15:13:57.0000006,5.990521
2009-09-25 15:13:57.0000004,8.521151
2009-12-13 20:44:37.0000001,8.565782
2009-12-13 20:44:37.0000004,9.829193
2009-12-13 20:44:37.0000002,7.584069
2009-12-13 20:44:37.0000003,6.7965627
2010-05-26 21:31:05.0000004,8.204127
2010-05-26 21:31:05.0000003,12.482479
2010-05-26 21:31:05.0000005,3.7838905
2010-05-26 21:31:05.0000001,8.077321
2010-05-26 21:31:05.0000002,6.197736
2010-05-03 08:36:41.0000003,6.584843
2010-05-03 08:36:41.0000005,5.470209
2010-05-03 08:36:41.0000001,7.731868
2010-05-03 08:36:41.0000002,8.548773
2009-06-22 08:08:29.0000001,18.406273
2009-06-22 08:08:29.0000002,7.8007708
2009-01-20 17:38:05.0000003,6.2819824
2009-01-20 17:38:05.0000005,3.8467848
2009-01-20 17:38:05.0000004,6.863965
2009-01-20 17:38:05.0000001,4.183684
2009-01-20 17:38:05.0000002,31.952312
2013-02-04 16:08:01.0000002,12.899337
2013-02-04 16:08:01.0000001,8.122069
2009-07-22 09:50:25.0000001,5.566117
2009-07-22 09:50:25.0000002,7.196087
2009-07-22 09:50:25.0000003,6.2462125
2013-07-17 06:50:17.0000001,15.909412
2011-01-24 20:18:49.0000002,7.3869905
2011-01-24 20:18:49.0000004,7.499567
2011-01-24 20:18:49.0000001,4.4815493
2012-04-25 17:29:21.0000002,17.700779
2012-04-25 17:29:21.0000004,4.772021
2012-04-25 17:29:21.0000001,11.201504
2012-04-25 17:29:21.0000003,12.1958685
2010-01-23 14:32:17.0000001,8.222376
2010-01-23 14:32:17.0000002,5.7494807
2012-03-07 01:22:57.0000001,6.7004743
2012-03-07 01:22:57.0000002,10.841453
2012-06-02 01:16:05.0000002,4.441306
2012-06-02 01:16:05.0000005,29.995388
2011-02-18 20:57:57.0000003,5.8319173
2011-02-18 20:57:57.0000001,12.54939
2011-02-18 20:57:57.0000002,3.6247337
2010-11-03 17:52:21.0000001,4.977668
2011-10-20 13:46:33.0000004,10.679284
2011-10-20 13:46:33.0000001,46.01138
2013-11-29 15:09:45.0000002,7.427643
2013-11-29 15:09:45.0000001,10.795718
2015-06-24 07:28:01.0000001,8.683201
2015-06-24 07:28:01.0000003,76.31134
2015-06-24 07:28:01.0000004,5.61978
2015-06-24 07:28:01.0000002,15.098681
2015-06-24 07:28:01.0000005,4.457016
2010-03-27 11:29:05.0000001,5.150571
2010-03-27 11:29:05.0000003,5.2584705
2010-03-27 11:29:05.0000002,4.262467
2014-06-09 11:18:25.0000005,5.177144
2014-06-09 11:18:25.0000003,13.835263
2014-06-09 11:18:25.0000001,9.041679
2014-06-09 11:18:25.0000004,5.412723
2014-06-09 11:18:25.0000002,8.634654
2012-08-08 09:47:53.0000002,5.406318
2012-08-08 09:47:53.0000003,4.79294
2012-08-08 09:47:53.0000001,9.079498
2014-10-28 12:23:09.0000003,20.691414
2014-10-28 12:23:09.0000006,8.332722
2014-10-28 12:23:09.0000004,13.781536
2014-10-28 12:23:09.0000005,8.144951
2014-10-28 12:23:09.0000002,7.486353
2013-04-04 02:55:13.0000001,16.848753
2011-07-11 20:43:33.0000003,12.533353
2011-07-11 20:43:33.0000002,6.34581
2013-02-23 14:25:29.0000001,13.677758
2010-01-30 18:58:33.0000007,8.353435
2010-01-30 18:58:33.0000002,12.563911
2010-01-30 18:58:33.0000003,5.349212
2010-01-30 18:58:33.0000004,13.32127
2010-01-30 18:58:33.0000005,6.312871
2013-10-07 11:12:33.0000003,8.75818
2013-10-07 11:12:33.0000002,6.735435
2013-10-07 11:12:33.0000001,7.6532073
2012-10-08 12:29:21.0000001,7.6675596
2014-08-22 06:49:41.0000002,6.6667895
2014-08-22 06:49:41.0000001,4.0355577
2014-04-26 22:02:17.0000001,15.417396
2010-05-13 08:48:41.0000004,30.517492
2010-05-13 08:48:41.0000002,6.069412
2010-05-13 08:48:41.0000001,14.964818
2010-05-13 08:48:41.0000003,9.026388
2014-06-22 14:49:13.0000004,5.5481906
2014-06-22 14:49:13.0000003,5.1199794
2013-01-22 14:06:33.0000002,5.374877
2013-01-22 14:06:33.0000004,11.045472
2013-01-22 14:06:33.0000001,10.67219
2013-01-22 14:06:33.0000003,53.076344
2010-10-08 11:25:09.0000001,7.900299
2010-10-08 11:25:09.0000002,5.5385957
2015-03-14 02:23:17.0000001,9.868292
2015-03-14 02:23:17.0000005,26.016207
2015-03-14 02:23:17.0000007,17.44769
2015-03-14 02:23:17.0000003,20.48971
2014-09-20 00:55:21.0000001,12.986835
2014-09-25 20:52:09.0000003,16.602957
2014-09-25 20:52:09.0000007,18.551037
2014-09-25 20:52:09.0000008,6.9553285
2014-09-25 20:52:09.0000006,7.771744
2014-09-25 20:52:09.0000001,5.9775915
2014-09-25 20:52:09.0000004,12.9437685
2013-08-20 09:05:33.0000001,9.841827
2012-01-19 00:39:29.0000001,12.697873
2009-12-23 09:09:21.0000002,15.75428
2009-12-23 09:09:21.0000003,11.054844
2009-12-23 09:09:21.0000001,13.802333
2012-12-15 06:35:45.0000002,17.743576
2012-12-15 06:35:45.0000003,55.50568
2012-12-15 06:35:45.0000004,5.842987
2013-09-30 07:03:29.0000001,8.930384
2014-06-10 11:21:37.0000001,7.4664865
2014-06-10 11:21:37.0000002,12.462206
2015-05-30 05:00:57.0000001,78.05744
2015-05-30 05:00:57.0000002,16.35776
2014-04-15 08:04:25.0000001,7.808941
2014-04-15 08:04:25.0000002,13.561645
2012-09-04 21:59:45.0000001,6.8985205
2012-06-23 19:15:29.0000001,6.1614876
2014-09-23 18:20:01.0000002,9.567272
2014-09-23 18:20:01.0000001,9.099495
2011-06-30 21:50:17.0000002,9.477872
2011-06-30 21:50:17.0000006,6.824988
2011-06-30 21:50:17.0000005,8.101575
2011-06-30 21:50:17.0000004,9.681796
2011-06-30 21:50:17.0000001,4.7114153
2011-06-30 21:50:17.0000003,7.004642
2013-04-09 08:59:41.0000001,5.3989925
2013-02-14 03:56:45.0000001,6.935054
2009-02-23 21:09:17.0000002,7.6958528
2009-02-23 21:09:17.0000003,4.933226
2009-02-23 21:09:17.0000001,5.985662
2013-04-05 20:47:57.0000001,15.340268
2013-04-05 20:47:57.0000003,9.392478
2013-04-05 20:47:57.0000002,17.943249
2013-03-11 06:58:05.0000001,8.711182
2012-01-05 05:51:01.0000002,5.745076
2009-05-11 10:47:33.0000001,14.591119
2014-02-22 02:07:01.0000001,18.929665
2014-02-22 02:07:01.0000004,7.6332026
2014-02-22 02:07:01.0000005,3.8372104
2014-02-22 02:07:01.0000002,14.66122
2014-02-22 02:07:01.0000003,11.614352
2013-07-25 01:56:37.0000002,14.607009
2013-07-25 01:56:37.0000001,16.9702
2013-10-15 08:16:21.0000001,6.646583
2014-08-26 23:35:49.0000003,8.73548
2014-08-26 23:35:49.0000004,20.072962
2014-08-26 23:35:49.0000001,8.156501
2009-08-28 23:01:41.0000007,9.805378
2009-08-28 23:01:41.0000004,5.778308
2009-08-28 23:01:41.0000003,3.7271695
2009-08-28 23:01:41.0000005,48.77338
2009-08-07 07:07:37.0000003,9.1791525
2009-08-07 07:07:37.0000002,11.708079
2009-08-07 07:07:37.0000001,9.71671
2013-11-11 13:49:53.0000004,54.41188
2013-11-11 13:49:53.0000003,11.6691
2013-11-11 13:49:53.0000006,19.03935
2013-11-11 13:49:53.0000005,6.202822
2013-11-11 13:49:53.0000001,6.7158237
2013-11-11 13:49:53.0000002,10.400299
2012-08-11 19:58:29.0000002,7.8265023
2012-08-11 19:58:29.0000003,5.1245847
2012-08-11 19:58:29.0000004,7.953178
2012-08-11 19:58:29.0000001,10.093455
2011-06-29 06:25:41.0000001,30.418936
2014-10-19 15:14:45.0000001,22.797369
2014-12-16 13:40:25.0000001,11.021438
2014-12-16 13:40:25.0000002,9.158293
2010-06-11 13:37:21.0000004,7.8258576
2010-06-11 13:37:21.0000001,6.156826
2010-06-11 13:37:21.0000002,8.006777
2012-12-09 22:30:13.0000003,12.908695
2012-12-09 22:30:13.0000001,10.301219
2010-06-21 20:21:45.0000001,13.806519
2011-05-11 19:56:09.0000002,13.411913
2013-06-17 06:37:49.0000001,3.888703
2009-07-29 07:52:01.0000004,5.0434785
2009-07-29 07:52:01.0000002,13.313527
2009-07-29 07:52:01.0000003,4.8328586
2009-07-29 07:52:01.0000001,4.794604
2014-08-08 00:02:41.0000001,9.674731
2014-08-08 00:02:41.0000003,11.348807
2014-08-08 00:02:41.0000005,14.8455305
2009-02-19 09:17:21.0000001,9.827045
2013-09-12 12:50:13.0000004,4.916432
2013-09-12 12:50:13.0000002,14.559324
2013-09-12 12:50:13.0000006,36.74078
2013-09-12 12:50:13.0000005,8.901635
2011-06-26 03:33:25.0000001,14.969016
2013-09-28 09:59:33.0000002,7.7037225
2013-09-28 09:59:33.0000001,6.8484874
2010-04-20 07:32:21.0000001,10.05143
2010-04-20 07:32:21.0000002,6.2374163
2011-04-16 06:38:33.0000001,5.012059
2011-09-18 18:33:13.0000001,6.7051144
2011-09-18 18:33:13.0000002,23.566875
2014-03-04 16:24:45.0000003,19.183918
2014-03-04 16:24:45.0000002,8.358803
2013-08-03 15:48:29.0000001,6.3122263
2012-06-21 19:47:25.0000003,5.907101
2012-06-21 19:47:25.0000001,7.6179676
2012-06-21 19:47:25.0000002,7.7100215
2014-03-10 12:25:21.0000003,5.325826
2014-03-10 12:25:21.0000002,8.745753
2014-03-10 12:25:21.0000001,15.437613
2014-11-10 10:52:41.0000002,22.130877
2014-11-10 10:52:41.0000003,15.560587
2010-10-17 23:04:25.0000001,8.731897
2009-12-22 15:59:53.0000001,4.0502567
2009-12-22 15:59:53.0000002,4.16935
2009-12-22 15:59:53.0000004,11.563065
2014-05-08 21:23:41.0000002,4.394265
2014-05-08 21:23:41.0000003,11.186186
2014-05-08 21:23:41.0000004,8.792738
2014-05-08 21:23:41.0000005,9.003939
2009-10-28 17:56:45.0000002,5.8980527
2009-10-28 17:56:45.0000001,4.033318
2014-07-10 07:03:29.0000002,10.987565
2014-07-10 07:03:29.0000001,6.744317
2012-07-15 03:53:37.0000004,10.215329
2010-03-31 05:33:53.0000001,5.67658
2010-03-31 05:33:53.0000002,6.0828214
2010-07-06 20:52:53.0000003,7.3827095
2010-07-06 20:52:53.0000001,6.285085
2010-07-06 20:52:53.0000002,5.1842594
2013-06-10 11:29:13.0000002,4.9878564
2013-06-10 11:29:13.0000006,6.7319264
2013-06-10 11:29:13.0000004,6.4985037
2013-06-10 11:29:13.0000005,5.7994285
2013-06-10 11:29:13.0000003,11.211681
2015-04-25 01:06:17.0000008,8.718806
2015-04-25 01:06:17.0000004,5.69721
2015-04-25 01:06:17.0000001,4.9873853
2015-04-25 01:06:17.0000006,8.283545
2015-04-25 01:06:17.0000002,12.091774
2011-05-27 14:47:09.0000001,7.679524
2011-05-27 14:47:09.0000004,10.232074
2011-05-27 14:47:09.0000002,10.261192
2011-05-27 14:47:09.0000003,8.1578245
2012-10-28 13:55:57.0000002,9.807327
2011-06-12 01:07:57.0000002,19.884762
2011-06-12 01:07:57.0000001,14.195605
2014-12-11 15:20:49.0000002,54.48484
2014-12-11 15:20:49.0000003,8.89363
2011-06-19 04:08:49.0000001,5.3002157
2015-06-02 09:11:17.0000003,7.646647
2015-06-02 09:11:17.0000006,5.6242733
2015-06-02 09:11:17.0000001,10.600428
2015-06-02 09:11:17.0000004,6.3952394
2015-06-02 09:11:17.0000005,13.186326
2014-05-09 02:23:21.0000001,12.816484
2011-10-08 12:54:49.0000003,8.220786
2011-10-08 12:54:49.0000001,12.321952
2009-06-02 08:34:33.0000003,8.054213
2009-06-02 08:34:33.0000002,6.45248
2010-12-09 17:21:29.0000001,4.9917145
2013-06-22 01:59:25.0000001,9.050033
2014-12-07 19:56:45.0000002,6.940608
2014-12-07 19:56:45.0000003,9.206365
2013-12-04 17:40:13.0000006,8.468791
2013-12-04 17:40:13.0000004,12.371571
2013-12-04 17:40:13.0000002,12.388842
2013-12-04 17:40:13.0000005,3.8833652
2013-12-04 17:40:13.0000001,4.8140197
2013-12-04 17:40:13.0000007,11.118739
2013-12-04 17:40:13.0000003,38.005943
2014-07-20 17:05:09.0000001,18.294233
2010-12-15 08:39:33.0000003,5.4183764
2010-12-15 08:39:33.0000002,5.029718
2010-12-15 08:39:33.0000004,47.642075
2010-12-15 08:39:33.0000001,4.952405
2011-02-07 08:56:09.0000001,8.17198
2012-05-26 11:54:53.0000003,7.1071315
2012-04-24 17:57:05.0000002,4.687859
2012-04-24 17:57:05.0000003,31.13074
2012-04-24 17:57:05.0000001,13.105903
2014-01-11 19:20:17.0000002,7.3130913
2015-01-05 21:43:13.0000003,8.035374
2015-01-05 21:43:13.0000002,8.210193
2013-04-23 13:19:17.0000002,12.815986
2013-04-23 13:19:17.0000003,6.8463626
2011-07-19 22:20:41.0000003,20.186747
2012-03-18 02:27:41.0000002,36.590862
2012-03-18 02:27:41.0000003,11.952064
2009-01-19 19:48:17.0000003,10.28443
2011-06-21 22:19:45.0000002,5.0675893
2011-06-21 22:19:45.0000003,11.128497
2011-06-21 22:19:45.0000001,14.86176
2012-02-10 06:28:17.0000001,7.81577
2013-01-13 00:20:53.0000002,9.968725
2013-01-13 00:20:53.0000003,10.6156225
2015-03-28 09:52:37.0000002,4.2552023
2015-03-28 09:52:37.0000001,7.110865
2015-05-02 15:18:33.0000001,10.123866
2015-05-02 15:18:33.0000005,4.286506
2015-05-02 15:18:33.0000002,7.369973
2015-05-02 15:18:33.0000006,7.481012
2015-05-02 15:18:33.0000004,13.966161
2015-05-02 15:18:33.0000007,9.614361
2015-05-02 15:18:33.0000003,13.001232
2012-01-01 00:37:29.0000005,17.649908
2012-01-01 00:37:29.0000001,8.023045
2012-01-01 00:37:29.0000003,8.309359
2012-01-01 00:37:29.0000002,10.011711
2010-06-24 19:32:25.0000001,8.509258
2010-06-24 19:32:25.0000002,3.9970033
2010-04-25 09:00:01.0000001,11.519234
2010-04-25 09:00:01.0000002,8.890403
2009-08-11 21:41:09.0000001,15.612219
2012-06-12 07:19:17.0000002,7.831626
2012-06-12 07:19:17.0000001,5.823603
2011-12-30 11:16:05.0000002,10.503158
2011-12-30 11:16:05.0000001,7.6729875
2011-12-30 11:16:05.0000003,8.824668
2011-12-30 11:16:05.0000004,8.388255
2013-11-28 13:17:13.0000001,9.002117
2010-06-14 20:51:37.0000001,23.564268
2010-06-14 20:51:37.0000002,8.785904
2012-06-10 00:46:17.0000004,13.83689
2012-06-10 00:46:17.0000002,12.026858
2013-02-10 19:51:53.0000001,9.488545
2013-02-10 19:51:53.0000002,14.180772
2010-02-20 04:04:13.0000001,11.882727
2010-02-20 04:04:13.0000002,7.838209
2010-02-20 04:04:13.0000003,5.508594
2014-01-01 16:33:01.0000004,4.585135
2014-01-01 16:33:01.0000001,7.3833694
2014-01-01 16:33:01.0000002,9.474253
2014-01-01 16:33:01.0000003,11.654578
2013-06-04 08:06:57.0000002,7.176138
2013-06-04 08:06:57.0000005,6.4289327
2013-06-04 08:06:57.0000003,13.731902
2013-06-04 08:06:57.0000004,6.306056
2013-06-04 08:06:57.0000001,4.3906612
2012-07-13 08:45:21.0000001,28.058199
2012-07-13 08:45:21.0000003,6.900865
2012-07-13 08:45:21.0000004,5.6163692
2012-07-13 08:45:21.0000002,10.693087
2014-06-09 13:01:21.0000002,8.716357
2014-06-09 13:01:21.0000001,7.18484
2010-10-01 13:11:05.0000002,6.950861
2010-10-01 13:11:05.0000004,7.1370068
2010-10-01 13:11:05.0000003,29.796446
2010-02-27 22:55:09.0000002,6.2764926
2010-02-27 22:55:09.0000003,5.893769
2012-11-23 05:37:53.0000001,15.262792
2009-10-05 15:41:37.0000001,6.1190076
2009-12-01 02:33:57.0000001,8.999225
2013-04-30 14:43:33.0000003,19.928967
2013-04-30 14:43:33.0000002,19.229927
2013-04-30 14:43:33.0000001,13.595205
2015-05-17 04:17:33.0000001,11.287565
2015-05-17 04:17:33.0000002,9.63055
2015-05-17 04:17:33.0000003,9.630355
2015-05-17 04:17:33.0000004,8.7095
2014-07-26 23:31:41.0000001,8.037469
2009-11-07 16:37:49.0000001,4.643522
2009-11-07 16:37:49.0000003,7.255598
2009-11-07 16:37:49.0000002,46.51746
2009-11-07 16:37:49.0000005,4.5827084
2012-11-07 12:46:29.0000003,8.162966
2012-11-07 12:46:29.0000001,12.849936
2012-11-07 12:46:29.0000002,5.5746284
2011-01-07 09:25:57.0000002,4.5765333
2011-01-07 09:25:57.0000001,4.558229
2012-07-18 16:28:21.0000002,5.164059
2009-12-17 10:33:45.0000001,11.540106
2009-12-17 10:33:45.0000002,9.531666
2009-12-17 10:33:45.0000003,5.18911
2009-12-17 10:33:45.0000004,5.0674686
2013-03-08 19:03:09.0000001,13.624782
2013-03-08 19:03:09.0000004,7.7444086
2011-03-11 23:36:13.0000001,7.2851124
2011-03-11 23:36:13.0000002,7.071219
2011-03-11 23:36:13.0000004,5.2945557
2011-03-11 23:36:13.0000003,5.298801
2009-12-10 22:45:01.0000002,4.907382
2009-12-10 22:45:01.0000001,13.143627
2009-12-10 22:45:01.0000003,3.783225
2009-12-10 22:45:01.0000005,14.136005
2012-07-13 11:00:05.0000003,32.952614
2012-07-13 11:00:05.0000002,16.4468
2012-07-13 11:00:05.0000006,48.85427
2012-07-13 11:00:05.0000001,8.648942
2012-07-21 17:57:17.0000001,7.3674316
2009-04-23 02:42:05.0000002,7.119488
2009-04-23 02:42:05.0000001,8.483514
2012-11-03 23:49:17.0000003,11.527182
2012-11-03 23:49:17.0000002,4.419593
2012-11-03 23:49:17.0000004,5.455473
2012-11-03 23:49:17.0000001,13.288017
2012-02-21 20:07:25.0000002,4.7766776
2012-02-21 20:07:25.0000001,3.849681
2012-03-26 05:24:13.0000001,17.640036
2010-02-01 20:28:45.0000001,5.0424848
2010-02-01 20:28:45.0000002,7.1281176
2010-02-01 20:28:45.0000003,3.621853
2009-09-26 04:36:49.0000001,4.3896494
2009-01-29 15:29:09.0000002,27.895708
2009-01-29 15:29:09.0000001,4.1912594
2009-12-29 02:06:33.0000002,13.852364
2009-12-29 02:06:33.0000001,7.2675796
2010-09-06 00:39:05.0000001,7.6493855
2012-09-08 21:13:49.0000004,7.309449
2012-09-08 21:13:49.0000001,7.7374063
2012-09-08 21:13:49.0000002,7.8821454
2012-09-08 21:13:49.0000003,7.595128
2010-11-04 16:19:25.0000001,9.5200405
2009-12-08 07:36:17.0000001,12.779341
2009-12-08 07:36:17.0000002,11.902855
2012-08-30 20:32:49.0000001,9.44774
2013-06-08 16:55:13.0000002,6.648693
2013-06-08 16:55:13.0000001,9.571354
2014-07-01 11:05:21.0000002,5.524222
2014-07-01 11:05:21.0000001,9.671809
2013-08-19 16:21:05.0000002,17.602293
2014-12-26 21:10:45.0000001,7.1564555
2012-10-25 16:20:37.0000001,12.111911
2012-10-25 16:20:37.0000002,37.52046
2013-08-14 11:02:17.0000001,6.0140495
2013-08-14 11:02:17.0000002,21.521193
2010-10-01 01:22:01.0000001,10.362755
2012-12-07 19:33:49.0000002,64.89959
2012-12-07 19:33:49.0000001,5.9999046
2011-07-11 01:40:45.0000001,8.767607
2013-07-18 01:45:01.0000001,6.337221
2013-07-18 01:45:01.0000002,5.484627
2009-06-25 10:29:21.0000002,4.1279845
2009-06-25 10:29:21.0000001,3.7250357
2012-07-31 20:04:53.0000005,5.480653
2012-07-31 20:04:53.0000003,5.699063
2012-07-31 20:04:53.0000004,4.1450195
2012-07-31 20:04:53.0000001,7.3740754
2010-11-15 22:25:13.0000001,5.738124
2015-06-08 05:02:45.0000002,11.952646
2015-06-08 05:02:45.0000001,26.057076
2013-12-08 20:26:29.0000001,6.6098332
2013-12-08 20:26:29.0000002,10.998532
2013-12-08 20:26:29.0000003,6.8193097
2009-05-10 00:24:57.0000002,10.968326
2009-05-10 00:24:57.0000004,4.853822
2009-05-10 00:24:57.0000003,8.452918
2009-05-10 00:24:57.0000005,5.3133616
2009-05-10 00:24:57.0000001,4.139971
2009-02-28 10:19:41.0000002,4.077731
2009-02-28 10:19:41.0000001,6.9347763
2011-08-19 17:42:57.0000001,3.9955943
2011-08-19 17:42:57.0000002,8.257845
2014-06-05 22:56:05.0000007,11.827532
2014-06-05 22:56:05.0000002,24.33786
2014-06-05 22:56:05.0000001,53.156273
2014-06-05 22:56:05.0000006,5.5878043
2014-06-05 22:56:05.0000005,5.245564
2014-06-05 22:56:05.0000003,24.007334
2014-07-16 18:33:41.0000001,7.653516
2014-07-16 18:33:41.0000002,8.83955
2014-07-16 18:33:41.0000003,14.2692
2009-07-14 22:41:09.0000002,5.103171
2009-07-14 22:41:09.0000004,4.887817
2009-07-14 22:41:09.0000001,35.9933
2013-11-21 14:19:21.0000002,7.795105
2015-01-02 11:55:57.0000005,6.488465
2015-01-02 11:55:57.0000002,9.670763
2015-01-02 11:55:57.0000004,26.274162
2015-01-02 11:55:57.0000001,6.8923526
2011-09-26 22:26:57.0000001,5.8902674
2015-04-14 01:41:05.0000001,12.239508
2013-05-14 16:23:49.0000002,13.660877
2013-05-14 16:23:49.0000001,11.774829
2013-11-23 22:19:37.0000002,13.997389
2013-11-23 22:19:37.0000001,9.75565
2014-07-14 16:18:37.0000001,4.7938757
2010-07-30 12:04:17.0000001,4.069594
2010-07-30 12:04:17.0000002,7.804421
2011-07-27 21:48:49.0000002,7.175616
2011-07-27 21:48:49.0000001,6.643089
2014-03-18 19:55:17.0000003,6.435089
2014-03-18 19:55:17.0000002,14.396229
2014-03-18 19:55:17.0000004,8.368657
2014-07-28 21:44:21.0000001,11.822942
2009-05-23 07:56:37.0000001,6.136704
2010-06-05 23:05:25.0000004,10.313877
2010-06-05 23:05:25.0000005,5.0752144
2010-06-05 23:05:25.0000003,10.840496
2010-06-05 23:05:25.0000001,7.641248
2010-06-05 23:05:25.0000002,9.862373
2012-07-01 19:59:49.0000001,5.6084356
2015-06-07 17:23:09.0000004,9.012862
2015-06-07 17:23:09.0000003,7.4395604
2015-06-07 17:23:09.0000002,6.460201
2015-06-07 17:23:09.0000001,11.087689
2013-03-10 07:31:45.0000001,5.3412557
2011-03-24 17:44:01.0000001,9.191386
2011-03-24 17:44:01.0000003,7.340486
2014-03-28 21:55:17.0000002,21.3465
2014-03-28 21:55:17.0000004,6.159625
2014-03-28 21:55:17.0000005,7.8553796
2014-03-28 21:55:17.0000006,6.7589965
2013-04-28 20:00:05.0000002,54.963715
2013-04-28 20:00:05.0000001,7.9387007
2013-04-28 20:00:05.0000004,14.320448
2013-04-28 20:00:05.0000003,4.695917
2012-04-27 18:37:09.0000003,9.552586
2012-04-27 18:37:09.0000001,9.848611
2012-04-27 18:37:09.0000004,11.642064
2014-04-05 18:11:33.0000001,10.317881
2013-11-07 22:25:25.0000002,15.071107
2010-06-19 03:06:33.0000002,5.9725575
2012-06-30 03:53:29.0000003,7.271673
2012-06-30 03:53:29.0000001,16.9445
2011-09-15 02:11:49.0000002,17.828262
2011-09-15 02:11:49.0000001,16.124533
2012-08-08 04:45:25.0000001,50.41634
2011-05-19 16:01:41.0000004,6.040407
2011-05-19 16:01:41.0000002,5.8149815
2011-05-19 16:01:41.0000005,4.6207256
2011-05-19 16:01:41.0000003,24.53274
2009-12-27 04:00:09.0000001,14.046853
2010-01-11 12:38:33.0000006,37.764645
2010-01-11 12:38:33.0000003,7.1516047
2010-01-11 12:38:33.0000005,5.8350315
2010-01-11 12:38:33.0000001,6.4282947
2010-01-11 12:38:33.0000004,6.7916183
2010-10-16 09:26:33.0000004,20.794561
2010-10-16 09:26:33.0000002,6.5472546
2014-07-25 18:06:37.0000002,8.668169
2014-07-25 18:06:37.0000004,8.898934
2014-07-25 18:06:37.0000005,13.158482
2014-07-25 18:06:37.0000003,9.700795
2014-07-25 18:06:37.0000001,10.379322
2013-03-18 15:54:21.0000001,11.886535
2013-03-18 15:54:21.0000002,4.8866234
2010-05-13 06:34:57.0000002,7.622783
2010-05-13 06:34:57.0000001,7.083389
2009-05-16 08:13:05.0000001,21.983635
2014-05-13 21:07:29.0000003,8.303199
2014-05-13 21:07:29.0000002,8.401264
2010-04-23 16:10:29.0000001,5.7074275
2010-04-23 16:10:29.0000003,7.3339424
2010-04-23 16:10:29.0000002,5.7808475
2015-05-25 22:13:09.0000002,64.64937
2015-05-25 22:13:09.0000001,16.260157
2013-11-16 18:33:25.0000003,6.7204804
2013-11-16 18:33:25.0000004,17.030619
2013-11-16 18:33:25.0000002,13.60852
2013-11-16 18:33:25.0000001,12.0666485
2012-04-16 17:48:09.0000001,6.046685
2012-04-16 17:48:09.0000002,5.701324
2012-04-16 17:48:09.0000003,9.102041
2014-12-29 12:55:53.0000002,9.039084
2014-12-29 12:55:53.0000001,27.07641
2014-12-29 12:55:53.0000003,12.894143
2009-08-02 14:01:33.0000002,5.4444942
2009-08-02 14:01:33.0000003,27.786655
2009-08-02 14:01:33.0000001,4.7808375
2015-01-12 15:36:37.0000003,24.02383
2015-01-12 15:36:37.0000004,42.957977
2015-01-12 15:36:37.0000005,13.967204
2015-01-12 15:36:37.0000009,19.546982
2015-01-12 15:36:37.0000006,7.9272685
2015-01-12 15:36:37.0000001,16.622536
2015-01-12 15:36:37.0000007,13.258161
2014-09-04 19:52:09.0000002,6.7529755
2014-09-04 19:52:09.0000001,6.145712
2014-09-04 19:52:09.0000003,5.1062613
2014-09-04 19:52:09.0000004,23.07173
2009-06-01 17:42:01.0000001,11.539483
2009-06-01 17:42:01.0000002,8.398789
2009-06-01 17:42:01.0000003,5.16161
2010-09-21 01:35:09.0000001,10.152982
2010-09-21 01:35:09.0000002,7.07909
2013-05-26 15:18:37.0000004,23.916689
2013-05-26 15:18:37.0000002,8.36895
2009-09-20 23:07:01.0000002,34.82681
2009-08-12 23:00:37.0000001,16.63862
2012-07-18 09:44:53.0000005,9.116126
2012-07-18 09:44:53.0000001,6.4133563
2012-07-18 09:44:53.0000004,4.539226
2012-07-18 09:44:53.0000002,5.7035575
2009-09-25 21:43:49.0000005,7.8763533
2009-09-25 21:43:49.0000007,13.037903
2009-09-25 21:43:49.0000003,6.838837
2009-09-25 21:43:49.0000006,4.4759827
2009-09-25 21:43:49.0000008,12.095276
2009-09-25 21:43:49.0000001,7.657835
2009-03-22 20:58:33.0000002,11.837689
2009-03-22 20:58:33.0000001,8.513987
2011-12-09 21:19:25.0000002,10.18766
2011-12-09 21:19:25.0000005,11.807156
2011-12-09 21:19:25.0000006,4.8169193
2013-07-05 20:44:49.0000002,4.527036
2013-12-20 15:58:29.0000005,15.21145
2013-12-20 15:58:29.0000002,12.271932
2013-12-20 15:58:29.0000003,42.279335
2013-12-20 15:58:29.0000004,12.7755575
2014-10-06 14:37:25.0000004,11.598705
2014-10-06 14:37:25.0000003,21.9493
2014-10-06 14:37:25.0000002,10.705743
2014-10-06 14:37:25.0000001,7.5010247
2015-01-18 23:09:25.0000003,25.065426
2015-01-18 23:09:25.0000002,7.907487
2014-05-01 14:11:21.0000002,14.341839
2014-05-01 14:11:21.0000004,8.088863
2014-05-01 14:11:21.0000005,9.179233
2014-05-01 14:11:21.0000006,7.0576243
2014-05-01 14:11:21.0000001,11.996065
2014-05-01 14:11:21.0000003,19.232653
2012-05-22 14:54:45.0000002,6.751445
2012-05-22 14:54:45.0000001,6.97491
2009-06-17 14:41:57.0000001,11.648101
2009-09-16 10:27:37.0000001,8.29563
2009-09-16 10:27:37.0000002,7.0918107
2014-02-06 13:26:49.0000001,12.541295
2015-04-16 02:42:33.0000001,9.118999
2011-06-06 07:28:25.0000002,28.51914
2011-06-06 07:28:25.0000003,9.187537
2011-06-06 07:28:25.0000001,4.5084357
2011-06-06 07:28:25.0000005,15.230713
2011-06-06 07:28:25.0000004,4.6010294
2013-02-27 19:25:13.0000003,19.196568
2013-02-27 19:25:13.0000007,11.097439
2013-02-27 19:25:13.0000006,13.769859
2013-02-27 19:25:13.0000004,6.0771523
2013-02-27 19:25:13.0000002,5.6877637
2013-02-27 19:25:13.0000005,8.99415
2014-10-03 01:06:05.0000001,7.3401866
2014-10-03 01:06:05.0000002,5.570754
2010-06-26 00:14:53.0000001,7.3326445
2009-09-15 08:28:53.0000001,8.069094
2009-09-15 08:28:53.0000002,13.834887
2009-09-15 08:28:53.0000004,6.9364047
2009-09-15 08:28:53.0000005,5.6219773
2011-08-09 05:27:05.0000001,8.646002
2010-10-20 08:49:45.0000001,6.1594257
2010-10-20 08:49:45.0000002,5.346906
2012-02-08 11:14:49.0000002,6.329603
2012-02-08 11:14:49.0000001,6.7198987
2012-02-08 11:14:49.0000004,9.628463
2013-08-07 02:16:45.0000001,28.448055
2012-10-26 00:32:13.0000001,16.341158
2012-07-18 22:34:53.0000001,5.495834
2011-05-17 22:09:17.0000001,14.315629
2009-04-04 00:20:37.0000001,17.654533
2009-04-04 00:20:37.0000003,7.565957
2009-04-04 00:20:37.0000002,12.517726
2009-09-04 18:43:33.0000003,9.062841
2009-09-04 18:43:33.0000004,10.801488
2010-09-19 17:13:29.0000001,12.875573
2010-09-19 17:13:29.0000007,10.61727
2010-09-19 17:13:29.0000005,8.923027
2010-09-19 17:13:29.0000004,7.5901656
2010-09-19 17:13:29.0000003,12.341814
2010-09-19 17:13:29.0000002,10.16866
2013-03-19 18:08:29.0000003,13.378879
2013-03-19 18:08:29.0000004,11.22632
2011-11-22 00:15:25.0000002,5.9164724
2011-11-22 00:15:25.0000001,9.311166
2011-04-23 11:01:49.0000005,4.6480083
2011-04-23 11:01:49.0000004,5.966033
2011-04-23 11:01:49.0000003,3.9582605
2012-10-19 06:56:29.0000001,6.5031037
2012-10-19 06:56:29.0000002,4.113805
2009-12-16 14:45:21.0000002,5.5554123
2009-12-16 14:45:21.0000003,7.6647186
2009-12-16 14:45:21.0000001,9.788953
2012-08-13 21:49:53.0000002,6.2747393
2012-08-13 21:49:53.0000003,3.9422917
2012-08-13 21:49:53.0000001,4.0992985
2010-11-08 10:01:37.0000001,5.875668
2010-11-08 10:01:37.0000002,8.073788
2010-11-08 10:01:37.0000006,5.205673
2010-11-08 10:01:37.0000007,10.536611
2010-11-08 10:01:37.0000005,31.492252
2010-11-08 10:01:37.0000004,4.398877
2010-12-05 16:35:49.0000001,5.7303996
2010-12-05 16:35:49.0000002,10.043754
2014-10-15 12:10:49.0000001,11.546277
2009-04-01 19:28:09.0000004,16.159758
2009-04-01 19:28:09.0000002,7.9150696
2009-04-01 19:28:09.0000003,5.33811
2009-04-01 19:28:09.0000007,17.217567
2009-04-01 19:28:09.0000005,6.076868
2009-04-01 19:28:09.0000006,9.853459
2011-11-26 02:04:29.0000002,9.490795
2011-11-26 02:04:29.0000001,12.67545
2009-01-11 07:56:01.0000003,5.470102
2009-01-11 07:56:01.0000002,4.6718926
2012-05-30 09:19:13.0000001,6.231712
2014-06-10 01:06:25.0000001,16.394814
2014-06-10 01:06:25.0000003,19.181665
2014-06-10 01:06:25.0000002,49.098316
2014-10-28 22:42:33.0000002,18.677408
2014-10-28 22:42:33.0000001,23.60044
2009-03-20 12:14:53.0000004,8.750525
2009-03-20 12:14:53.0000007,5.2076206
2009-03-20 12:14:53.0000002,9.387501
2009-03-20 12:14:53.0000005,19.900421
2009-03-20 12:14:53.0000001,4.939305
2009-03-20 12:14:53.0000006,6.378205
2009-03-20 12:14:53.0000003,16.574392
2010-06-20 12:42:37.0000003,7.1134877
2010-06-20 12:42:37.0000001,13.709498
2014-08-05 16:09:05.0000001,6.1503363
2014-11-06 01:40:49.0000003,5.491458
2014-11-06 01:40:49.0000002,13.511603
2014-11-06 01:40:49.0000001,8.236438
2014-07-19 21:05:37.0000005,4.8225255
2014-07-19 21:05:37.0000001,11.56083
2014-07-19 21:05:37.0000004,13.547672
2014-07-19 21:05:37.0000003,8.054012
2015-02-19 11:39:21.0000005,8.240698
2015-02-19 11:39:21.0000002,11.6546335
2015-02-19 11:39:21.0000003,7.9981623
2012-10-02 14:17:13.0000003,7.4218955
2012-10-02 14:17:13.0000002,11.181276
2012-04-17 09:47:57.0000001,6.8400416
2012-04-17 09:47:57.0000003,13.605322
2012-04-17 09:47:57.0000002,28.993448
2011-04-16 00:01:17.0000002,15.51776
2011-04-16 00:01:17.0000001,5.409867
2010-06-18 08:54:37.0000003,11.40884
2010-06-18 08:54:37.0000002,15.367743
2010-06-18 08:54:37.0000001,12.191247
2012-10-20 00:36:37.0000005,7.815896
2012-10-20 00:36:37.0000003,35.43073
2012-10-20 00:36:37.0000004,5.3504524
2014-06-19 22:37:09.0000001,7.727076
2014-06-19 22:37:09.0000003,10.004484
2014-06-19 22:37:09.0000005,16.534712
2011-05-11 13:24:37.0000004,9.268242
2011-05-11 13:24:37.0000001,9.073301
2011-05-11 13:24:37.0000003,5.257343
2014-04-09 08:42:05.0000002,10.435984
2014-04-09 08:42:05.0000001,6.8823195
2014-10-13 00:42:05.0000001,14.770267
2013-12-08 10:41:05.0000003,5.916051
2013-12-08 10:41:05.0000008,14.323552
2013-12-08 10:41:05.0000006,11.1545315
2013-12-08 10:41:05.0000004,7.3575535
2013-12-08 10:41:05.0000001,10.890977
2013-12-08 10:41:05.0000005,8.317854
2013-02-14 02:02:13.0000001,4.859047
2009-07-04 13:00:57.0000001,9.653415
2009-07-04 13:00:57.0000003,8.377358
2013-03-20 03:01:29.0000001,3.8464293
2010-08-25 12:03:21.0000002,10.618524
2010-08-25 12:03:21.0000001,5.854072
2013-09-08 03:47:57.0000001,21.098646
2013-09-08 03:47:57.0000003,9.112271
2012-12-19 16:29:33.0000002,10.370718
2012-12-19 16:29:33.0000001,5.914428
2009-05-15 21:19:13.0000001,11.429267
2009-05-15 21:19:13.0000002,5.3149557
2012-06-06 17:33:05.0000001,9.58198
2012-06-06 17:33:05.0000002,6.3018293
2012-06-06 17:33:05.0000003,11.901706
2012-06-06 17:33:05.0000004,8.6712475
2011-09-20 00:07:17.0000001,8.31133
2010-01-29 08:32:53.0000007,5.0478067
2010-01-29 08:32:53.0000004,9.394519
2010-01-29 08:32:53.0000001,6.730799
2010-01-29 08:32:53.0000003,10.148752
2010-01-29 08:32:53.0000005,6.7678356
2010-01-29 08:32:53.0000006,5.9270763
2015-05-15 01:51:49.0000002,9.719917
2015-05-15 01:51:49.0000001,12.073587
2015-05-15 01:51:49.0000005,9.660661
2015-05-15 01:51:49.0000004,2.5997524
2011-07-26 05:14:29.0000001,49.18868
2011-09-09 03:00:05.0000002,17.114473
2011-09-09 03:00:05.0000001,4.9404855
2012-11-12 10:06:17.0000004,7.234993
2012-11-12 10:06:17.0000005,10.165339
2012-11-12 10:06:17.0000002,7.7369685
2012-11-12 10:06:17.0000001,12.085743
2012-01-05 22:37:13.0000001,10.149433
2012-01-05 22:37:13.0000002,16.133385
2012-12-07 02:02:01.0000002,22.108805
2012-12-07 02:02:01.0000001,13.870047
2011-08-18 08:36:13.0000001,4.992433
2011-08-18 08:36:13.0000004,6.5734687
2011-08-18 08:36:13.0000003,11.012156
2011-08-18 08:36:13.0000006,7.726441
2011-08-18 08:36:13.0000002,16.603296
2014-05-16 15:30:05.0000002,7.399112
2014-05-16 15:30:05.0000001,10.127975
2014-03-15 07:19:25.0000001,11.54442
2009-12-21 17:23:09.0000001,5.679812
2013-12-01 22:23:57.0000002,6.371711
2013-12-01 22:23:57.0000001,16.17705
2014-01-03 15:48:49.0000003,9.514058
2014-01-03 15:48:49.0000002,6.7572985
2013-01-19 20:19:45.0000003,17.442492
2013-01-19 20:19:45.0000001,8.409445
2013-01-19 20:19:45.0000004,6.246938
2012-08-31 03:00:21.0000001,5.55411
2012-07-21 16:32:41.0000001,5.2704773
2012-07-21 16:32:41.0000002,4.3987937
2012-12-20 23:43:09.0000002,18.732725
2012-12-20 23:43:09.0000006,7.6843247
2012-12-20 23:43:09.0000005,13.828254
2012-12-20 23:43:09.0000003,5.729555
2009-06-13 18:40:13.0000002,12.553131
2009-06-13 18:40:13.0000003,12.013659
2014-11-16 09:12:45.0000001,15.898063
2013-03-25 15:17:33.0000001,4.6105685
2009-09-28 05:36:49.0000001,7.262496
2013-07-08 17:31:29.0000001,5.413461
2013-07-08 17:31:29.0000002,20.240288
2010-11-27 12:54:09.0000005,4.8434477
2010-11-27 12:54:09.0000004,6.6140676
2010-11-27 12:54:09.0000001,4.036995
2010-11-27 12:54:09.0000003,3.9091287
2010-11-27 12:54:09.0000002,16.32982
2011-02-15 02:43:33.0000002,10.21307
2011-02-15 02:43:33.0000001,15.497894
2012-10-25 06:12:37.0000001,6.8757815
2014-05-01 06:39:54.0000001,5.0907474
2015-03-17 21:44:26.0000001,12.658993
2015-03-17 21:44:26.0000006,9.489165
2015-03-17 21:44:26.0000005,17.034527
2015-03-17 21:44:26.0000003,12.378761
2015-03-17 21:44:26.0000004,13.085712
2011-05-02 13:26:54.0000003,5.942327
2011-05-02 13:26:54.0000001,4.093989
2011-05-02 13:26:54.0000002,11.253093
2009-01-06 07:36:34.0000003,10.004996
2009-01-06 07:36:34.0000002,5.6914477
2009-01-06 07:36:34.0000004,10.757421
2010-06-23 10:29:22.0000005,4.24739
2010-06-23 10:29:22.0000001,14.20201
2010-06-23 10:29:22.0000004,5.0696797
2010-06-23 10:29:22.0000003,12.79658
2010-06-23 10:29:22.0000002,10.858007
2013-01-22 08:20:26.0000001,5.220064
2013-01-22 08:20:26.0000002,6.944592
2009-11-25 11:14:26.0000001,4.8483977
2009-11-25 11:14:26.0000002,9.226143
2012-12-04 06:52:02.0000001,11.862618
2012-12-04 06:52:02.0000002,13.016251
2012-12-04 06:52:02.0000003,9.499772
2014-05-27 10:31:46.0000001,9.217726
2014-05-27 10:31:46.0000003,21.5985
2014-05-27 10:31:46.0000002,20.810654
2009-09-20 22:15:46.0000001,8.904246
2011-06-30 08:40:22.0000001,4.711168
2011-06-30 08:40:22.0000002,8.680915
2010-05-10 09:14:30.0000003,8.57219
2010-05-10 09:14:30.0000001,5.069368
2010-05-10 09:14:30.0000002,6.079187
2010-05-10 09:14:30.0000004,5.26212
2010-11-25 16:10:30.0000001,16.443302
2014-11-18 16:06:14.0000001,8.610063
2013-01-20 20:41:26.0000003,14.210808
2013-01-20 20:41:26.0000001,16.509853
2015-06-07 00:38:14.0000003,8.556121
2009-01-03 00:51:02.0000004,8.226271
2009-01-03 00:51:02.0000003,6.088515
2010-09-28 11:54:02.0000004,6.6088843
2010-09-28 11:54:02.0000005,9.342519
2010-09-28 11:54:02.0000003,6.2384987
2010-09-28 11:54:02.0000001,7.1626987
2010-09-28 11:54:02.0000002,19.34315
2013-11-07 17:01:14.0000001,41.218475
2013-11-07 17:01:14.0000006,7.268372
2013-11-07 17:01:14.0000002,8.147258
2013-11-07 17:01:14.0000003,4.748669
2013-11-07 17:01:14.0000005,6.159464
2013-11-07 17:01:14.0000004,10.147248
2009-11-29 08:05:46.0000001,5.97241
2012-10-21 17:43:26.0000003,7.273294
2012-10-21 17:43:26.0000002,9.756192
2012-10-21 17:43:26.0000006,5.3795824
2012-10-21 17:43:26.0000001,7.8479123
2012-10-21 17:43:26.0000004,10.249247
2012-10-21 17:43:26.0000005,8.749014
2013-07-31 06:52:46.0000001,5.3263664
2013-02-04 12:10:10.0000002,7.1818857
2013-02-04 12:10:10.0000001,7.0293202
2013-10-18 09:06:14.0000001,7.4880724
2009-04-26 17:29:42.0000004,5.102004
2009-04-26 17:29:42.0000002,6.4439335
2009-04-26 17:29:42.0000005,9.872584
2009-04-26 17:29:42.0000003,7.753965
2009-04-26 17:29:42.0000006,7.3705854
2015-04-12 21:56:22.0000004,21.474047
2015-04-12 21:56:22.0000002,8.457534
2015-04-12 21:56:22.0000001,58.574936
2015-02-25 22:00:38.0000003,23.992928
2015-02-25 22:00:38.0000006,11.719237
2015-02-25 22:00:38.0000001,17.520954
2015-02-25 22:00:38.0000004,12.577868
2015-02-25 22:00:38.0000005,23.683498
2013-12-30 00:48:42.0000003,5.3861866
2013-12-30 00:48:42.0000002,17.05231
2013-12-30 00:48:42.0000001,8.777361
2012-11-20 21:15:22.0000004,10.291901
2012-11-20 21:15:22.0000001,5.7798567
2012-11-20 21:15:22.0000003,19.77014
2012-11-20 21:15:22.0000006,8.647036
2012-11-20 21:15:22.0000005,14.804936
2012-11-20 21:15:22.0000002,22.605076
2012-11-20 21:15:22.0000007,9.263244
2010-03-21 16:52:58.0000002,30.98666
2010-03-21 16:52:58.0000001,10.577233
2010-03-21 16:52:58.0000004,13.209592
2010-10-06 23:31:54.0000002,5.5226345
2013-07-09 21:59:42.0000002,38.97854
2012-06-23 09:43:42.0000006,13.435587
2012-06-23 09:43:42.0000001,3.8503623
2012-06-23 09:43:42.0000003,8.576989
2012-06-23 09:43:42.0000005,5.079105
2009-01-21 20:04:30.0000004,8.940464
2009-01-21 20:04:30.0000008,6.921546
2009-01-21 20:04:30.0000009,6.2046695
2009-01-21 20:04:30.0000003,8.152236
2009-01-21 20:04:30.0000001,6.375283
2009-01-21 20:04:30.0000005,6.9277015
2009-01-21 20:04:30.0000002,6.43636
2009-01-21 20:04:30.0000007,4.5529785
2013-12-18 14:26:58.0000003,23.369453
2013-12-18 14:26:58.0000001,10.566966
2014-04-26 18:02:26.0000002,12.624967
2014-04-26 18:02:26.0000001,10.2487
2010-11-21 00:32:50.0000003,5.5365715
2010-11-21 00:32:50.0000002,12.844034
2010-11-21 00:32:50.0000001,5.3201656
2013-02-07 21:29:22.0000003,8.882467
2013-02-07 21:29:22.0000002,9.954733
2013-02-07 21:29:22.0000004,12.997188
2013-02-07 21:29:22.0000001,13.186414
2010-11-15 18:15:14.0000002,8.209688
2010-11-15 18:15:14.0000001,6.7929716
2010-11-15 18:15:14.0000003,6.4184
2010-11-15 18:15:14.0000004,6.649884
2013-10-26 10:46:46.0000005,8.600907
2013-10-26 10:46:46.0000002,10.437121
2013-10-26 10:46:46.0000004,10.621391
2013-10-26 10:46:46.0000001,5.5136347
2013-07-18 10:24:58.0000001,5.9745317
2010-05-14 04:15:54.0000001,6.5603914
2013-09-14 18:51:46.0000002,12.300809
2009-05-27 23:09:54.0000001,9.9175625
2013-05-23 23:54:42.0000002,10.034798
2013-05-23 23:54:42.0000006,6.786862
2013-05-23 23:54:42.0000001,13.838467
2013-05-23 23:54:42.0000005,16.495487
2013-05-23 23:54:42.0000003,12.838148
2015-05-23 01:00:22.0000001,5.013432
2009-11-23 19:06:14.0000004,13.746011
2009-11-23 19:06:14.0000003,6.3483896
2009-11-23 19:06:14.0000002,4.5484653
2009-11-23 19:06:14.0000006,56.982384
2011-06-22 00:06:34.0000001,6.5986176
2014-07-02 02:27:22.0000001,4.235114
2012-11-18 14:55:42.0000002,6.7444034
2012-11-18 14:55:42.0000003,7.814508
2012-11-18 14:55:42.0000004,6.7696157
2009-01-12 17:54:26.0000001,4.691089
2012-10-10 06:59:02.0000002,8.489311
2012-10-10 06:59:02.0000003,7.3480554
2012-10-10 06:59:02.0000001,7.245583
2010-01-24 14:09:58.0000001,5.6619253
2010-09-01 08:23:54.0000001,12.809368
2011-12-10 23:39:06.0000002,20.597511
2011-05-22 03:09:50.0000002,20.003277
2011-05-22 03:09:50.0000005,4.638952
2011-05-22 03:09:50.0000001,5.726299
2011-05-22 03:09:50.0000004,21.074484
2011-05-22 03:09:50.0000003,19.168085
2013-06-29 14:26:06.0000004,20.545033
2013-06-29 14:26:06.0000003,6.4421773
2013-06-29 14:26:06.0000002,6.6514125
2013-06-29 14:26:06.0000001,15.111842
2011-01-25 10:31:26.0000001,12.230719
2011-01-25 10:31:26.0000002,7.1953173
2013-02-11 01:03:30.0000001,23.210897
2009-12-17 15:54:46.0000005,10.0697155
2009-12-17 15:54:46.0000003,4.2975783
2009-12-17 15:54:46.0000001,9.7705345
2009-12-17 15:54:46.0000004,5.616205
2012-03-17 05:33:02.0000001,9.886369
2009-10-24 19:48:30.0000001,4.908635
2009-10-24 19:48:30.0000002,7.1231112
2009-10-24 19:48:30.0000003,12.46069
2013-03-23 00:10:26.0000004,34.602848
2013-03-23 00:10:26.0000002,4.951669
2013-03-23 00:10:26.0000001,42.53979
2013-03-23 00:10:26.0000003,19.177736
2010-06-16 18:41:54.0000001,7.1852455
2010-06-16 18:41:54.0000002,7.47429
2011-01-15 04:13:38.0000002,3.5722709
2014-07-27 11:25:18.0000001,4.1200533
2014-07-27 11:25:18.0000002,5.930939
2011-11-02 08:21:50.0000002,6.861052
2015-05-16 04:37:50.0000001,10.512967
2015-05-16 04:37:50.0000002,10.9254055
2009-03-15 03:31:14.0000002,9.340365
2009-03-15 03:31:14.0000001,6.512988
2014-09-08 19:07:46.0000002,14.431417
2009-08-28 11:58:58.0000001,4.494519
2010-04-24 23:31:50.0000001,5.73964
2010-04-24 23:31:50.0000003,11.071982
2013-06-13 14:50:50.0000002,12.696163
2013-06-13 14:50:50.0000001,10.149007
2010-07-07 06:22:38.0000002,14.585121
2010-07-07 06:22:38.0000001,7.98073
2009-03-24 00:11:26.0000001,8.531681
2009-03-24 00:11:26.0000002,9.447632
2013-10-23 14:27:10.0000001,5.7175803
2011-03-03 21:31:42.0000007,13.169332
2011-03-03 21:31:42.0000001,6.1972933
2011-03-03 21:31:42.0000008,8.411598
2011-03-03 21:31:42.0000006,6.3755627
2011-03-03 21:31:42.0000005,6.0625305
2011-09-05 10:47:26.0000002,15.273409
2011-09-05 10:47:26.0000003,16.388319
2011-09-05 10:47:26.0000004,10.953878
2012-08-04 23:34:58.0000001,9.749861
2012-08-04 23:34:58.0000004,5.0758114
2012-08-04 23:34:58.0000002,6.6568646
2015-01-29 13:15:50.0000003,11.172366
2015-01-29 13:15:50.0000004,7.157203
2015-01-29 13:15:50.0000007,10.644601
2015-01-29 13:15:50.0000006,13.243185
2015-01-29 13:15:50.0000008,5.205485
2015-01-29 13:15:50.0000005,7.6070957
2015-01-29 13:15:50.0000002,7.1158915
2015-01-29 13:15:50.0000009,10.101096
2012-09-16 12:48:06.0000004,7.23056
2012-09-16 12:48:06.0000001,11.584736
2012-09-16 12:48:06.0000003,15.89329
2015-04-10 11:56:54.0000008,7.0279474
2015-04-10 11:56:54.0000001,14.611157
2015-04-10 11:56:54.0000002,26.291286
2015-04-10 11:56:54.0000007,56.33777
2015-04-10 11:56:54.0000003,8.305437
2015-05-05 12:32:14.0000007,11.756127
2015-05-05 12:32:14.0000006,12.042764
2015-05-05 12:32:14.0000003,10.18888
2015-05-05 12:32:14.0000004,8.389867
2015-05-05 12:32:14.0000002,10.067481
2015-05-05 12:32:14.0000005,12.350822
2015-05-05 12:32:14.0000001,17.304277
2013-10-15 23:31:26.0000001,7.5267453
2014-08-24 01:17:38.0000001,5.5941243
2013-04-04 07:01:06.0000003,12.6834345
2013-04-04 07:01:06.0000001,4.3816233
2013-04-04 07:01:06.0000002,7.609717
2013-06-21 18:06:14.0000001,8.788209
2013-06-21 18:06:14.0000005,12.267022
2013-06-21 18:06:14.0000004,6.3501105
2013-06-21 18:06:14.0000003,11.202399
2013-06-21 18:06:14.0000006,8.323074
2009-08-03 21:09:42.0000001,5.7997417
2009-08-03 21:09:42.0000003,5.606013
2009-08-03 21:09:42.0000002,7.9440985
2009-08-03 21:09:42.0000004,6.3058934
2013-10-13 19:52:54.0000003,5.438428
2013-10-13 19:52:54.0000001,5.925369
2014-11-14 11:09:46.0000001,7.577277
2014-11-14 11:09:46.0000002,32.260193
2015-06-25 01:01:46.0000003,5.081531
2015-06-25 01:01:46.0000001,9.218471
2009-05-19 15:44:30.0000003,8.834411
2014-01-26 08:48:30.0000001,17.854387
2014-01-26 08:48:30.0000002,4.0770698
2012-01-19 02:06:02.0000001,4.480267
2014-12-25 21:32:58.0000001,10.820268
2012-08-09 07:49:02.0000001,11.203378
2012-08-09 07:49:02.0000003,15.952839
2012-08-09 07:49:02.0000002,6.926866
2014-08-10 05:03:50.0000001,30.21644
2010-01-11 15:18:14.0000002,5.899636
2010-01-11 15:18:14.0000003,5.1935487
2010-01-11 15:18:14.0000004,7.018564
2010-01-11 15:18:14.0000001,6.209591
2009-11-10 15:56:38.0000006,6.2097907
2009-11-10 15:56:38.0000002,8.465615
2009-11-10 15:56:38.0000004,9.062153
2009-11-10 15:56:38.0000003,47.94884
2009-11-10 15:56:38.0000005,4.1761284
2009-11-10 15:56:38.0000001,10.029608
2012-10-18 09:17:42.0000002,9.193331
2012-10-18 09:17:42.0000001,9.320527
2010-12-06 13:19:58.0000003,5.8809843
2010-12-06 13:19:58.0000002,8.720667
2010-12-06 13:19:58.0000001,4.40473
2011-07-30 15:27:58.0000003,7.101307
2011-07-30 15:27:58.0000002,6.2654147
2011-07-20 04:21:54.0000001,5.0413313
2011-07-20 04:21:54.0000002,7.585284
2009-03-10 19:51:34.0000003,5.433275
2009-03-10 19:51:34.0000004,12.2599325
2009-03-10 19:51:34.0000005,5.669849
2009-03-10 19:51:34.0000002,12.38578
2009-03-10 19:51:34.0000001,5.783075
2011-11-15 22:33:42.0000001,8.778292
2011-11-15 22:33:42.0000002,12.8618145
2010-09-24 22:40:06.0000005,8.035737
2010-09-24 22:40:06.0000003,24.891455
2010-09-24 22:40:06.0000006,7.2757106
2010-09-24 22:40:06.0000002,8.405629
2010-09-24 22:40:06.0000001,7.2839875
2010-02-06 17:37:10.0000007,4.920501
2010-02-06 17:37:10.0000004,5.5818
2010-02-06 17:37:10.0000006,7.0638905
2010-02-06 17:37:10.0000003,5.233169
2012-05-11 02:43:18.0000002,7.1041093
2012-05-11 02:43:18.0000001,4.035357
2011-09-25 21:18:06.0000001,8.181785
2011-09-25 21:18:06.0000002,12.026752
2013-12-18 03:16:02.0000001,13.562334
2012-01-26 01:32:42.0000001,7.369526
2012-01-26 01:32:42.0000002,4.302423
2011-10-02 03:06:34.0000001,6.902666
2012-03-31 12:52:46.0000002,7.0501156
2012-03-31 12:52:46.0000001,16.829681
2014-06-15 00:51:42.0000001,15.274542
2009-04-21 17:27:58.0000001,8.83443
2009-04-21 17:27:58.0000002,6.176628
2012-08-13 15:02:26.0000002,5.7300267
2012-08-13 15:02:26.0000003,6.909337
2014-10-27 11:56:50.0000001,6.841407
2014-10-27 11:56:50.0000002,18.379976
2014-10-27 11:56:50.0000003,10.647769
2009-09-29 18:03:18.0000001,11.578133
2011-10-30 16:52:26.0000001,5.334632
2011-10-30 16:52:26.0000002,5.8193617
2014-11-24 23:39:26.0000002,21.122295
2014-11-24 23:39:26.0000001,28.942495
2011-08-16 14:41:50.0000001,9.447874
2011-08-16 14:41:50.0000003,6.40565
2011-08-16 14:41:50.0000002,9.111671
2013-01-14 18:42:54.0000002,18.299868
2013-01-14 18:42:54.0000006,6.59061
2013-01-14 18:42:54.0000001,5.294582
2013-01-14 18:42:54.0000007,4.8389173
2013-01-14 18:42:54.0000008,9.8965225
2009-04-18 23:09:34.0000002,11.251791
2009-11-11 21:20:18.0000001,5.0166783
2009-11-11 21:20:18.0000003,18.834757
2012-07-24 01:12:50.0000004,15.830569
2012-07-24 01:12:50.0000003,5.5276456
2012-07-24 01:12:50.0000001,13.439304
2012-07-24 01:12:50.0000002,6.920489
2012-07-24 01:12:50.0000005,10.705232
2009-04-18 02:44:34.0000003,7.6941614
2009-04-18 02:44:34.0000002,10.6317425
2014-07-18 06:32:22.0000001,6.855152
2014-01-10 12:28:38.0000001,9.574991
2011-08-08 15:27:22.0000001,4.110461
2014-07-30 14:42:34.0000001,7.4079013
2014-07-30 14:42:34.0000003,28.163544
2014-07-30 14:42:34.0000002,15.5765085
2014-08-26 16:39:54.0000002,15.721992
2014-10-11 00:26:38.0000002,15.056877
2014-10-11 00:26:38.0000003,12.953515
2014-10-11 00:26:38.0000001,10.658131
2014-10-11 00:26:38.0000005,11.87193
2014-10-11 00:26:38.0000007,5.855256
2014-10-11 00:26:38.0000006,22.741293
2009-08-15 14:25:02.0000001,9.752697
2009-09-22 06:43:46.0000001,5.3067737
2014-05-14 00:00:34.0000001,8.117408
2014-05-14 00:00:34.0000002,11.521841
2014-10-14 01:57:26.0000001,5.0448484
2009-05-31 20:56:38.0000002,35.013485
2009-05-31 20:56:38.0000003,6.872701
2009-05-31 20:56:38.0000001,4.968556
2009-07-11 12:59:58.0000001,9.867193
2010-06-02 15:33:06.0000001,5.263711
2010-06-02 15:33:06.0000002,5.792154
2010-06-02 15:33:06.0000003,4.288857
2010-01-30 02:13:06.0000002,4.2923217
2010-01-30 02:13:06.0000001,3.6073453
2010-01-30 02:13:06.0000003,10.220972
2014-01-05 17:47:02.0000003,7.614021
2014-01-05 17:47:02.0000002,10.408314
2009-03-21 09:59:50.0000003,46.67904
2009-03-21 09:59:50.0000002,9.092344
2009-03-21 09:59:50.0000001,4.877795
2009-08-26 23:55:38.0000002,8.994805
2009-06-09 15:10:50.0000002,48.983894
2009-06-09 15:10:50.0000001,4.710107
2011-09-18 06:14:54.0000001,6.9878983
2009-03-27 16:05:22.0000004,32.045334
2009-03-27 16:05:22.0000005,4.8393826
2009-03-27 16:05:22.0000001,9.023292
2009-03-27 16:05:22.0000006,6.3692513
2009-03-27 16:05:22.0000003,9.337712
2009-03-27 16:05:22.0000002,6.2167764
2015-05-29 10:02:42.0000005,9.381267
2015-05-29 10:02:42.0000003,8.267557
2015-05-29 10:02:42.0000004,9.302126
2012-09-07 23:20:34.0000004,19.670532
2012-09-07 23:20:34.0000003,12.449963
2012-09-07 23:20:34.0000001,6.2496257
2014-03-07 10:36:50.0000002,8.047545
2014-03-07 10:36:50.0000001,8.8484955
2013-03-17 23:47:50.0000002,18.298397
2013-03-17 23:47:50.0000001,6.865514
2015-06-30 20:03:50.0000005,9.3972225
2015-06-30 20:03:50.0000001,113.26549
2015-06-30 20:03:50.0000003,10.511809
2015-06-30 20:03:50.0000004,6.67178
2015-05-11 02:21:26.0000002,4.4151907
2015-05-11 02:21:26.0000001,13.331432
2015-01-10 14:32:14.0000001,9.120586
2014-12-05 14:14:14.0000001,9.512086
2014-12-05 14:14:14.0000002,12.653595
2012-04-23 12:23:18.0000001,7.7990994
2012-04-23 12:23:18.0000003,4.449065
2012-04-23 12:23:18.0000002,33.593174
2012-09-01 13:33:14.0000003,6.5907617
2012-09-01 13:33:14.0000002,10.506474
2012-09-01 13:33:14.0000001,13.199968
2011-04-17 14:55:58.0000001,4.1407104
2010-05-31 20:43:42.0000002,7.360756
2013-11-22 23:44:34.0000002,12.488187
2013-11-22 23:44:34.0000001,8.152702
2013-05-17 05:30:10.0000002,12.125967
2013-05-17 05:30:10.0000001,7.628963
2009-07-28 11:13:10.0000001,10.873143
2014-05-18 14:43:26.0000001,10.3397455
2014-05-18 14:43:26.0000002,6.7917795
2014-05-18 14:43:26.0000003,7.065628
2011-10-08 18:18:26.0000005,9.19125
2011-10-08 18:18:26.0000001,4.316385
2011-10-08 18:18:26.0000004,13.699149
2013-09-27 04:39:14.0000001,25.374018
2011-02-08 01:44:18.0000001,12.003729
2015-01-12 06:21:38.0000001,6.9987164
2015-01-12 06:21:38.0000002,22.479286
2010-03-23 13:23:34.0000004,5.4834385
2010-03-23 13:23:34.0000002,14.602295
2010-03-23 13:23:34.0000001,5.0477576
2009-04-02 06:19:02.0000001,9.183868
2012-01-12 18:05:10.0000003,9.202479
2012-01-12 18:05:10.0000001,25.733475
2014-11-21 02:04:42.0000002,10.630337
2014-11-21 02:04:42.0000003,14.488369
2014-11-21 02:04:42.0000001,28.678385
2010-10-09 03:54:42.0000001,6.1314964
2012-04-03 12:26:14.0000002,5.8087173
2012-04-03 12:26:14.0000001,31.881105
2012-04-03 12:26:14.0000003,11.632954
2010-12-21 08:46:02.0000005,10.495951
2010-12-21 08:46:02.0000004,7.663117
2010-12-21 08:46:02.0000003,9.908507
2010-06-19 22:52:30.0000002,5.968676
2010-06-19 22:52:30.0000001,11.321397
2013-01-03 01:43:10.0000001,24.858423
2013-11-24 03:44:46.0000004,10.837116
2013-11-24 03:44:46.0000002,15.232521
2013-11-24 03:44:46.0000005,15.427612
2011-04-16 12:57:18.0000001,5.8809304
2012-10-11 22:24:18.0000001,10.343666
2010-12-13 23:24:02.0000002,8.580957
2010-12-13 23:24:02.0000001,8.977336
2011-09-14 23:42:46.0000001,10.676921
2011-05-17 23:42:46.0000001,4.8879023
2011-05-17 23:42:46.0000004,43.68043
2011-05-17 23:42:46.0000002,10.457082
2011-05-17 23:42:46.0000005,4.5108266
2011-05-17 23:42:46.0000007,8.353594
2013-06-30 03:37:26.0000002,5.5861053
2013-06-30 03:37:26.0000005,18.902063
2013-06-30 03:37:26.0000001,4.8677444
2013-06-30 03:37:26.0000004,17.736341
2011-05-26 21:36:54.0000001,5.173193
2009-11-09 06:00:22.0000001,3.6198053
2014-01-09 17:27:18.0000002,33.118275
2014-01-09 17:27:18.0000001,5.386633
2014-01-09 17:27:18.0000005,9.61011
2014-01-09 17:27:18.0000006,5.0920424
2014-01-09 17:27:18.0000007,7.798245
2012-07-01 00:24:58.0000003,7.366085
2012-07-01 00:24:58.0000001,8.373346
2012-07-01 00:24:58.0000002,12.828414
2010-06-02 14:55:22.0000003,6.8973513
2010-06-02 14:55:22.0000002,5.063473
2010-06-02 14:55:22.0000004,6.770049
2010-06-02 14:55:22.0000006,7.705263
2010-06-02 14:55:22.0000001,15.653019
2010-06-02 14:55:22.0000005,8.612203
2013-03-07 08:50:34.0000001,22.189556
2013-03-07 08:50:34.0000005,7.218909
2013-03-07 08:50:34.0000002,13.682252
2013-03-07 08:50:34.0000006,13.360997
2013-03-07 08:50:34.0000003,13.712395
2013-03-07 08:50:34.0000004,12.7210045
2013-10-28 00:33:30.0000001,7.2021084
2013-11-23 16:33:30.0000003,13.373737
2013-11-23 16:33:30.0000001,6.75483
2014-11-06 07:56:46.0000002,7.2559466
2014-11-06 07:56:46.0000001,7.323933
2013-04-05 12:38:22.0000001,17.533726
2014-11-06 02:02:10.0000001,6.9931507
2012-10-09 07:47:46.0000002,9.265506
2012-10-09 07:47:46.0000001,11.694522
2012-10-09 07:47:46.0000003,9.764991
2012-10-09 07:47:46.0000004,10.2521
2012-10-09 07:47:46.0000005,4.99489
2013-11-21 22:21:58.0000001,18.219221
2014-12-20 01:57:26.0000001,10.262987
2014-12-20 01:57:26.0000004,6.3067694
2014-12-20 01:57:26.0000003,10.367143
2014-12-20 01:57:26.0000002,5.3209267
2010-01-09 13:24:22.0000003,5.591904
2011-11-02 02:18:18.0000001,17.502708
2009-03-11 21:46:54.0000003,8.7313385
2009-03-11 21:46:54.0000005,15.727039
2009-03-11 21:46:54.0000001,8.139099
2009-03-11 21:46:54.0000004,24.054752
2014-12-07 03:45:18.0000001,7.481437
2014-12-07 03:45:18.0000002,15.403699
2014-12-07 03:45:18.0000004,18.367844
2014-12-07 03:45:18.0000003,8.037046
2014-11-29 19:23:58.0000001,11.3913355
2010-03-04 09:49:38.0000002,18.779232
2010-03-04 09:49:38.0000001,8.020355
2010-03-04 09:49:38.0000003,3.8830757
2009-10-10 06:52:06.0000001,4.8287086
2009-10-10 06:52:06.0000002,9.606796
2012-08-22 20:54:46.0000003,7.5680847
2012-08-22 20:54:46.0000001,8.648448
2012-08-22 20:54:46.0000002,5.1896434
2015-05-01 07:49:14.0000001,4.3536954
2009-02-21 20:49:34.0000001,9.104454
2012-08-10 14:04:14.0000005,7.476256
2012-08-10 14:04:14.0000006,23.227402
2012-08-10 14:04:14.0000004,6.008046
2012-08-10 14:04:14.0000003,5.1171074
2012-08-10 14:04:14.0000007,5.4950576
2012-08-10 14:04:14.0000002,8.535657
2013-05-10 21:08:18.0000002,20.857824
2013-05-10 21:08:18.0000003,8.438625
2013-05-10 21:08:18.0000005,6.49761
2013-05-10 21:08:18.0000004,12.655568
2013-05-10 21:08:18.0000001,5.3157763
2009-09-25 12:59:18.0000001,8.171382
2014-08-02 21:05:42.0000002,14.027723
2014-08-02 21:05:42.0000001,6.276021
2013-10-29 20:16:10.0000002,5.692701
2013-10-29 20:16:10.0000001,16.530563
2009-11-11 22:49:46.0000003,8.81466
2009-11-11 22:49:46.0000002,7.5695567
2009-11-11 22:49:46.0000001,5.5465775
2009-10-17 03:52:42.0000002,7.4803033
2009-10-17 03:52:42.0000007,5.420741
2009-10-17 03:52:42.0000006,6.3030953
2009-10-17 03:52:42.0000003,12.133016
2009-10-17 03:52:42.0000001,5.1443977
2009-10-17 03:52:42.0000004,5.4760923
2014-02-27 09:36:26.0000007,11.722253
2014-02-27 09:36:26.0000008,9.277416
2014-02-27 09:36:26.0000002,5.5852523
2014-02-27 09:36:26.0000005,5.46617
2014-02-27 09:36:26.0000003,6.731274
2014-02-27 09:36:26.0000006,11.631994
2014-02-27 09:36:26.0000004,15.153396
2014-02-27 09:36:26.0000009,4.6774626
2012-12-26 17:12:30.0000003,9.649651
2012-12-26 17:12:30.0000005,21.414095
2012-12-26 17:12:30.0000001,8.268648
2012-12-26 17:12:30.0000004,8.999943
2014-03-11 20:24:02.0000003,7.381105
2014-03-11 20:24:02.0000002,7.168279
2014-03-11 20:24:02.0000004,7.1945314
2011-01-29 09:28:38.0000002,7.1581173
2011-01-29 09:28:38.0000001,7.3507066
2011-01-29 09:28:38.0000003,8.630646
2011-01-29 09:28:38.0000005,5.431572
2011-01-29 09:28:38.0000004,7.452741
2015-05-07 15:33:26.0000003,5.357588
2015-05-07 15:33:26.0000007,6.4922085
2015-05-07 15:33:26.0000001,10.529265
2015-05-07 15:33:26.0000002,13.916256
2015-05-07 15:33:26.0000006,6.7559733
2010-10-25 13:31:22.0000003,4.50331
2010-10-25 13:31:22.0000002,17.472553
2010-10-25 13:31:22.0000001,4.6939597
2010-10-25 13:31:22.0000004,10.085739
2012-09-10 21:07:54.0000005,23.007383
2012-09-10 21:07:54.0000004,11.508055
2012-09-10 21:07:54.0000003,4.8200054
2012-09-10 21:07:54.0000007,10.808042
2012-09-10 21:07:54.0000002,9.804826
2012-09-10 21:07:54.0000006,8.764221
2012-09-10 21:07:54.0000001,7.2487793
2012-04-15 21:54:22.0000001,6.888236
2012-04-20 00:06:10.0000007,6.029497
2012-04-20 00:06:10.0000001,6.626194
2012-04-20 00:06:10.0000002,8.757077
2012-04-20 00:06:10.0000006,7.021903
2012-04-20 00:06:10.0000005,4.516503
2012-04-20 00:06:10.0000008,13.570427
2012-06-12 23:10:42.0000001,10.017638
2012-06-12 23:10:42.0000003,10.712269
2012-06-12 23:10:42.0000002,27.011915
2009-04-30 22:25:26.0000004,12.580487
2009-04-30 22:25:26.0000003,10.642502
2009-04-30 22:25:26.0000002,5.507182
2009-04-30 22:25:26.0000001,6.0181456
2011-02-20 06:18:34.0000001,31.595133
2011-02-20 06:18:34.0000002,5.957482
2013-04-21 19:50:54.0000003,42.3561
2011-06-11 21:33:18.0000001,12.371723
2013-02-06 18:21:18.0000006,8.596759
2013-02-06 18:21:18.0000002,9.536824
2013-02-06 18:21:18.0000003,13.666476
2013-02-06 18:21:18.0000004,6.293883
2014-05-01 21:05:34.0000002,4.646849
2014-05-01 21:05:34.0000003,16.811174
2013-07-21 11:41:26.0000001,14.444764
2013-07-21 11:41:26.0000002,4.517301
2011-04-22 19:23:54.0000001,11.185766
2011-04-22 19:23:54.0000003,5.857732
2011-04-22 19:23:54.0000002,46.43061
2012-09-04 05:46:50.0000001,5.9775352
2012-09-04 05:46:50.0000002,27.63906
2009-03-24 11:57:34.0000005,14.230914
2009-03-24 11:57:34.0000004,5.491053
2009-03-24 11:57:34.0000003,4.350761
2009-03-24 11:57:34.0000002,3.2323875
2009-03-24 11:57:34.0000001,4.7247043
2011-07-05 22:05:34.0000001,7.3909597
2011-09-17 15:41:06.0000001,6.5677147
2011-09-17 15:41:06.0000003,4.183743
2011-12-25 04:37:10.0000001,12.104113
2015-03-05 13:21:58.0000002,12.398844
2015-03-05 13:21:58.0000003,7.3790402
2014-09-01 09:16:10.0000001,8.291626
2015-06-21 17:16:10.0000007,7.3772
2015-06-21 17:16:10.0000002,13.103036
2015-06-21 17:16:10.0000006,13.698666
2015-06-21 17:16:10.0000003,11.444341
2015-06-21 17:16:10.0000004,9.479468
2010-06-02 22:04:10.0000003,7.329885
2010-06-02 22:04:10.0000004,14.420513
2010-06-02 22:04:10.0000005,6.5666623
2010-06-02 22:04:10.0000006,5.181491
2014-03-01 09:37:02.0000001,5.960992
2014-03-01 09:37:02.0000002,6.409029
2014-03-01 09:37:02.0000003,60.048363
2011-07-18 12:12:18.0000001,6.053859
2011-07-18 12:12:18.0000003,5.418463
2011-07-18 12:12:18.0000002,6.9954457
2015-02-27 19:36:02.0000009,14.698016
2015-02-27 19:36:02.00000010,4.8229866
2015-02-27 19:36:02.00000012,15.01575
2015-02-27 19:36:02.0000004,6.7313247
2015-02-27 19:36:02.00000011,8.919327
2015-02-27 19:36:02.0000003,9.836424
2015-02-27 19:36:02.0000001,30.577576
2015-02-27 19:36:02.0000002,6.975181
2015-02-27 19:36:02.0000007,29.669245
2012-04-16 21:10:10.0000001,9.1436405
2015-06-14 08:26:26.0000001,4.1027894
2014-01-15 22:45:42.0000003,6.734414
2014-01-15 22:45:42.0000001,56.581947
2014-01-15 22:45:42.0000002,13.256478
2013-04-06 19:16:10.0000001,4.8269444
2013-04-06 19:16:10.0000003,9.322101
2013-04-06 19:16:10.0000004,8.35481
2013-04-06 19:16:10.0000005,12.958664
2014-03-08 16:08:26.0000002,13.558483
2014-03-08 16:08:26.0000004,4.7327304
2013-12-06 23:40:42.0000001,9.886314
2013-12-06 23:40:42.0000006,39.186146
2013-12-06 23:40:42.0000002,40.310524
2013-12-06 23:40:42.0000003,14.5318165
2013-08-19 17:09:50.0000001,4.8148727
2013-08-19 17:09:50.0000002,10.954004
2013-08-19 17:09:50.0000004,6.374874
2013-08-19 17:09:50.0000003,11.675303
2009-11-02 21:38:38.0000001,11.363104
2009-06-03 09:11:30.0000004,8.787474
2009-06-03 09:11:30.0000003,13.975513
2009-06-03 09:11:30.0000002,8.066655
2009-06-03 09:11:30.0000005,5.5080757
2015-03-12 13:01:54.0000002,10.055421
2015-03-12 13:01:54.0000005,14.185175
2015-03-12 13:01:54.0000004,9.416484
2015-03-12 13:01:54.0000001,5.977221
2013-02-05 06:13:58.0000003,12.613413
2013-02-05 06:13:58.0000002,53.45909
2013-02-05 06:13:58.0000001,18.776146
2014-05-19 06:39:34.0000001,5.3154855
2014-10-04 21:48:22.0000003,6.966184
2014-10-04 21:48:22.0000002,7.620629
2014-10-04 21:48:22.0000004,30.224619
2012-01-22 04:13:34.0000005,9.964832
2012-01-22 04:13:34.0000006,4.9998183
2012-01-22 04:13:34.0000004,8.889019
2012-01-22 04:13:34.0000002,11.2344675
2010-07-27 06:13:02.0000001,15.339352
2013-06-21 11:19:18.0000002,5.23647
2013-06-21 11:19:18.0000001,10.504249
2010-12-23 05:52:26.0000001,31.341545
2010-12-23 05:52:26.0000002,48.106472
2010-12-17 10:33:34.0000004,7.3470197
2010-12-17 10:33:34.0000002,4.1240897
2012-06-04 11:34:58.0000003,9.39196
2012-06-04 11:34:58.0000004,6.6384835
2012-06-04 11:34:58.0000001,16.335693
2009-07-05 16:31:30.0000001,4.4064975
2009-07-05 16:31:30.0000002,6.1966805
2009-07-05 16:31:30.0000003,22.214237
2012-12-08 20:08:38.0000004,5.7919865
2012-12-08 20:08:38.0000003,10.563277
2012-12-08 20:08:38.0000005,12.585365
2010-06-23 08:34:50.0000003,9.676623
2010-06-23 08:34:50.0000002,5.2569923
2010-06-23 08:34:50.0000001,6.7457223
2012-03-07 10:57:46.0000001,8.741416
2012-03-07 10:57:46.0000004,14.76367
2012-03-07 10:57:46.0000005,6.3347006
2012-03-07 10:57:46.0000002,7.8431787
2012-03-07 10:57:46.0000003,7.770728
2010-02-24 07:06:54.0000001,6.755341
2013-12-29 01:20:50.0000003,15.889584
2013-12-29 01:20:50.0000001,7.2104354
2014-03-28 22:34:26.0000001,20.778303
2014-03-28 22:34:26.0000004,4.998004
2014-03-28 22:34:26.0000003,9.765257
2010-12-04 21:08:38.0000002,11.148852
2010-12-04 21:08:38.0000001,17.1518
2010-12-04 21:08:38.0000006,7.8611574
2010-12-04 21:08:38.0000003,5.8351707
2010-03-07 17:09:42.0000002,8.800192
2010-03-07 17:09:42.0000003,6.633254
2010-03-07 17:09:42.0000001,11.46303
2010-03-07 17:09:42.0000004,11.994445
2013-09-07 19:43:18.0000004,13.42903
2013-09-07 19:43:18.0000005,18.31211
2013-09-07 19:43:18.0000006,12.025337
2013-09-07 19:43:18.0000008,8.611967
2013-09-07 19:43:18.0000001,7.257072
2013-12-20 15:31:06.0000001,8.352117
2013-12-20 15:31:06.0000002,10.186204
2010-09-06 04:31:54.0000001,15.268013
2013-11-01 05:26:54.0000001,50.286118
2010-03-07 00:47:26.0000004,16.783503
2012-03-20 01:55:42.0000001,18.446533
2011-10-02 05:06:46.0000001,12.730691
2010-10-31 18:45:58.0000003,4.697821
2010-10-31 18:45:58.0000002,19.636414
2010-10-31 18:45:58.0000001,7.8694015
2010-10-31 18:45:58.0000005,5.4415355
2015-02-03 09:00:58.0000002,10.5346
2012-08-08 08:58:50.0000001,7.6172533
2012-08-08 08:58:50.0000004,5.0555305
2012-08-08 08:58:50.0000005,6.684519
2012-08-08 08:58:50.0000003,8.265984
2011-04-08 15:01:02.0000001,9.780284
2011-04-08 15:01:02.0000003,5.626503
2009-01-14 03:42:38.0000001,10.278674
2015-01-10 09:38:54.0000007,12.041283
2015-01-10 09:38:54.0000003,7.307441
2015-01-10 09:38:54.0000004,13.459594
2010-12-04 09:25:10.0000001,10.709197
2010-12-04 09:25:10.0000002,7.320179
2009-05-12 17:08:06.0000001,15.274731
2013-11-07 02:07:22.0000001,17.308191
2014-10-03 00:50:06.0000004,18.078112
2014-10-03 00:50:06.0000001,6.7562184
2014-10-03 00:50:06.0000002,11.682457
2010-06-18 19:19:26.0000001,29.334486
2010-06-18 19:19:26.0000002,4.5952034
2010-06-18 19:19:26.0000003,6.3111835
2010-05-10 03:55:14.0000001,8.318522
2013-06-21 00:00:34.0000001,21.310232
2013-06-21 00:00:34.0000002,23.300869
2013-06-21 00:00:34.0000003,12.157173
2009-03-11 16:02:14.0000006,6.8032846
2009-03-11 16:02:14.0000004,6.923096
2009-03-11 16:02:14.0000002,9.941021
2009-03-11 16:02:14.0000001,5.126406
2009-03-11 16:02:14.0000005,7.0949616
2009-03-11 16:02:14.0000003,5.976242
2013-07-05 17:38:14.0000001,9.230161
2013-08-26 01:11:14.0000002,11.276372
2013-08-26 01:11:14.0000001,11.150215
2012-07-30 01:49:10.0000001,4.2717137
2012-07-30 01:49:10.0000002,17.30637
2011-05-13 03:57:10.0000001,6.2262235
2012-02-29 12:03:34.0000004,13.297966
2012-02-29 12:03:34.0000002,5.0028367
2012-02-29 12:03:34.0000001,8.682096
2013-12-17 17:59:22.0000001,5.2336774
2012-09-18 09:58:54.0000003,10.626934
2012-09-18 09:58:54.0000002,38.207664
2012-09-18 09:58:54.0000001,11.728695
2013-07-23 18:56:30.0000002,6.7545795
2013-07-23 18:56:30.0000001,6.520994
2014-05-15 01:39:14.0000001,28.574068
2013-09-16 14:16:34.0000003,6.9846263
2013-09-16 14:16:34.0000001,40.578358
2014-01-04 17:27:38.0000001,27.561178
2014-01-04 17:27:38.0000002,9.256925
2014-01-04 17:27:38.0000003,9.401901
2011-03-10 18:16:14.0000003,7.4872518
2011-03-10 18:16:14.0000004,5.9882083
2011-03-10 18:16:14.0000001,4.095522
2013-04-05 06:42:26.0000002,7.238991
2013-04-05 06:42:26.0000001,12.808605
2009-03-11 12:01:30.0000001,15.182708
2009-03-11 12:01:30.0000002,5.6229563
2009-03-11 12:01:30.0000004,7.0292325
2015-01-20 05:31:06.0000001,59.1388
2009-08-03 17:06:06.0000001,5.2655416
2014-01-05 08:51:10.0000001,6.0779233
2010-03-13 01:23:10.0000002,22.454182
2010-03-13 01:23:10.0000003,5.376904
2012-05-30 02:28:50.0000001,10.080359
2012-07-26 12:40:38.0000002,6.6598663
2012-07-26 12:40:38.0000001,33.73649
2012-07-26 12:40:38.0000003,9.8267145
2010-09-22 16:28:54.0000003,7.5080857
2010-09-22 16:28:54.0000001,9.309525
2010-09-22 16:28:54.0000002,26.409157
2014-05-26 22:57:10.0000002,5.8259544
2014-05-26 22:57:10.0000003,14.699057
2014-05-26 22:57:10.0000005,6.519399
2014-05-26 22:57:10.0000004,9.961133
2012-02-11 07:03:34.0000001,4.3441634
2010-06-27 05:03:38.0000001,7.1890383
2014-09-29 11:51:06.0000001,20.102528
2014-09-29 11:51:06.0000002,5.733699
2010-09-04 18:31:42.0000002,10.409026
2010-09-04 18:31:42.0000001,17.93545
2015-04-14 19:20:46.0000001,10.305867
2015-04-14 19:20:46.0000005,5.777027
2015-04-14 19:20:46.00000010,5.063103
2015-04-14 19:20:46.0000007,7.1975975
2015-04-14 19:20:46.0000004,6.476268
2015-04-14 19:20:46.0000003,11.863997
2015-04-14 19:20:46.0000006,7.613689
2015-04-14 19:20:46.0000002,8.425675
2015-04-14 19:20:46.0000009,9.803349
2009-07-20 08:53:34.0000002,5.371687
2009-07-20 08:53:34.0000001,6.709408
2013-04-03 16:09:02.0000002,4.2445107
2013-04-03 16:09:02.0000001,79.712685
2009-11-20 23:19:58.0000001,6.737098
2009-11-20 23:19:58.0000002,9.722242
2012-08-04 09:01:54.0000002,9.107168
2012-08-04 09:01:54.0000001,4.0997915
2011-09-22 20:05:22.0000007,9.79159
2011-09-22 20:05:22.0000001,10.105754
2011-09-22 20:05:22.0000005,10.787526
2011-09-22 20:05:22.0000006,6.0748158
2014-08-09 01:27:30.0000002,6.9078803
2011-02-15 05:44:42.0000002,11.612582
2011-02-15 05:44:42.0000001,48.318264
2014-10-31 12:04:26.0000002,30.702255
2014-10-31 12:04:26.0000001,7.728289
2015-02-09 07:16:26.0000006,4.3509946
2015-02-09 07:16:26.0000004,5.7822676
2015-02-09 07:16:26.0000007,5.0434103
2015-02-09 07:16:26.0000001,4.9024115
2015-02-09 07:16:26.0000002,10.772236
2015-02-09 07:16:26.0000008,5.585199
2015-02-09 07:16:26.0000003,8.851619
2011-09-08 17:26:34.0000001,8.620861
2011-09-08 17:26:34.0000003,11.821816
2011-09-08 17:26:34.0000002,11.125219
2011-09-08 17:26:34.0000004,7.924482
2013-04-10 21:03:42.0000004,6.254375
2013-04-10 21:03:42.0000005,9.408136
2013-04-10 21:03:42.0000003,5.912255
2013-04-10 21:03:42.0000002,12.429781
2013-04-10 21:03:42.0000001,6.458619
2011-12-29 19:29:50.0000003,6.9652114
2011-12-29 19:29:50.0000004,15.001866
2011-12-29 19:29:50.0000001,9.9662695
2013-09-26 15:50:06.0000003,4.6504908
2013-09-26 15:50:06.0000005,17.130997
2013-09-26 15:50:06.0000002,7.0959196
2013-09-26 15:50:06.0000001,12.806057
2013-09-26 15:50:06.0000004,6.824111
2012-10-01 07:18:06.0000001,5.3969755
2012-10-01 07:18:06.0000002,7.2342653
2013-03-14 21:43:46.0000001,15.714179
2012-10-05 23:47:02.0000001,10.2772455
2009-02-08 00:04:06.0000004,13.1577
2009-02-08 00:04:06.0000002,31.526037
2012-02-04 22:47:18.0000001,5.123258
2012-02-04 22:47:18.0000003,7.4044366
2012-05-06 03:01:10.0000003,5.6678767
2012-05-06 03:01:10.0000002,11.180988
2014-07-08 08:56:58.0000001,7.5283284
2010-01-09 08:29:14.0000003,3.387041
2010-01-09 08:29:14.0000002,7.278774
2010-01-09 08:29:14.0000001,13.168235
2010-01-09 08:29:14.0000004,5.118298
2010-12-06 03:36:58.0000001,3.9560878
2011-10-19 05:25:18.0000002,29.205952
2011-10-19 05:25:18.0000001,7.3257318
2014-06-14 08:13:22.0000002,18.278723
2014-06-14 08:13:22.0000003,17.364183
2014-06-14 08:13:22.0000001,12.693874
2011-02-19 10:14:58.0000002,5.9041634
2014-12-25 03:10:26.0000001,10.652744
2009-06-16 14:32:38.0000003,5.675263
2009-06-16 14:32:38.0000001,8.339116
2009-06-16 14:32:38.0000005,7.726431
2009-06-16 14:32:38.0000006,8.380461
2009-06-16 14:32:38.0000002,7.9434056
2009-06-16 14:32:38.0000004,15.9050455
2010-08-16 17:14:18.0000001,46.78511
2013-04-29 09:18:06.0000004,7.1888847
2013-04-29 09:18:06.0000002,68.25654
2013-04-29 09:18:06.0000005,9.765854
2013-04-29 09:18:06.0000001,24.61809
2013-04-29 09:18:06.0000003,11.78765
2013-06-23 14:52:34.0000002,32.02963
2013-06-23 14:52:34.0000001,6.250321
2013-03-28 05:22:58.0000001,7.3926015
2015-06-08 20:18:30.0000006,9.082991
2015-06-08 20:18:30.0000003,6.046019
2015-06-08 20:18:30.0000002,17.125446
2015-06-08 20:18:30.0000001,9.470645
2015-06-08 20:18:30.0000004,10.265944
2015-06-08 20:18:30.0000005,11.739977
2011-09-08 13:39:06.0000001,7.4676914
2012-03-03 02:30:54.0000001,7.0982366
2012-03-03 02:30:54.0000002,9.194066
2012-03-03 02:30:54.0000004,8.893326
2010-03-27 20:11:10.0000003,5.4140444
2010-03-27 20:11:10.0000001,7.6110964
2010-03-27 20:11:10.0000002,12.250227
2009-08-11 22:40:02.0000002,8.54605
2009-08-11 22:40:02.0000003,28.734856
2009-08-11 22:40:02.0000004,4.085098
2009-08-11 22:40:02.0000005,13.364148
2009-08-11 22:40:02.0000001,5.5674644
2012-12-27 21:01:54.0000001,7.038854
2012-12-27 21:01:54.0000003,6.05233
2012-12-27 21:01:54.0000006,8.829997
2012-12-27 21:01:54.0000007,19.734074
2012-12-27 21:01:54.0000008,10.913065
2015-04-16 18:45:22.0000003,6.6702137
2015-04-16 18:45:22.0000002,6.3633137
2015-04-16 18:45:22.0000001,10.671257
2015-04-16 18:45:22.0000005,17.660393
2014-05-17 10:51:46.0000001,7.696573
2014-05-17 10:51:46.0000004,6.9368286
2014-05-17 10:51:46.0000002,28.548605
2009-05-04 11:23:18.0000001,7.7017913
2009-05-04 11:23:18.0000003,6.4041057
2009-05-04 11:23:18.0000002,8.085398
2013-07-22 14:30:06.0000002,5.7520747
2013-07-22 14:30:06.0000001,16.473791
2015-05-31 20:48:54.0000005,5.607028
2015-05-31 20:48:54.0000004,8.4731865
2015-05-31 20:48:54.0000001,4.378075
2010-07-16 06:44:06.0000001,6.6037903
2010-07-16 06:44:06.0000003,11.877354
2010-07-16 06:44:06.0000004,16.343016
2010-07-16 06:44:06.0000002,13.841255
2013-01-06 12:39:54.0000003,7.073849
2013-01-06 12:39:54.0000001,7.0460424
2013-01-06 12:39:54.0000004,8.16543
2013-01-06 12:39:54.0000002,5.7020464
2013-01-06 12:39:54.0000005,4.445927
2012-12-15 15:55:42.0000001,8.035803
2012-12-15 15:55:42.0000002,10.325578
2010-05-06 11:35:26.0000001,5.9647923
2010-05-06 11:35:26.0000003,18.451868
2014-01-06 10:16:02.0000001,16.278866
2014-01-06 10:16:02.0000002,5.781622
2012-07-24 04:44:26.0000001,8.729799
2010-08-06 15:37:14.0000007,7.171977
2010-08-06 15:37:14.0000003,7.6625624
2010-08-06 15:37:14.0000006,8.527477
2010-08-06 15:37:14.0000005,32.001152
2010-08-06 15:37:14.0000004,10.414087
2010-08-06 15:37:14.0000002,11.034836
2010-08-06 15:37:14.0000001,6.6576505
2010-11-10 23:21:50.0000002,6.761762
2010-11-10 23:21:50.0000003,7.0716963
2013-03-31 00:09:58.0000002,9.691509
2013-03-31 00:09:58.0000003,11.739659
2010-02-01 00:05:42.0000001,10.686115
2010-02-01 00:05:42.0000002,15.1930065
2009-06-18 18:47:22.0000003,10.411377
2009-06-18 18:47:22.0000001,8.574352
2009-06-18 18:47:22.0000002,10.422946
2015-01-03 08:47:26.0000001,10.386672
2015-01-03 08:47:26.0000002,12.040595
2014-06-20 02:16:34.0000001,7.4241824
2011-02-03 07:13:06.0000001,5.7029576
2014-01-14 18:48:06.0000007,12.756392
2014-01-14 18:48:06.0000002,6.6587133
2014-01-14 18:48:06.0000003,5.0727415
2014-01-14 18:48:06.0000004,7.2983003
2014-01-14 18:48:06.0000001,8.929466
2014-01-14 18:48:06.0000005,7.504213
2014-01-14 18:48:06.0000006,7.0638957
2013-10-18 05:08:54.0000001,34.952465
2011-07-20 08:05:02.0000003,7.602705
2011-07-20 08:05:02.0000002,5.057448
2011-07-20 08:05:02.0000004,9.133571
2009-05-03 16:02:54.0000005,8.084043
2009-05-03 16:02:54.0000003,5.8584366
2009-05-03 16:02:54.0000002,11.657051
2009-05-03 16:02:54.0000001,14.289206
2012-09-06 17:58:06.0000001,4.5236225
2012-09-06 17:58:06.0000003,11.160449
2014-04-06 16:47:14.0000003,6.379174
2014-09-06 03:52:50.0000002,11.749413
2013-07-27 09:59:18.0000001,7.501977
2014-12-26 20:19:38.0000002,6.180468
2014-01-01 13:06:34.0000001,5.003053
2011-12-25 15:35:54.0000003,6.2525983
2011-12-25 15:35:54.0000004,8.016806
2015-05-14 23:11:58.0000001,16.162386
2015-05-14 23:11:58.0000007,9.74662
2015-05-14 23:11:58.0000003,7.8316216
2015-05-14 23:11:58.0000005,7.770263
2015-05-14 23:11:58.0000008,10.369032
2015-05-14 23:11:58.0000002,12.582353
2015-05-14 23:11:58.0000006,6.8758254
2015-04-22 09:54:06.0000002,7.6023645
2015-04-22 09:54:06.0000003,6.718333
2009-03-22 07:02:02.0000001,7.409161
2012-04-30 04:34:50.0000001,17.306807
2009-01-21 09:13:50.0000003,4.6090236
2009-01-21 09:13:50.0000004,5.969021
2009-01-21 09:13:50.0000001,9.188432
2009-01-21 09:13:50.0000002,7.668947
2010-06-11 18:07:10.0000002,5.0847545
2010-06-11 18:07:10.0000001,4.322817
2010-06-11 18:07:10.0000004,12.34347
2010-06-11 18:07:10.0000003,13.9030905
2012-09-01 19:04:18.0000002,7.935823
2014-06-18 06:22:42.0000001,6.8867507
2014-06-18 06:22:42.0000002,9.873832
2009-12-09 08:34:30.0000001,6.7317405
2009-12-09 08:34:30.0000002,5.9543967
2009-12-09 08:34:30.0000003,37.33323
2009-12-09 08:34:30.0000004,44.533173
2013-06-06 02:54:50.0000002,11.7059
2013-06-06 02:54:50.0000003,6.77651
2010-07-19 12:15:54.0000003,7.022204
2010-07-19 12:15:54.0000002,12.305743
2010-07-19 12:15:54.0000001,6.2157335
2010-07-19 12:15:54.0000004,5.2637234
2013-12-18 12:36:46.0000001,10.567076
2013-12-18 12:36:46.0000003,42.85126
2013-12-18 12:36:46.0000004,7.3779154
2013-12-18 12:36:46.0000002,10.896551
2009-01-25 21:17:18.0000002,8.4084215
2009-01-25 21:17:18.0000003,6.375465
2012-10-03 09:18:22.0000002,7.628522
2012-10-03 09:18:22.0000003,11.456659
2012-10-03 09:18:22.0000004,7.6719036
2012-10-03 09:18:22.0000001,14.761548
2012-10-03 09:18:22.0000005,11.963676
2012-06-13 19:49:50.0000003,9.422974
2012-06-13 19:49:50.0000002,13.029396
2012-06-13 19:49:50.0000001,4.402656
2011-09-03 00:03:42.0000004,4.511262
2011-09-03 00:03:42.0000009,13.1343
2011-09-03 00:03:42.0000001,5.830596
2011-09-03 00:03:42.0000003,5.972663
2011-09-03 00:03:42.0000006,9.404992
2011-09-03 00:03:42.0000002,6.896942
2011-09-03 00:03:42.0000005,7.6196337
2009-01-27 13:27:30.0000002,9.9148245
2009-01-27 13:27:30.0000001,7.3824053
2009-07-03 00:41:38.0000001,10.020526
2009-07-03 00:41:38.0000002,4.46287
2010-05-29 11:51:30.0000001,5.060486
2013-07-02 22:27:14.0000005,7.471124
2013-07-02 22:27:14.0000003,11.3433075
2015-05-09 11:33:58.0000004,6.149039
2015-05-09 11:33:58.0000001,7.8911066
2015-05-09 11:33:58.0000003,35.187847
2011-07-18 00:04:54.0000002,4.6312423
2011-04-03 03:46:18.0000002,10.694166
2009-11-03 13:04:46.0000003,6.7142525
2009-11-03 13:04:46.0000002,17.895714
2009-11-03 13:04:46.0000001,8.78291
2010-06-25 14:00:14.0000002,7.650358
2010-12-20 09:39:02.0000001,14.2272215
2010-12-20 09:39:02.0000002,6.209639
2014-05-20 14:43:10.0000001,9.35668
2014-05-20 14:43:10.0000002,6.019019
2010-09-16 05:07:10.0000001,5.7473793
2011-08-01 17:44:30.0000006,12.324485
2011-08-01 17:44:30.0000005,5.9810543
2011-08-01 17:44:30.0000001,8.435438
2011-08-01 17:44:30.0000002,8.135131
2011-08-01 17:44:30.0000004,4.7414427
2011-03-01 07:23:14.0000003,5.6047816
2011-03-01 07:23:14.0000001,5.238342
2011-06-24 13:23:18.0000004,13.814994
2011-06-24 13:23:18.0000001,16.334265
2011-06-24 13:23:18.0000002,17.511635
2011-06-24 13:23:18.0000003,11.038838
2013-11-19 02:41:10.0000001,8.7948675
2012-01-01 18:02:46.0000003,5.0136127
2012-01-01 18:02:46.0000002,8.214248
2015-03-28 19:31:26.0000002,6.240579
2015-03-28 19:31:26.0000006,7.9552507
2015-03-28 19:31:26.0000001,8.991629
2015-03-28 19:31:26.0000005,12.880642
2010-07-13 11:53:15.0000004,7.077876
2010-07-13 11:53:15.0000001,11.101084
2010-07-13 11:53:15.0000007,14.999686
2010-07-13 11:53:15.0000002,9.600201
2013-02-07 13:47:59.0000004,9.272374
2013-02-07 13:47:59.0000001,4.5907226
2013-02-07 13:47:59.0000003,9.170805
2013-08-08 14:38:43.0000001,4.312488
2013-08-08 14:38:43.0000003,5.7417173
2015-05-19 13:58:11.0000003,36.546413
2015-05-19 13:58:11.0000008,11.998062
2015-05-19 13:58:11.0000005,13.551989
2015-05-19 13:58:11.0000007,45.97237
2015-05-19 13:58:11.0000004,7.7782035
2015-05-19 13:58:11.0000002,14.00624
2012-07-31 22:21:11.0000001,6.017743
2012-07-31 22:21:11.0000002,4.5193205
2013-01-03 08:50:31.0000001,10.328238
2013-01-03 08:50:31.0000002,6.9365816
2013-01-03 08:50:31.0000007,7.056215
2013-01-03 08:50:31.0000004,8.500757
2013-01-03 08:50:31.0000006,32.05067
2013-01-03 08:50:31.0000005,18.66201
2009-04-14 17:43:23.0000003,5.350203
2009-04-14 17:43:23.0000007,11.270533
2009-04-14 17:43:23.0000006,9.910944
2009-04-14 17:43:23.0000008,6.144133
2009-04-14 17:43:23.0000004,10.199613
2009-04-14 17:43:23.0000005,6.5683155
2009-11-19 22:48:27.0000003,8.716032
2009-11-19 22:48:27.0000002,17.89096
2009-11-19 22:48:27.0000004,6.347937
2013-02-15 00:37:15.0000003,14.995604
2013-02-15 00:37:15.0000002,12.658057
2013-02-15 00:37:15.0000001,10.2167425
2012-03-25 04:50:39.0000002,11.029814
2012-03-24 23:33:59.0000001,5.9306755
2012-12-26 18:28:55.0000002,7.1240115
2012-12-26 18:28:55.0000005,16.176973
2012-12-26 18:28:55.0000001,12.225805
2012-12-26 18:28:55.0000003,5.292757
2012-12-26 18:28:55.0000007,27.876884
2012-12-26 18:28:55.0000006,58.01703
2011-07-06 19:56:23.0000004,6.908055
2011-07-06 19:56:23.0000002,5.447949
2011-07-06 19:56:23.0000006,15.826143
2011-07-06 19:56:23.0000007,11.084134
2011-07-06 19:56:23.0000003,8.661933
2014-12-15 10:41:15.0000001,4.976326
2014-12-15 10:41:15.0000002,25.110445
2014-12-15 10:41:15.0000003,12.684857
2011-08-14 21:39:31.0000001,8.896702
2011-08-14 21:39:31.0000002,6.678974
2010-06-06 21:04:55.0000001,6.163424
2013-09-27 19:02:51.0000001,13.35694
2013-09-27 19:02:51.0000003,36.72873
2013-09-27 19:02:51.0000004,8.879804
2013-09-27 19:02:51.0000002,9.363021
2013-05-28 18:24:27.0000003,12.9587755
2013-05-28 18:24:27.0000001,5.4968977
2013-05-28 18:24:27.0000004,8.8508
2013-05-28 18:24:27.0000002,2.8768818
2015-06-15 14:34:03.0000002,6.2877564
2010-07-04 16:44:11.0000001,5.9209785
2010-07-04 16:44:11.0000002,5.9071436
2014-11-26 06:46:23.0000001,15.853756
2010-07-27 11:37:43.0000001,14.669588
2010-07-27 11:37:43.0000003,9.614362
2010-07-27 11:37:43.0000005,14.754944
2010-07-27 11:37:43.0000006,9.833241
2010-07-27 11:37:43.0000004,7.9945803
2010-07-27 11:37:43.0000002,27.800495
2010-12-19 16:25:15.0000004,10.689899
2010-12-19 16:25:15.0000003,6.8811603
2010-12-19 16:25:15.0000001,6.969142
2012-08-19 12:06:39.0000001,4.929203
2011-02-26 12:32:15.0000001,4.55187
2011-02-26 12:32:15.0000002,7.4408836
2015-06-18 20:56:55.0000003,10.2334
2015-06-18 20:56:55.0000005,28.97183
2015-06-18 20:56:55.0000007,40.963657
2015-06-18 20:56:55.0000006,4.6778393
2013-11-24 21:33:11.0000001,60.30897
2013-11-24 21:33:11.0000002,10.759002
2015-04-28 20:15:27.0000002,47.56535
2015-04-28 20:15:27.0000006,5.934064
2015-04-28 20:15:27.0000001,8.456017
2015-04-28 20:15:27.0000005,8.231066
2015-04-28 20:15:27.0000008,16.012693
2013-01-23 13:49:19.0000002,9.287328
2013-01-23 13:49:19.0000003,41.22532
2014-03-12 19:19:31.0000003,24.853334
2014-03-12 19:19:31.0000001,25.530588
2014-03-12 19:19:31.0000002,7.736716
2010-07-26 09:54:11.0000001,5.692606
2012-01-03 08:49:15.0000002,6.042336
2012-01-03 08:49:15.0000001,44.588715
2012-01-03 08:49:15.0000004,2.8051062
2012-01-03 08:49:15.0000003,4.362583
2012-11-05 14:49:19.0000002,18.594099
2012-11-05 14:49:19.0000001,5.76047
2012-06-09 19:03:11.0000004,7.2285047
2012-06-09 19:03:11.0000006,11.536679
2012-06-09 19:03:11.0000002,6.4699845
2012-06-09 19:03:11.0000003,9.727054
2012-06-09 19:03:11.0000001,9.946063
2010-10-17 23:12:19.0000004,7.6299872
2010-10-17 23:12:19.0000005,5.9866195
2010-10-17 23:12:19.0000001,4.0317483
2010-10-17 23:12:19.0000002,10.491038
2010-10-17 23:12:19.0000003,4.2987137
2014-06-07 12:21:11.0000001,36.188473
2014-06-07 12:21:11.0000004,7.700214
2011-09-08 22:37:43.0000004,5.950943
2011-09-08 22:37:43.0000003,10.333177
2011-09-08 22:37:43.0000005,16.769608
2011-09-08 22:37:43.0000002,10.584156
2014-10-30 19:25:15.0000003,48.25101
2014-10-30 19:25:15.0000005,5.79424
2014-10-30 19:25:15.0000001,5.0908318
2014-10-30 19:25:15.0000002,38.632996
2014-10-30 19:25:15.0000004,9.920451
2010-06-18 22:52:11.0000002,4.589375
2011-02-16 05:49:51.0000001,5.5384374
2011-09-13 13:31:51.0000004,6.666808
2011-09-13 13:31:51.0000003,46.74654
2011-09-13 13:31:51.0000002,5.5710073
2009-09-28 04:31:39.0000001,12.198264
2009-01-11 03:31:55.0000001,15.707201
2009-01-11 03:31:55.0000003,13.187552
2009-01-11 03:31:55.0000004,11.592471
2009-01-11 03:31:55.0000002,6.3667717
2014-01-24 03:38:19.0000001,16.772339
2014-08-06 18:03:31.0000002,10.751423
2014-08-06 18:03:31.0000001,9.523782
2009-08-26 00:46:43.0000001,6.2652507
2014-01-19 09:28:55.0000001,19.158207
2010-01-27 06:01:59.0000001,5.6459603
2011-11-30 23:09:47.0000003,11.722209
2011-11-30 23:09:47.0000002,8.468928
2011-11-30 23:09:47.0000001,6.342348
2014-08-03 23:37:31.0000003,10.4776945
2014-08-03 23:37:31.0000002,9.73259
2014-08-03 23:37:31.0000001,7.1027646
2014-10-06 09:24:11.0000002,20.47969
2014-10-06 09:24:11.0000004,37.05956
2014-10-06 09:24:11.0000003,8.705088
2014-10-06 09:24:11.0000001,11.153125
2009-08-28 12:38:19.0000001,11.277623
2009-08-28 12:38:19.0000004,17.327946
2009-08-28 12:38:19.0000003,25.114378
2009-08-28 12:38:19.0000002,7.264815
2012-03-15 18:23:55.0000001,5.2385983
2012-03-15 18:23:55.0000004,10.802231
2012-03-15 18:23:55.0000005,8.062494
2012-03-15 18:23:55.0000003,9.305702
2011-11-23 21:07:43.0000003,3.996423
2011-11-23 21:07:43.0000002,16.42558
2012-11-23 07:58:23.0000001,8.133433
2010-11-17 19:10:23.0000007,24.807377
2010-11-17 19:10:23.0000006,7.283478
2010-11-17 19:10:23.0000001,4.966566
2010-11-17 19:10:23.0000002,27.355236
2010-11-17 19:10:23.0000008,11.287716
2010-11-17 19:10:23.0000004,5.1511707
2015-02-14 13:15:19.0000003,12.461104
2015-02-14 13:15:19.0000006,9.153524
2015-02-14 13:15:19.0000004,6.1080613
2015-02-14 13:15:19.0000008,7.8106055
2015-02-14 13:15:19.0000001,19.383202
2013-01-12 22:40:39.0000003,4.6086826
2013-01-12 22:40:39.0000004,11.357361
2013-01-12 22:40:39.0000001,14.426248
2013-01-12 22:40:39.0000005,6.1637425
2013-01-12 22:40:39.0000006,5.4184866
2011-04-12 12:06:07.0000002,7.107969
2011-04-12 12:06:07.0000001,32.683018
2010-11-04 20:14:39.0000005,5.2082953
2010-11-04 20:14:39.0000002,5.022851
2010-11-04 20:14:39.0000004,8.098156
2010-11-04 20:14:39.0000003,6.801664
2010-11-04 20:14:39.0000001,6.4193387
2011-04-25 19:14:55.0000003,2.4391983
2011-04-25 19:14:55.0000001,5.092674
2011-04-25 19:14:55.0000004,6.896465
2011-04-25 19:14:55.0000002,5.9888506
2011-04-25 19:14:55.0000005,7.6181154
2010-02-15 14:20:31.0000001,7.184523
2013-03-23 15:41:07.0000001,9.147288
2013-03-23 15:41:07.0000004,9.265444
2013-03-23 15:41:07.0000005,5.817397
2012-12-09 06:04:39.0000001,56.344036
2013-11-07 16:38:15.0000003,5.967923
2013-11-07 16:38:15.0000002,8.753009
2013-11-07 16:38:15.0000001,8.311989
2011-08-08 11:18:15.0000004,9.139013
2011-08-08 11:18:15.0000003,8.309921
2011-08-08 11:18:15.0000002,6.5767922
2009-05-08 22:14:51.0000004,4.7159967
2009-05-08 22:14:51.0000001,11.963603
2009-05-08 22:14:51.0000003,10.2046795
2012-11-15 18:22:19.0000002,15.79272
2012-11-15 18:22:19.0000007,6.797776
2012-11-15 18:22:19.0000003,5.199537
2012-11-15 18:22:19.0000005,9.935322
2012-11-15 18:22:19.0000001,22.225758
2012-11-15 18:22:19.0000004,9.780095
2012-11-15 18:22:19.0000006,12.814422
2010-01-31 00:33:03.0000002,6.844657
2010-01-31 00:33:03.0000004,4.8650656
2010-01-31 00:33:03.0000001,20.189552
2010-01-31 00:33:03.0000007,7.415326
2010-01-31 00:33:03.0000003,10.2955885
2012-04-20 07:30:43.0000003,5.1658697
2012-04-20 07:30:43.0000002,15.651117
2012-04-20 07:30:43.0000004,6.5542297
2012-04-20 07:30:43.0000001,8.339311
2009-09-29 09:38:15.0000002,5.8816376
2009-09-29 09:38:15.0000001,8.668149
2010-12-31 05:30:19.0000002,4.681642
2010-12-31 05:30:19.0000001,10.551744
2009-01-18 18:22:07.0000001,22.704851
2009-01-28 11:27:19.0000002,4.1946387
2013-05-04 05:00:43.0000001,9.787898
2014-02-23 13:22:03.0000002,8.03119
2014-02-23 13:22:03.0000001,4.980229
2010-10-28 12:38:55.0000003,9.615212
2010-10-28 12:38:55.0000002,6.287182
2010-10-28 12:38:55.0000001,10.334387
2015-05-20 19:39:11.0000002,16.09449
2015-05-20 19:39:11.0000009,13.610198
2015-05-20 19:39:11.0000001,12.235007
2015-05-20 19:39:11.0000008,11.977325
2015-05-20 19:39:11.0000007,28.576746
2015-05-20 19:39:11.0000005,7.7629952
2015-05-20 19:39:11.0000006,8.275568
2015-03-20 16:33:07.0000002,9.943609
2015-03-20 16:33:07.0000001,7.754278
2013-04-26 17:05:07.0000001,9.659638
2014-01-11 17:47:47.0000005,24.43408
2014-01-11 17:47:47.0000006,5.57052
2014-01-11 17:47:47.0000002,15.531957
2014-01-11 17:47:47.0000003,6.186817
2014-01-11 17:47:47.0000004,10.142279
2012-03-10 10:48:43.0000001,8.216611
2012-03-10 10:48:43.0000004,9.649035
2012-03-10 10:48:43.0000003,6.2646046
2012-03-10 10:48:43.0000005,3.877095
2012-03-10 10:48:43.0000002,7.1200466
2012-07-12 02:46:07.0000002,20.325537
2009-01-06 14:48:51.0000003,5.0839033
2009-01-06 14:48:51.0000002,5.887661
2009-01-06 14:48:51.0000001,5.1186566
2015-04-15 03:30:27.0000001,4.730841
2015-04-26 21:44:23.0000001,34.444485
2015-04-26 21:44:23.0000003,11.743627
2014-11-24 05:03:51.0000001,14.707873
2014-03-05 23:16:07.0000002,60.895226
2015-01-04 00:28:11.0000005,8.1342
2015-01-04 00:28:11.0000001,10.515739
2015-01-04 00:28:11.0000002,5.251692
2015-01-04 00:28:11.0000003,9.55987
2014-12-17 20:56:31.0000004,5.804618
2014-12-17 20:56:31.0000002,16.988573
2014-12-17 20:56:31.0000001,9.215121
2010-10-04 16:17:03.0000002,4.479934
2010-10-04 16:17:03.0000003,4.2563095
2010-10-04 16:17:03.0000005,16.103045
2010-10-04 16:17:03.0000004,9.751886
2010-10-09 15:48:51.0000001,5.2640553
2010-10-09 15:48:51.0000005,10.56806
2010-10-09 15:48:51.0000002,6.0154514
2013-10-10 11:09:23.0000006,4.1904473
2013-10-10 11:09:23.0000004,9.345916
2013-10-10 11:09:23.0000002,6.587178
2013-10-10 11:09:23.0000003,7.103982
2013-10-10 11:09:23.0000005,10.704595
2010-12-14 00:39:07.0000001,18.442062
2010-12-14 00:39:07.0000002,5.9692903
2010-12-14 00:39:07.0000003,9.320283
2013-01-08 07:03:07.0000004,7.682939
2013-01-08 07:03:07.0000003,10.917803
2013-01-08 07:03:07.0000002,7.0321693
2012-10-28 17:21:19.0000004,5.7552056
2012-10-28 17:21:19.0000002,5.5602727
2010-03-10 10:37:39.0000003,4.841204
2010-03-10 10:37:39.0000004,5.5483236
2010-03-10 10:37:39.0000001,6.413292
2010-03-10 10:37:39.0000002,11.848439
2012-04-27 22:32:19.0000001,4.931103
2012-04-27 22:32:19.0000003,5.496716
2009-04-14 06:55:19.0000001,41.019432
2009-04-14 06:55:19.0000002,3.7060444
2013-07-22 14:22:51.0000001,23.625479
2012-02-11 21:23:07.0000002,4.9305525
2012-02-11 21:23:07.0000001,7.0510874
2012-02-11 21:23:07.0000004,4.0887628
2012-02-11 21:23:07.0000003,5.75178
2015-05-10 12:37:51.0000001,17.804861
2015-05-10 12:37:51.0000004,5.5400147
2015-05-10 12:37:51.0000006,8.361083
2010-12-11 13:31:11.0000001,9.11889
2010-12-11 13:31:11.0000002,10.863805
2010-03-01 22:21:55.0000001,3.8149552
2010-03-01 22:21:55.0000004,9.376836
2014-11-03 22:00:07.0000001,8.36762
2009-08-26 16:50:19.0000001,4.4947724
2009-08-26 16:50:19.0000002,7.1437297
2010-06-07 10:02:51.0000002,3.9049482
2010-06-07 10:02:51.0000001,6.3361945
2010-06-07 10:02:51.0000004,13.931414
2010-06-07 10:02:51.0000003,11.994052
2015-03-08 14:59:23.0000002,15.763718
2015-03-08 14:59:23.0000004,54.592518
2015-03-08 14:59:23.0000005,19.315813
2010-12-13 05:52:47.0000001,8.814786
2012-10-12 15:21:55.0000001,7.3731213
2011-05-17 07:53:55.0000002,4.614046
2011-05-17 07:53:55.0000004,8.127015
2011-05-17 07:53:55.0000001,7.983186
2012-12-26 20:55:27.0000002,12.847006
2012-12-26 20:55:27.0000005,11.310466
2012-12-26 20:55:27.0000004,11.979756
2009-02-22 14:59:11.0000001,11.137056
2011-12-17 16:19:47.0000003,14.178936
2011-12-17 16:19:47.0000001,11.180135
2014-12-02 23:54:11.0000002,10.217598
2014-12-02 23:54:11.0000001,8.91592
2014-11-11 11:21:07.0000001,5.8687215
2014-07-11 12:35:19.0000003,11.897761
2014-07-11 12:35:19.0000001,9.326121
2014-07-11 12:35:19.0000002,17.359547
2010-01-25 15:04:11.0000001,5.0955977
2010-01-25 15:04:11.0000002,8.158809
2014-01-26 13:51:39.0000002,17.081604
2014-01-26 13:51:39.0000003,7.2184854
2011-11-18 04:49:19.0000002,4.5121593
2011-11-18 04:49:19.0000003,45.758183
2011-11-18 04:49:19.0000001,4.2848425
2014-11-30 15:46:23.0000001,8.428846
2014-11-30 15:46:23.0000004,7.4117594
2014-11-30 15:46:23.0000006,30.474829
2014-11-30 15:46:23.0000005,5.3582106
2011-08-20 15:50:39.0000002,27.436577
2010-06-22 14:25:19.0000005,12.455223
2010-06-22 14:25:19.0000003,6.6330075
2010-06-22 14:25:19.0000002,5.683863
2010-06-22 14:25:19.0000006,4.9691176
2010-06-22 14:25:19.0000004,9.746217
2010-12-06 18:51:31.0000001,9.181623
2010-12-06 18:51:31.0000002,14.909252
2014-05-25 19:46:59.0000004,19.756472
2014-05-25 19:46:59.0000002,7.3648925
2014-05-25 19:46:59.0000001,7.3795233
2009-11-20 14:03:03.0000003,8.128213
2009-11-20 14:03:03.0000004,14.013378
2009-11-20 14:03:03.0000001,14.53033
2009-11-20 14:03:03.0000005,8.561383
2009-11-20 14:03:03.0000002,8.074221
2010-09-17 18:21:11.0000001,15.039416
2011-02-23 21:35:19.0000001,4.594007
2011-02-23 21:35:19.0000002,10.953048
2013-01-03 11:41:47.0000001,4.479391
2014-04-04 05:47:11.0000001,14.485913
2014-08-18 19:09:19.0000001,9.441048
2014-08-18 19:09:19.0000002,14.92431
2010-04-12 08:22:27.0000001,5.2872353
2010-04-12 08:22:27.0000002,10.509886
2010-06-05 08:18:11.0000002,13.595885
2010-06-05 08:18:11.0000001,4.6713433
2010-06-05 08:18:11.0000003,30.095566
2013-05-07 23:58:31.0000001,28.529762
2013-01-11 20:08:07.0000002,7.664208
2013-02-17 23:55:55.0000001,11.058386
2013-02-17 23:55:55.0000002,21.849737
2013-02-17 23:55:55.0000003,13.049361
2010-11-26 06:04:59.0000001,4.0448375
2013-10-09 17:27:39.0000002,10.152765
2013-02-27 13:28:43.0000003,8.7422495
2013-02-27 13:28:43.0000001,4.357945
2013-02-27 13:28:43.0000004,6.675704
2013-02-27 13:28:43.0000002,5.980881
2009-08-28 07:10:39.0000001,7.0542903
2009-08-28 07:10:39.0000002,9.040892
2009-08-28 07:10:39.0000004,5.504429
2009-08-28 07:10:39.0000003,5.08272
2015-01-12 17:05:51.0000006,8.497953
2015-01-12 17:05:51.0000007,5.763554
2015-01-12 17:05:51.0000002,5.3309603
2015-01-12 17:05:51.0000003,4.9604096
2014-05-01 07:16:07.0000001,5.1822376
2009-01-12 07:47:39.0000004,5.306251
2009-01-12 07:47:39.0000002,7.4388165
2009-01-12 07:47:39.0000003,7.33836
2014-02-09 21:05:31.0000001,21.192266
2014-02-09 21:05:31.0000002,11.190095
2012-05-14 03:52:59.0000001,6.967881
2011-04-28 19:39:43.0000005,6.680834
2011-04-28 19:39:43.0000001,6.5772743
2011-04-28 19:39:43.0000002,3.8057516
2011-04-28 19:39:43.0000004,3.7348752
2010-02-15 10:14:23.0000002,9.692641
2010-02-15 10:14:23.0000003,20.799671
2010-02-15 10:14:23.0000004,10.106624
2010-08-18 05:24:15.0000002,8.765879
2010-08-18 05:24:15.0000001,8.661178
2010-05-31 06:46:59.0000001,42.266117
2014-11-17 00:03:47.0000002,5.5385356
2012-11-16 00:09:43.0000001,8.150472
2012-03-09 06:03:23.0000001,9.988214
2013-10-18 13:05:19.0000002,8.348248
2013-10-18 13:05:19.0000001,22.4203
2013-10-18 13:05:19.0000003,6.791283
2010-01-16 04:52:31.0000001,30.666664
2013-08-18 00:32:15.0000002,17.94479
2013-08-18 00:32:15.0000001,6.671607
2010-12-11 16:12:35.0000004,15.130653
2010-12-11 16:12:35.0000005,9.725314
2010-12-11 16:12:35.0000001,6.676737
2010-12-11 16:12:35.0000002,9.0534
2013-05-23 12:09:23.0000001,13.821872
2013-05-23 12:09:23.0000003,6.135862
2013-05-23 12:09:23.0000002,7.2854567
2014-12-11 08:20:39.0000003,6.990959
2014-12-11 08:20:39.0000002,6.3357215
2011-01-28 19:41:11.0000002,5.227902
2011-01-28 19:41:11.0000001,10.859476
2011-03-24 04:46:51.0000001,24.940996
2013-04-07 00:24:27.0000001,6.0725636
2013-04-07 00:24:27.0000003,5.469373
2013-04-07 00:24:27.0000004,7.0181823
2010-08-17 21:22:39.0000002,22.46528
2010-08-17 21:22:39.0000003,7.813295
2010-08-17 21:22:39.0000001,6.7866726
2013-12-10 14:00:35.0000004,9.472151
2013-12-10 14:00:35.0000001,7.4252405
2013-12-10 14:00:35.0000003,8.898013
2011-09-18 05:32:51.0000002,48.55424
2011-09-18 05:32:51.0000001,8.9931345
2011-09-18 05:32:51.0000003,12.334657
2011-09-10 20:44:59.0000002,7.492497
2011-09-10 20:44:59.0000001,6.984735
2011-04-28 09:50:03.0000002,35.668957
2011-04-28 09:50:03.0000003,8.052206
2011-04-28 09:50:03.0000004,8.786453
2010-02-26 18:34:51.0000002,6.7545724
2013-12-05 23:29:15.0000001,14.430143
2013-12-05 23:29:15.0000004,4.5555925
2013-12-05 23:29:15.0000003,32.876034
2013-12-05 23:29:15.0000005,56.825066
2010-01-13 08:28:59.0000003,8.2322855
2010-01-13 08:28:59.0000001,9.120308
2010-01-13 08:28:59.0000004,12.408142
2010-01-13 08:28:59.0000005,7.9541163
2010-07-16 07:07:27.0000001,7.081705
2012-06-16 14:33:19.0000002,9.915372
2013-05-08 17:02:39.0000001,15.161819
2013-05-08 17:02:39.0000003,11.346225
2013-05-08 17:02:39.0000005,8.453483
2013-05-08 17:02:39.0000004,5.544416
2013-05-08 17:02:39.0000002,10.152147
2013-05-08 17:02:39.0000006,6.775159
2013-05-08 17:02:39.0000007,10.655284
2011-02-28 08:34:27.0000004,11.747043
2011-02-28 08:34:27.0000002,5.463917
2011-02-28 08:34:27.0000006,12.046173
2011-02-28 08:34:27.0000007,5.2082043
2011-02-28 08:34:27.0000005,15.0183735
2011-02-28 08:34:27.0000003,9.993492
2011-02-28 08:34:27.0000001,8.208334
2012-12-13 19:05:27.0000001,5.817498
2012-12-13 19:05:27.0000002,8.903216
2012-12-13 19:05:27.0000003,11.134155
2009-03-25 01:20:55.0000001,8.180846
2011-01-18 12:43:35.0000001,10.600391
2010-07-13 07:38:03.0000007,10.403443
2010-07-13 07:38:03.0000004,8.973107
2010-07-13 07:38:03.0000002,8.868848
2010-07-13 07:38:03.0000006,10.467011
2010-07-13 07:38:03.0000005,7.5705223
2010-07-13 07:38:03.0000001,5.8463006
2009-01-26 15:16:43.0000001,28.692924
2009-01-26 15:16:43.0000002,4.3587666
2015-05-18 01:13:35.0000001,6.019582
2012-11-09 18:17:35.0000001,13.284388
2012-11-09 18:17:35.0000006,9.084584
2012-11-09 18:17:35.0000005,9.012082
2012-11-09 18:17:35.0000003,9.0090475
2010-07-05 19:21:35.0000005,3.5154212
2010-07-05 19:21:35.0000003,4.5873165
2010-07-05 19:21:35.0000004,11.6084
2010-07-05 19:21:35.0000002,9.444861
2014-09-11 00:28:47.0000001,8.87359
2014-09-11 00:28:47.0000002,5.8996854
2010-03-22 16:20:15.0000001,32.084526
2010-03-22 16:20:15.0000002,6.5699778
2009-06-21 00:54:23.0000003,11.551997
2009-06-21 00:54:23.0000001,12.354666
2013-05-02 14:48:31.0000001,12.287462
2011-09-12 09:15:15.0000003,6.2479014
2011-09-12 09:15:15.0000004,8.72723
2011-09-12 09:15:15.0000002,6.8436723
2011-09-12 09:15:15.0000001,6.5201592
2009-02-27 07:09:23.0000001,7.960942
2011-08-22 10:42:15.0000003,8.079029
2011-08-22 10:42:15.0000002,16.846395
2011-08-22 10:42:15.0000001,7.946961
2011-11-29 22:19:51.0000001,12.179178
2011-11-29 22:19:51.0000002,10.526705
2009-01-30 22:47:07.0000004,18.56866
2009-01-30 22:47:07.0000001,4.690389
2009-01-30 22:47:07.0000003,4.3935633
2012-04-18 20:03:35.0000004,10.879458
2012-04-18 20:03:35.0000003,4.210015
2012-04-18 20:03:35.0000001,10.102123
2012-04-18 20:03:35.0000002,6.037031
2013-09-26 20:54:19.0000002,10.309839
2011-06-25 23:18:27.0000001,9.3782015
2009-01-17 02:21:55.0000001,4.2746663
2009-01-17 02:21:55.0000002,3.4476008
2014-11-01 15:31:15.0000002,11.489674
2014-11-01 15:31:15.0000003,11.904992
2014-11-01 15:31:15.0000004,6.160561
2011-06-08 11:31:51.0000003,5.24036
2011-06-08 11:31:51.0000002,7.470616
2011-06-08 11:31:51.0000001,9.0426235
2013-07-12 23:17:31.0000004,6.976008
2013-07-12 23:17:31.0000005,55.66356
2012-07-10 18:24:47.0000002,8.501621
2012-07-10 18:24:47.0000001,18.62395
2012-07-10 18:24:47.0000003,7.1978235
2013-05-14 03:15:31.0000001,17.675032
2009-04-20 21:08:35.0000006,5.4164085
2009-04-20 21:08:35.0000003,5.957589
2009-04-20 21:08:35.0000002,16.447815
2009-04-20 21:08:35.0000001,10.936066
2011-01-19 08:30:47.0000003,9.16386
2011-01-19 08:30:47.0000002,8.902972
2011-01-19 08:30:47.0000001,4.9817843
2009-09-25 10:19:35.0000003,5.644719
2009-09-25 10:19:35.0000001,11.38297
2009-09-25 10:19:35.0000002,6.076518
2012-02-17 15:11:23.0000001,5.279962
2009-12-23 20:14:19.0000003,9.131656
2009-12-23 20:14:19.0000001,5.4295716
2009-12-23 20:14:19.0000002,11.4077635
2012-09-14 05:42:59.0000001,9.203546
2012-09-14 05:42:59.0000002,6.8419137
2009-04-06 13:47:15.0000002,17.594852
2013-11-29 21:36:07.0000004,11.061916
2011-11-07 00:22:31.0000001,4.7658305
2011-11-07 00:22:31.0000002,9.5096
2009-09-04 08:02:51.0000001,9.795182
2015-02-16 17:32:27.0000004,11.133426
2015-02-16 17:32:27.0000002,10.922237
2015-02-16 17:32:27.0000003,7.4589477
2015-02-16 17:32:27.0000001,7.045374
2012-04-14 11:59:11.0000004,17.915192
2012-04-14 11:59:11.0000002,4.486386
2012-04-14 11:59:11.0000001,6.8631096
2011-12-11 11:05:51.0000001,6.0875583
2011-12-11 11:05:51.0000003,9.081316
2010-01-03 13:07:27.0000001,9.852369
2009-03-06 00:13:03.0000003,8.576773
2009-03-06 00:13:03.0000001,9.852611
2010-01-04 19:54:27.0000002,9.025713
2010-01-04 19:54:27.0000001,5.9703465
2010-01-04 19:54:27.0000003,4.4442377
2014-08-01 16:50:03.0000004,21.234207
2014-08-01 16:50:03.0000001,5.5491834
2014-08-01 16:50:03.0000003,14.281737
2014-08-01 16:50:03.0000002,13.442607
2010-11-25 16:22:19.0000001,4.8022895
2010-09-04 10:06:23.0000001,12.11701
2009-04-28 13:35:27.0000002,12.043359
2009-04-28 13:35:27.0000001,5.0116177
2009-04-28 13:35:27.0000003,30.417658
2009-04-28 13:35:27.0000004,8.340323
2012-07-26 00:23:59.0000006,7.3093767
2012-07-26 00:23:59.0000007,4.3808208
2012-07-26 00:23:59.0000001,7.067883
2012-07-26 00:23:59.0000004,7.504133
2012-07-26 00:23:59.0000005,8.045679
2012-07-26 00:23:59.0000002,12.279552
2012-07-26 00:23:59.0000003,5.82844
2014-04-29 15:15:43.0000002,8.093769
2014-04-29 15:15:43.0000001,7.4791574
2014-04-29 15:15:43.0000003,6.118523
2010-04-23 00:00:03.0000002,14.695215
2010-04-23 00:00:03.0000003,5.0737557
2010-05-22 23:46:19.0000001,6.8793383
2010-05-22 23:46:19.0000002,18.078743
2010-05-22 23:46:19.0000003,10.575396
2014-06-14 12:32:11.0000005,9.067632
2014-06-14 12:32:11.0000002,13.494592
2014-06-14 12:32:11.0000004,11.182204
2014-06-14 12:32:11.0000006,10.287717
2014-06-14 12:32:11.0000003,39.38578
2012-06-09 22:57:15.0000002,6.693234
2012-06-09 22:57:15.0000005,8.070385
2014-04-22 01:28:15.0000001,23.281246
2013-01-31 01:19:15.0000001,19.075327
2013-01-31 01:19:15.0000002,10.806812
2014-12-19 21:54:27.0000003,7.78986
2014-12-19 21:54:27.0000002,18.185587
2014-12-19 21:54:27.0000004,9.668497
2014-12-19 21:54:27.0000001,12.252845
2010-10-22 20:56:51.0000004,5.272626
2010-10-22 20:56:51.0000001,12.4524765
2011-10-04 11:48:35.0000004,6.182047
2011-10-04 11:48:35.0000003,13.04342
2011-10-04 11:48:35.0000002,6.426487
2010-12-31 13:32:39.0000001,8.155713
2010-04-10 11:05:27.0000002,6.715175
2010-04-10 11:05:27.0000001,5.5752263
2013-10-02 21:12:59.0000001,11.150103
2013-10-02 21:12:59.0000002,13.283425
2013-10-02 21:12:59.0000004,6.5120373
2013-10-02 21:12:59.0000005,15.175078
2013-10-02 21:12:59.0000006,11.340082
2013-10-02 21:12:59.0000007,20.409384
2013-10-02 21:12:59.0000008,17.329035
2013-10-02 21:12:59.0000003,25.531086
2009-03-14 05:27:55.0000001,7.451578
2009-04-20 14:05:51.0000003,6.0212884
2009-04-20 14:05:51.0000002,15.294606
2009-04-20 14:05:51.0000001,24.20458
2009-04-20 14:05:51.0000004,7.8930526
2011-02-21 23:46:07.0000001,3.849977
2010-08-21 20:25:07.0000001,5.743104
2009-11-16 21:03:31.0000003,9.48579
2009-11-16 21:03:31.0000002,14.13981
2009-11-16 21:03:31.0000004,7.315126
2009-11-16 21:03:31.0000001,15.63874
2014-11-29 11:16:23.0000002,9.970221
2014-11-29 11:16:23.0000001,9.617782
2010-12-01 21:02:35.0000001,5.965768
2010-12-01 21:02:35.0000002,7.348785
2009-04-13 18:30:39.0000002,7.4264183
2009-04-13 18:30:39.0000001,7.871893
2010-06-02 19:45:19.0000002,11.212746
2010-06-02 19:45:19.0000001,9.31788
2010-06-02 19:45:19.0000004,9.460439
2012-04-16 14:29:35.0000001,3.6954477
2014-08-06 18:15:43.0000001,7.0141664
2014-08-06 18:15:43.0000002,14.16317
2010-04-20 11:53:23.0000005,8.385521
2010-04-20 11:53:23.0000002,5.2015944
2010-04-20 11:53:23.0000006,5.093098
2010-04-20 11:53:23.0000003,14.32597
2010-04-20 11:53:23.0000004,10.403301
2009-05-21 20:50:31.0000005,8.401236
2009-05-21 20:50:31.0000006,11.416678
2009-05-21 20:50:31.0000002,16.118576
2009-05-21 20:50:31.0000001,14.291684
2014-08-16 21:59:59.0000002,10.482509
2014-08-16 21:59:59.0000001,16.40962
2010-09-13 07:05:39.0000001,7.485425
2010-09-13 07:05:39.0000002,6.8889465
2010-01-28 12:25:11.0000001,6.8238473
2013-10-13 19:39:55.0000005,5.3796644
2013-10-13 19:39:55.0000004,6.3225923
2013-10-13 19:39:55.0000007,4.8264046
2013-10-13 19:39:55.0000001,9.508562
2013-10-13 19:39:55.0000003,9.160515
2013-10-13 19:39:55.0000006,5.569578
2013-10-13 19:39:55.0000002,8.79241
2013-09-20 13:38:55.0000003,6.7528524
2013-09-20 13:38:55.0000002,14.661858
2013-09-20 13:38:55.0000006,9.223241
2013-09-20 13:38:55.0000001,11.262832
2014-11-11 12:10:59.0000003,7.626047
2014-11-11 12:10:59.0000002,14.944309
2012-09-09 23:40:03.0000001,17.526585
2013-02-18 11:13:23.0000004,20.679468
2013-02-18 11:13:23.0000001,5.9138746
2013-02-18 11:13:23.0000003,25.445753
2013-02-18 11:13:23.0000002,8.190739
2011-06-05 12:38:43.0000002,5.6401634
2011-06-05 12:38:43.0000003,7.01393
2011-06-05 12:38:43.0000001,47.067463
2014-11-27 07:37:55.0000001,9.457648
2010-05-23 15:28:55.0000001,8.427267
2012-10-15 20:10:31.0000001,6.223894
2012-10-15 20:10:31.0000004,15.00491
2012-10-15 20:10:31.0000002,17.228588
2012-10-15 20:10:31.0000003,6.37952
2012-06-27 06:52:39.0000001,6.4799066
2013-06-07 13:52:55.0000001,6.318034
2013-06-07 13:52:55.0000002,9.514526
2013-06-07 13:52:55.0000006,29.555193
2013-06-07 13:52:55.0000003,11.774616
2013-06-07 13:52:55.0000004,8.880888
2009-06-04 19:34:15.0000003,11.962366
2009-06-04 19:34:15.0000001,6.7061124
2009-06-04 19:34:15.0000004,9.796574
2009-06-04 19:34:15.0000002,8.6599655
2013-09-29 22:12:07.0000002,14.765151
2013-09-29 22:12:07.0000003,7.7969027
2013-12-04 08:37:11.0000003,15.330315
2013-12-04 08:37:11.0000002,14.399302
2013-12-04 08:37:11.0000001,12.924869
2010-05-02 12:39:55.0000002,-0.09247687
2009-07-13 01:18:55.0000002,4.594854
2009-07-13 01:18:55.0000001,5.6513305
2015-05-20 00:59:15.0000004,4.64873
2015-05-20 00:59:15.0000003,22.410957
2009-12-03 18:02:47.0000001,9.636775
2014-06-24 02:41:11.0000001,29.290668
2012-01-13 02:08:43.0000001,7.489296
2012-08-06 21:07:55.0000001,10.86645
2012-08-06 21:07:55.0000002,8.5686455
2012-08-06 21:07:55.0000004,5.6700635
2012-08-06 21:07:55.0000005,9.252852
2012-08-06 21:07:55.0000003,6.815573
2009-07-13 07:32:31.0000001,6.2898245
2009-07-13 07:32:31.0000003,6.266858
2009-07-13 07:32:31.0000002,8.304292
2014-09-10 17:52:51.0000001,8.99786
2014-09-10 17:52:51.0000003,9.99215
2014-09-10 17:52:51.0000002,18.727812
2014-09-10 17:52:51.0000005,10.506792
2014-09-10 17:52:51.0000004,12.19512
2009-09-28 19:21:59.0000004,4.6424613
2009-09-28 19:21:59.0000005,6.15716
2009-09-28 19:21:59.0000002,6.1165395
2009-09-28 19:21:59.0000008,7.6934886
2009-09-28 19:21:59.0000001,5.341103
2015-05-23 12:59:39.0000004,12.037372
2015-05-23 12:59:39.0000002,13.245747
2015-05-23 12:59:39.0000001,7.654473
2010-02-10 12:16:03.0000001,5.5654097
2010-02-10 12:16:03.0000002,12.515781
2014-01-11 23:10:59.0000004,13.345926
2014-01-11 23:10:59.0000003,16.473705
2014-01-11 23:10:59.0000005,14.298909
2014-01-11 23:10:59.0000001,12.435615
2014-01-11 23:10:59.0000002,26.837412
2010-04-24 20:15:07.0000002,11.125996
2013-08-07 00:31:07.0000001,52.14954
2012-10-21 19:47:23.0000001,5.2525163
2012-10-21 19:47:23.0000003,8.755611
2012-10-21 19:47:23.0000004,12.0415745
2013-05-24 07:22:51.0000002,6.061627
2009-09-13 20:12:31.0000002,5.588598
2009-09-13 20:12:31.0000001,5.9788365
2010-10-31 08:51:59.0000002,5.0876093
2010-10-31 08:51:59.0000001,15.57798
2013-06-04 23:58:11.0000007,6.1467566
2013-06-04 23:58:11.0000001,17.024422
2013-06-04 23:58:11.0000003,10.337983
2013-06-04 23:58:11.0000005,5.916459
2013-06-04 23:58:11.0000002,25.928959
2013-06-04 23:58:11.0000004,11.41384
2013-06-04 23:58:11.0000008,31.908007
2010-03-22 22:11:31.0000001,12.578725
2010-03-22 22:11:31.0000002,6.4492564
2011-01-15 12:49:59.0000002,10.997172
2011-01-15 12:49:59.0000001,10.912157
2009-06-13 18:36:47.0000001,14.985597
2009-06-13 18:36:47.0000002,9.397626
2009-06-13 18:36:47.0000003,10.297819
2009-05-06 16:41:35.0000001,9.791992
2014-08-08 17:32:47.0000004,4.6064706
2014-08-08 17:32:47.0000001,40.494453
2014-08-08 17:32:47.0000002,16.449923
2014-04-02 11:55:15.0000001,8.904292
2014-04-02 11:55:15.0000002,6.3955355
2011-01-04 10:12:51.0000003,6.725161
2011-01-04 10:12:51.0000004,5.5189805
2011-01-04 10:12:51.0000001,4.0295105
2011-01-04 10:12:51.0000005,4.8054166
2010-09-22 09:42:31.0000002,9.231128
2010-09-22 09:42:31.0000004,11.081431
2010-09-22 09:42:31.0000001,9.438518
2013-08-19 19:39:23.0000003,7.2360706
2013-08-19 19:39:23.0000001,6.0934296
2014-07-08 10:21:39.0000002,10.48571
2014-07-08 10:21:39.0000006,15.785312
2014-07-08 10:21:39.0000003,4.2698584
2014-07-08 10:21:39.0000005,12.336557
2014-07-08 10:21:39.0000004,10.859826
2014-07-08 10:21:39.0000001,4.112909
2015-03-11 16:36:39.0000003,10.73278
2015-03-11 16:36:39.0000001,6.7632165
2015-03-11 16:36:39.0000002,19.514381
2015-05-29 18:59:35.0000005,44.922573
2015-05-29 18:59:35.0000004,14.513562
2015-05-29 18:59:35.0000002,9.014727
2015-05-29 18:59:35.0000001,8.143747
2011-10-26 17:48:43.0000001,4.7187014
2011-10-26 17:48:43.0000008,6.649613
2011-10-26 17:48:43.0000002,10.243005
2011-10-26 17:48:43.0000004,6.1706934
2011-10-26 17:48:43.0000003,5.08682
2011-10-26 17:48:43.0000007,4.369892
2014-06-24 09:49:55.0000004,12.599359
2014-06-24 09:49:55.0000007,5.137099
2014-06-24 09:49:55.0000001,5.103489
2014-06-24 09:49:55.0000006,6.8878584
2014-06-24 09:49:55.0000002,11.413592
2014-06-24 09:49:55.0000003,8.841345
2014-06-24 09:49:55.0000005,5.355147
2009-03-14 20:59:19.0000001,12.194068
2009-01-29 18:38:03.0000002,7.5000453
2009-01-29 18:38:03.0000001,29.28114
2010-07-23 00:03:59.0000001,11.851128
2013-01-11 12:28:03.0000004,8.875602
2013-01-11 12:28:03.0000003,6.6481867
2013-01-11 12:28:03.0000002,6.592889
2013-01-11 12:28:03.0000005,10.255283
2013-01-11 12:28:03.0000001,8.573831
2013-02-20 02:00:23.0000001,14.730095
2013-02-20 02:00:23.0000002,4.4937615
2013-02-20 02:00:23.0000003,12.279477
2009-11-03 19:53:27.0000004,12.454051
2009-11-03 19:53:27.0000003,6.1136613
2009-12-19 21:56:15.0000002,6.9202266
2009-12-19 21:56:15.0000001,7.3467517
2014-03-22 12:24:03.0000001,35.830322
2014-03-22 12:24:03.0000002,6.726198
2009-12-21 21:20:43.0000003,8.161395
2009-12-21 21:20:43.0000001,9.128352
2009-08-21 15:35:07.0000002,4.859532
2009-08-21 15:35:07.0000004,47.35277
2009-08-21 15:35:07.0000003,6.4139924
2010-04-25 13:28:47.0000002,5.4923825
2010-04-25 13:28:47.0000003,20.854626
2010-11-02 18:49:59.0000001,11.838228
2010-11-02 18:49:59.0000003,5.201653
2010-11-02 18:49:59.0000002,7.4650965
2011-04-02 00:27:03.0000006,12.889065
2011-04-02 00:27:03.0000002,6.3157964
2011-04-02 00:27:03.0000004,4.8158674
2011-04-02 00:27:03.0000003,7.0154552
2011-04-02 00:27:03.0000005,7.689008
2011-04-02 00:27:03.0000001,5.8558364
2013-12-29 12:31:55.0000001,6.968535
2013-12-29 12:31:55.0000002,11.102871
2013-12-29 12:31:55.0000003,7.8565626
2012-05-02 12:02:03.0000003,7.852816
2012-05-02 12:02:03.0000002,11.992403
2012-05-02 12:02:03.0000004,6.5017242
2012-05-02 12:02:03.0000005,8.484535
2012-05-02 12:02:03.0000001,4.9579463
2009-07-21 10:36:43.0000001,5.805732
2009-07-21 10:36:43.0000003,8.042091
2009-07-21 10:36:43.0000002,8.107956
2012-09-16 18:14:55.0000003,4.944222
2012-09-16 18:14:55.0000001,12.797646
2012-09-16 18:14:55.0000004,5.5017934
2010-04-21 06:28:47.0000002,6.496561
2009-03-02 09:30:07.0000001,6.887631
2009-03-02 09:30:07.0000002,5.985766
2010-12-18 15:32:19.0000001,7.133028
2013-02-20 08:23:31.0000001,6.0940123
2015-02-11 20:51:51.0000006,35.446194
2015-02-11 20:51:51.0000002,8.9746895
2015-02-11 20:51:51.0000003,4.6837883
2015-02-11 20:51:51.0000005,5.2432914
2015-02-11 20:51:51.0000007,10.017937
2015-02-11 20:51:51.0000004,7.329478
2013-12-07 01:41:59.0000001,11.190203
2013-12-07 01:41:59.0000003,14.583247
2014-03-04 12:06:35.0000002,8.171376
2014-03-04 12:06:35.0000004,8.357837
2014-03-04 12:06:35.0000003,13.3871155
2014-03-04 12:06:35.0000001,7.246618
2013-05-21 06:52:59.0000001,14.878704
2013-05-21 06:52:59.0000004,5.9473915
2013-05-21 06:52:59.0000002,6.069445
2009-09-09 08:09:19.0000002,7.430856
2009-09-09 08:09:19.0000001,8.296
2012-06-22 20:50:55.0000001,17.12512
2010-04-06 09:14:59.0000001,15.822953
2010-04-06 09:14:59.0000003,4.4446883
2010-04-06 09:14:59.0000002,28.84846
2009-04-03 07:49:39.0000002,8.788112
2009-04-03 07:49:39.0000001,6.427598
2011-08-28 16:06:43.0000001,10.433896
2010-12-19 15:52:31.0000001,13.028882
2010-12-19 15:52:31.0000002,4.95444
2010-12-19 15:52:31.0000004,5.001788
2010-12-19 15:52:31.0000003,5.181921
2014-07-12 00:15:59.0000004,6.5782914
2014-07-12 00:15:59.0000003,7.105194
2014-07-12 00:15:59.0000002,8.649722
2009-03-31 10:27:19.0000004,9.225972
2009-03-31 10:27:19.0000002,7.3877826
2009-03-31 10:27:19.0000001,17.1115
2014-07-31 10:39:39.0000002,4.0283685
2012-06-02 07:16:31.0000001,5.1994543
2012-06-02 07:16:31.0000003,47.9616
2012-06-02 07:16:31.0000002,12.133966
2012-09-27 15:03:15.0000001,40.519062
2012-07-05 02:23:47.0000001,4.325284
2013-09-14 18:28:03.0000002,22.758331
2013-09-14 18:28:03.0000003,17.48707
2009-04-22 04:26:35.0000001,14.97798
2015-02-14 09:08:11.0000003,5.554608
2012-01-19 20:26:35.0000004,4.585905
2012-01-19 20:26:35.0000005,11.899392
2012-01-19 20:26:35.0000001,6.0241594
2015-03-13 13:04:59.0000001,11.1933975
2015-03-13 13:04:59.0000002,10.1273365
2015-03-13 13:04:59.0000006,9.871679
2015-03-13 13:04:59.0000004,6.5117216
2015-03-13 13:04:59.0000007,15.086462
2015-03-13 13:04:59.0000003,8.786907
2015-03-13 13:04:59.0000005,6.090185
2013-07-25 13:47:39.0000002,11.033142
2013-07-25 13:47:39.0000001,9.789965
2014-03-07 11:45:35.0000001,8.567224
2014-03-07 11:45:35.0000002,26.755064
2013-10-31 06:09:15.0000001,20.268776
2014-09-11 06:41:15.0000001,4.652667
2014-09-11 06:41:15.0000002,4.064346
2014-09-11 06:41:15.0000004,8.964131
2014-09-11 06:41:15.0000003,13.126732
2012-06-04 09:50:39.0000005,32.823757
2012-06-04 09:50:39.0000003,5.9423733
2012-06-04 09:50:39.0000001,11.962494
2012-06-04 09:50:39.0000004,9.064139
2012-06-04 09:50:39.0000002,7.6831713
2010-06-07 07:37:55.0000002,5.732508
2010-06-07 07:37:55.0000003,4.595015
2010-06-07 07:37:55.0000001,7.1969213
2010-06-07 07:37:55.0000004,4.1578374
2015-02-25 18:00:51.0000009,5.784441
2015-02-25 18:00:51.0000006,5.2565207
2015-02-25 18:00:51.0000002,23.856377
2015-02-25 18:00:51.0000003,6.0683274
2015-02-25 18:00:51.00000010,9.037827
2015-02-25 18:00:51.0000004,8.719701
2015-02-25 18:00:51.0000005,6.063579
2015-02-08 08:44:03.0000001,12.143365
2010-12-11 15:16:35.0000001,6.1835146
2010-12-11 15:16:35.0000002,4.5108457
2014-05-19 18:38:19.0000002,5.5985074
2014-05-19 18:38:19.0000001,8.722082
2009-07-19 08:38:51.0000001,5.4033566
2013-08-20 12:05:47.0000001,9.821576
2013-08-20 12:05:47.0000003,9.09262
2013-08-20 12:05:47.0000004,8.435912
2013-08-20 12:05:47.0000002,11.159753
2014-03-11 19:48:15.0000007,9.891491
2014-03-11 19:48:15.0000001,10.13707
2014-03-11 19:48:15.0000005,7.344654
2014-03-11 19:48:15.0000006,11.171347
2014-03-11 19:48:15.0000004,10.428074
2014-03-11 19:48:15.0000002,19.234804
2014-03-11 19:48:15.0000003,11.63362
2013-01-09 02:05:51.0000002,6.0117507
2009-08-08 11:41:51.0000001,3.2893949
2009-08-08 11:41:51.0000004,10.194317
2009-08-08 11:41:51.0000002,5.806035
2014-06-18 16:08:03.0000001,9.017423
2014-06-18 16:08:03.0000002,18.206297
2013-06-02 16:26:47.0000003,8.512421
2013-06-02 16:26:47.0000002,5.5642724
2009-07-29 10:02:47.0000002,6.9812503
2009-07-29 10:02:47.0000001,7.174288
2013-02-16 14:26:51.0000002,7.206558
2012-05-11 03:48:31.0000001,6.100528
2010-01-22 05:47:59.0000001,7.2125716
2012-11-12 11:57:03.0000002,54.803535
2012-01-04 00:06:39.0000001,6.409704
2010-12-28 20:17:27.0000002,4.7841506
2010-12-28 20:17:27.0000001,6.2077723
2010-12-28 20:17:27.0000004,5.738815
2009-03-18 08:03:07.0000002,11.279037
2009-03-18 08:03:07.0000001,4.6010437
2011-10-07 12:38:19.0000004,13.331792
2011-10-07 12:38:19.0000003,4.2268987
2011-10-07 12:38:19.0000002,16.385542
2011-10-07 12:38:19.0000005,10.49234
2009-12-12 22:01:31.0000005,11.008711
2009-12-12 22:01:31.0000002,8.901038
2009-12-12 22:01:31.0000004,5.98037
2009-12-12 22:01:31.0000006,5.071873
2009-12-12 22:01:31.0000003,12.59403
2015-04-19 20:44:15.0000003,14.739749
2015-04-19 20:44:15.0000002,7.8239245
2015-04-19 20:44:15.0000004,8.195871
2012-03-23 01:36:31.0000002,6.311041
2012-03-23 01:36:31.0000001,3.9233816
2014-10-08 21:24:47.0000001,10.606821
2014-10-08 21:24:47.0000002,13.948106
2011-02-03 01:27:31.0000001,13.633758
2011-05-20 23:42:59.0000002,6.462702
2014-01-04 10:54:59.0000001,16.284302
2014-01-04 10:54:59.0000003,9.786527
2009-11-23 05:45:11.0000001,30.670116
2013-01-22 16:25:11.0000003,10.567838
2013-01-22 16:25:11.0000002,39.101597
2013-01-22 16:25:11.0000001,10.57127
2015-05-12 08:31:07.0000007,37.22404
2015-05-12 08:31:07.0000008,7.9098907
2015-05-12 08:31:07.0000001,11.711788
2015-05-12 08:31:07.0000009,11.168985
2015-05-12 08:31:07.0000005,8.460012
2015-05-12 08:31:07.0000006,7.8623104
2015-05-12 08:31:07.0000002,37.61202
2015-05-12 08:31:07.0000004,8.592675
2013-09-26 06:58:55.0000001,6.595558
2013-09-26 06:58:55.0000002,11.105169
2014-09-14 23:26:11.0000003,13.0016575
2014-09-14 23:26:11.0000002,12.085922
2009-08-26 08:06:15.0000002,12.792031
2009-08-26 08:06:15.0000003,40.96582
2009-08-26 08:06:15.0000001,7.043537
2014-10-13 06:14:51.0000001,7.4979515
2013-02-02 16:07:55.0000002,10.433854
2013-02-02 16:07:55.0000001,7.022945
2013-02-02 16:07:55.0000003,6.9790072
2014-04-05 01:52:27.0000005,6.236171
2014-04-05 01:52:27.0000001,22.850067
2010-02-23 20:29:51.0000002,6.6386495
2010-02-23 20:29:51.0000003,6.188719
2011-01-25 00:01:03.0000002,7.534903
2011-01-25 00:01:03.0000001,9.037343
2013-11-01 13:07:47.0000002,8.85679
2013-11-01 13:07:47.0000001,8.055423
2013-11-01 13:07:47.0000005,10.152747
2013-11-01 13:07:47.0000004,10.546475
2015-03-07 15:25:59.0000004,5.6302266
2015-03-07 15:25:59.0000002,23.18012
2015-03-07 15:25:59.0000001,10.60076
2013-10-06 21:05:11.0000002,26.16101
2013-10-06 21:05:11.0000001,12.40082
2009-04-16 15:57:31.0000002,8.397047
2012-02-21 20:45:03.0000002,7.2184234
2012-02-21 20:45:03.0000001,8.121839
2010-01-10 12:55:43.0000002,8.981793
2015-01-31 01:05:19.0000004,16.277956
2015-01-31 01:05:19.0000007,24.176584
2015-01-31 01:05:19.0000006,8.151498
2015-01-31 01:05:19.0000001,10.208749
2015-01-31 01:05:19.0000003,5.097932
2015-01-31 01:05:19.0000002,15.794381
2011-10-23 17:43:43.0000001,5.829861
2015-03-16 21:12:19.0000003,23.71697
2015-03-16 21:12:19.0000004,8.2784
2015-03-16 21:12:19.0000005,11.96089
2015-03-16 21:12:19.0000008,15.875607
2015-03-16 21:12:19.0000001,13.190136
2012-09-29 20:16:51.0000001,7.765534
2012-09-29 20:16:51.0000002,37.068287
2012-09-29 20:16:51.0000003,6.8446975
2012-09-29 20:16:51.0000005,12.749185
2009-08-03 16:28:07.0000001,4.4402285
2009-08-03 16:28:07.0000003,5.974865
2009-08-03 16:28:07.0000004,6.795513
2009-08-03 16:28:07.0000002,13.713429
2009-07-30 15:49:15.0000003,8.742681
2009-07-30 15:49:15.0000001,7.968097
2009-07-30 15:49:15.0000005,7.1802044
2015-01-18 14:06:23.0000005,18.348352
2015-01-18 14:06:23.0000002,20.077097
2015-03-02 14:08:03.0000002,4.30972
2015-03-02 14:08:03.0000001,9.826367
2009-09-07 19:35:39.0000003,7.5500593
2009-09-07 19:35:39.0000002,8.260264
2014-07-01 15:15:23.0000004,9.665332
2014-07-01 15:15:23.0000002,17.88465
2014-07-01 15:15:23.0000005,15.098456
2014-07-01 15:15:23.0000006,5.234765
2014-07-01 15:15:23.0000001,31.137644
2013-04-18 02:55:07.0000001,19.282143
2010-02-10 16:57:19.0000001,8.36388
2013-02-15 18:45:39.0000001,11.508574
2011-06-22 01:50:11.0000001,15.659506
2014-05-06 23:54:59.0000002,15.0084
2014-05-06 23:54:59.0000004,4.722849
2014-05-06 23:54:59.0000003,4.631912
2014-05-06 23:54:59.0000001,12.608344
2012-04-23 21:05:31.0000003,21.51238
2012-04-23 21:05:31.0000004,9.345489
2012-04-23 21:05:31.0000002,9.397858
2012-04-23 21:05:31.0000006,4.963548
2012-04-23 21:05:31.0000001,38.324844
2012-04-23 21:05:31.0000005,6.2972336
2009-03-20 07:29:39.0000003,5.0406194
2009-03-20 07:29:39.0000001,13.15821
2009-03-20 07:29:39.0000002,6.848467
2014-06-25 15:08:19.0000001,7.6340365
2014-06-25 15:08:19.0000002,7.196818
2011-06-09 14:51:15.0000003,8.40185
2011-06-09 14:51:15.0000004,6.758864
2011-06-09 14:51:15.0000001,7.996335
2011-06-09 14:51:15.0000002,9.792374
2015-01-27 13:08:24.0000001,5.9905705
2011-07-24 14:52:56.0000001,9.208772
2011-10-08 11:53:44.0000001,13.545543
2012-12-01 21:12:12.0000004,4.813536
2013-11-22 15:43:12.0000001,4.2653604
2012-07-15 16:45:04.0000005,4.96899
2012-07-15 16:45:04.0000001,6.2849264
2014-06-14 13:39:00.00000014,12.350616
2014-06-14 13:39:00.000000113,8.992785
2014-06-14 13:39:00.0000006,8.040466
2014-06-14 13:39:00.000000139,8.946851
2014-06-14 13:39:00.0000004,6.946809
2014-06-14 13:39:00.000000171,9.987561
2014-06-14 13:39:00.00000011,15.1534195
2014-06-14 13:39:00.00000064,5.4061904
2014-06-14 13:39:00.00000090,8.661163
2014-06-14 13:39:00.00000041,6.5344973
2014-06-14 13:39:00.00000081,4.4279757
2014-06-14 13:39:00.000000164,10.233438
2014-06-14 13:39:00.00000080,16.102566
2014-06-14 13:39:00.00000026,28.152048
2014-06-14 13:39:00.00000058,9.871778
2014-06-14 13:39:00.000000150,13.450438
2014-06-14 13:39:00.00000030,6.5482407
2014-06-14 13:39:00.00000091,5.3457856
2014-06-14 13:39:00.000000175,7.869872
2014-06-14 13:39:00.000000101,18.96563
2014-06-14 13:39:00.00000085,8.903074
2014-06-14 13:39:00.000000105,8.053929
2014-06-14 13:39:00.00000069,7.61865
2014-06-14 13:39:00.000000149,90.501564
2010-08-22 21:14:08.0000004,4.228673
2011-06-24 20:34:48.0000003,8.169347
2011-06-24 20:34:48.0000004,5.787495
2011-03-28 20:38:36.0000001,9.365738
2009-10-21 02:11:24.0000001,13.085265
2011-05-21 13:16:20.0000002,9.431993
2015-01-31 20:54:04.0000003,8.01545
2010-05-10 10:37:04.0000001,7.7213216
2010-03-20 21:35:20.0000001,10.331463
2010-03-20 21:35:20.0000002,17.249271
2012-08-22 22:39:20.0000004,5.8119884
2012-08-22 22:39:20.0000002,8.601196
2012-12-23 02:29:16.0000002,18.082973
2011-10-02 23:36:00.00000031,5.322566
2011-10-02 23:36:00.00000070,9.241944
2011-10-02 23:36:00.00000068,13.46215
2011-10-02 23:36:00.00000034,14.945034
2011-10-02 23:36:00.00000042,8.858865
2011-10-02 23:36:00.00000032,8.77086
2011-10-02 23:36:00.00000028,5.3338537
2011-10-02 23:36:00.00000078,4.3691077
2011-10-02 23:36:00.00000027,8.131797
2011-10-02 23:36:00.00000018,3.9106603
2011-10-02 23:36:00.00000061,8.76171
2011-10-02 23:36:00.00000045,4.1191835
2011-10-02 23:36:00.00000016,4.0512753
2011-10-02 23:36:00.00000052,7.41737
2011-10-02 23:36:00.00000098,7.156374
2011-10-02 23:36:00.00000048,8.035838
2013-03-21 12:47:28.0000004,7.703042
2013-03-21 12:47:28.0000007,4.8256407
2010-09-05 22:31:32.0000001,8.321551
2013-07-12 23:33:24.0000003,16.835802
2015-06-08 20:02:56.0000002,14.714408
2011-10-11 22:13:48.0000001,10.195893
2011-10-11 22:13:48.0000004,5.1728287
2013-09-14 16:53:20.0000004,9.4216
2013-09-14 16:53:20.0000003,21.720228
2014-02-06 09:09:56.0000002,10.224906
2009-06-10 16:55:00.00000028,7.3426595
2009-06-10 16:55:00.00000020,11.649062
2009-06-10 16:55:00.0000001,6.2684627
2009-06-10 16:55:00.000000133,7.6753607
2009-06-10 16:55:00.00000026,6.185968
2009-06-10 16:55:00.000000142,18.538656
2009-06-10 16:55:00.00000038,6.500726
2009-06-10 16:55:00.00000042,10.0394335
2009-06-10 16:55:00.000000112,6.7739005
2009-06-10 16:55:00.00000096,6.113873
2009-06-10 16:55:00.00000050,7.983821
2009-06-10 16:55:00.00000092,10.059754
2009-06-10 16:55:00.000000167,6.683537
2009-06-10 16:55:00.000000110,5.015663
2009-06-10 16:55:00.00000015,14.406957
2009-06-10 16:55:00.000000104,26.691683
2009-06-10 16:55:00.00000019,46.469196
2009-06-10 16:55:00.000000168,5.0203905
2009-06-10 16:55:00.00000059,7.782988
2009-06-10 16:55:00.000000136,8.743387
2009-06-10 16:55:00.00000087,32.788647
2009-06-10 16:55:00.000000134,5.5469728
2009-06-10 16:55:00.00000032,6.892305
2013-06-26 11:19:36.0000001,7.5121984
2009-05-02 20:11:32.0000002,5.021455
2009-05-02 20:11:32.0000003,11.127701
2011-06-24 12:03:00.00000031,8.184191
2011-06-24 12:03:00.00000064,6.5288506
2011-06-24 12:03:00.000000153,14.954604
2011-06-24 12:03:00.00000014,6.8122697
2011-06-24 12:03:00.000000192,27.11724
2011-06-24 12:03:00.000000121,6.385002
2011-06-24 12:03:00.000000140,5.620704
2011-06-24 12:03:00.000000155,5.2268043
2011-06-24 12:03:00.00000016,4.757656
2011-06-24 12:03:00.00000084,5.4313865
2011-06-24 12:03:00.00000080,7.8398776
2011-06-24 12:03:00.000000123,5.55842
2011-06-24 12:03:00.000000125,6.941345
2011-06-24 12:03:00.00000032,10.025456
2011-06-24 12:03:00.000000178,14.72392
2011-06-24 12:03:00.00000090,11.790354
2011-06-24 12:03:00.000000166,41.11896
2011-06-24 12:03:00.000000108,5.5083656
2011-06-24 12:03:00.00000098,9.343984
2011-06-24 12:03:00.000000104,30.80376
2011-06-24 12:03:00.00000027,12.538932
2011-06-24 12:03:00.000000151,15.3187275
2011-06-24 12:03:00.00000099,14.862827
2011-06-24 12:03:00.00000077,23.140936
2011-06-24 12:03:00.00000019,8.673876
2011-06-24 12:03:00.00000091,7.086942
2011-06-24 12:03:00.000000132,10.857044
2011-06-24 12:03:00.000000161,7.649693
2011-06-24 12:03:00.00000024,5.727771
2011-06-24 12:03:00.00000034,4.060415
2011-06-24 12:03:00.00000050,17.284351
2011-06-24 12:03:00.00000023,46.084263
2011-06-24 12:03:00.00000049,8.048107
2011-06-24 12:03:00.000000115,12.953718
2011-06-24 12:03:00.0000008,6.601918
2014-06-15 07:06:00.00000021,15.099721
2014-06-15 07:06:00.00000032,7.1666737
2014-06-15 07:06:00.00000029,5.8948126
2014-06-15 07:06:00.00000043,35.512978
2014-06-15 07:06:00.0000007,5.328828
2014-06-15 07:06:00.00000038,14.112609
2014-06-15 07:06:00.00000020,6.1961284
2014-06-15 07:06:00.00000027,56.533344
2012-08-09 01:30:36.0000001,11.197527
2015-05-30 21:29:04.0000002,14.354332
2015-05-30 21:29:04.0000005,10.454937
2009-10-26 12:01:36.0000004,32.45002
2013-02-02 15:45:08.0000004,8.152087
2010-12-14 23:27:36.0000003,3.848924
2010-12-14 23:27:36.0000004,4.3726206
2010-12-14 23:27:36.0000002,8.700397
2014-04-14 13:48:32.0000001,33.9222
2014-04-14 13:48:32.0000002,9.799341
2014-08-07 16:57:56.0000001,9.144109
2009-09-14 02:19:00.00000022,8.619697
2009-09-14 02:19:00.00000010,9.907301
2009-09-14 02:19:00.0000004,4.257831
2009-09-14 02:19:00.00000011,5.147268
2009-09-14 02:19:00.00000023,3.1570168
2009-09-14 02:19:00.00000041,6.4173055
2009-09-14 02:19:00.00000013,9.801291
2014-03-17 16:07:56.0000001,8.904284
2011-06-12 11:31:48.0000003,5.377466
2011-06-12 11:31:48.0000001,7.961888
2011-06-12 11:31:48.0000002,13.344962
2015-06-24 14:19:52.0000003,13.534137
2010-08-21 22:21:32.0000003,7.498035
2012-01-26 11:17:36.0000001,5.4873033
2015-02-27 14:15:52.0000001,12.634609
2015-02-27 14:15:52.0000002,12.023672
2014-09-14 17:22:12.0000004,10.768519
2009-01-02 17:45:40.0000004,30.503647
2009-01-02 17:45:40.0000001,6.261152
2009-01-02 17:45:40.0000002,7.1421113
2009-01-02 17:45:40.0000003,5.7476263
2009-01-01 11:04:24.0000003,11.071223
2009-01-01 11:04:24.0000001,6.579759
2014-04-28 19:46:36.0000001,5.3959394
2011-06-01 07:37:00.000000192,18.770435
2011-06-01 07:37:00.000000115,11.412554
2011-06-01 07:37:00.00000089,7.6500406
2011-06-01 07:37:00.00000087,6.9025803
2011-06-01 07:37:00.000000173,4.9899864
2011-06-01 07:37:00.000000166,8.166389
2011-06-01 07:37:00.00000081,5.8550215
2011-06-01 07:37:00.00000041,5.1613746
2011-06-01 07:37:00.000000102,4.908358
2011-06-01 07:37:00.000000215,12.07324
2011-06-01 07:37:00.0000006,30.030287
2011-06-01 07:37:00.000000161,5.61291
2011-06-01 07:37:00.000000123,4.7888494
2011-06-01 07:37:00.000000117,8.496172
2011-06-01 07:37:00.0000004,18.858854
2011-06-01 07:37:00.000000133,7.2721806
2011-06-01 07:37:00.000000160,6.631872
2011-06-01 07:37:00.000000136,15.095164
2011-06-01 07:37:00.000000214,9.518943
2011-06-01 07:37:00.00000047,9.571041
2011-06-01 07:37:00.0000001,5.6662116
2011-06-01 07:37:00.00000096,5.251539
2011-06-01 07:37:00.000000150,19.198984
2011-06-01 07:37:00.00000072,13.410892
2011-06-01 07:37:00.00000064,6.452457
2010-08-27 18:45:00.00000048,16.164738
2010-08-27 18:45:00.000000210,13.680144
2010-08-27 18:45:00.000000159,4.4857464
2010-08-27 18:45:00.00000083,10.161354
2010-08-27 18:45:00.000000145,5.613925
2010-08-27 18:45:00.00000096,14.096401
2010-08-27 18:45:00.00000036,5.463926
2010-08-27 18:45:00.00000088,8.706614
2010-08-27 18:45:00.000000116,11.239476
2010-08-27 18:45:00.000000193,7.3335595
2010-08-27 18:45:00.000000121,4.970602
2010-08-27 18:45:00.00000074,15.281561
2010-08-27 18:45:00.00000075,8.452119
2010-08-27 18:45:00.000000130,13.882945
2010-08-27 18:45:00.000000224,6.334563
2010-08-27 18:45:00.00000072,5.3327403
2010-08-27 18:45:00.000000128,9.994505
2010-08-27 18:45:00.000000163,9.962197
2010-08-27 18:45:00.000000171,8.308315
2010-08-27 18:45:00.000000157,10.630969
2010-08-27 18:45:00.000000147,6.3654227
2010-08-27 18:45:00.000000119,4.9346533
2010-08-27 18:45:00.000000111,6.3777876
2010-08-27 18:45:00.00000015,18.834099
2010-08-27 18:45:00.00000062,5.7465453
2010-08-27 18:45:00.000000127,5.764981
2010-08-27 18:45:00.000000223,4.1663547
2010-08-27 18:45:00.000000112,7.821206
2010-08-27 18:45:00.000000201,15.461549
2010-08-27 18:45:00.000000135,11.605304
2010-08-27 18:45:00.00000092,7.4960675
2010-08-27 18:45:00.00000056,5.073604
2010-08-27 18:45:00.000000105,9.437138
2010-08-27 18:45:00.000000222,4.9079885
2010-08-27 18:45:00.00000023,8.127092
2011-02-12 00:43:24.0000002,7.0972185
2014-05-07 06:50:20.0000004,7.8881726
2010-08-14 02:13:00.000000131,10.9091
2010-08-14 02:13:00.00000097,8.253737
2010-08-14 02:13:00.00000086,5.5312405
2010-08-14 02:13:00.00000051,7.2109165
2010-08-14 02:13:00.000000128,5.4997807
2010-08-14 02:13:00.00000074,7.648927
2010-08-14 02:13:00.000000169,5.8372626
2010-08-14 02:13:00.000000127,7.801241
2010-08-14 02:13:00.00000036,6.025904
2010-08-14 02:13:00.00000068,30.923235
2010-08-14 02:13:00.00000042,21.530777
2010-08-14 02:13:00.000000115,16.59642
2010-08-14 02:13:00.00000029,4.525465
2010-08-14 02:13:00.0000003,36.330772
2010-08-14 02:13:00.00000037,17.10927
2010-08-14 02:13:00.000000121,5.0307913
2010-08-14 02:13:00.00000031,5.0106554
2010-08-14 02:13:00.00000094,12.830122
2010-08-14 02:13:00.000000136,14.664725
2010-08-14 02:13:00.00000018,8.650731
2010-08-14 02:13:00.000000125,8.180701
2010-08-14 02:13:00.00000041,18.531693
2010-08-14 02:13:00.000000163,15.3799305
2010-08-14 02:13:00.000000126,7.4642267
2010-08-14 02:13:00.0000008,10.085507
2010-08-14 02:13:00.00000057,6.46229
2010-08-14 02:13:00.00000050,14.48763
2010-08-14 02:13:00.000000152,5.084961
2014-03-25 23:47:00.00000083,5.9020047
2014-03-25 23:47:00.000000139,5.3707814
2014-03-25 23:47:00.000000122,20.184069
2014-03-25 23:47:00.00000093,7.0901794
2014-03-25 23:47:00.00000039,8.97621
2014-03-25 23:47:00.000000119,7.482115
2014-03-25 23:47:00.00000067,14.054471
2014-03-25 23:47:00.00000034,10.027225
2014-03-25 23:47:00.00000040,12.535297
2014-03-25 23:47:00.000000137,11.1157465
2014-03-25 23:47:00.00000076,22.33785
2014-03-25 23:47:00.00000057,8.49043
2014-03-25 23:47:00.000000104,8.785618
2014-03-25 23:47:00.00000069,4.6578937
2015-06-05 08:38:56.0000008,21.48472
2010-08-06 20:27:12.0000003,7.370267
2012-08-03 12:33:08.0000001,5.66297
2010-09-29 16:43:00.00000088,8.581027
2010-09-29 16:43:00.00000034,10.996251
2010-09-29 16:43:00.00000069,12.070293
2010-09-29 16:43:00.000000172,13.5266905
2010-09-29 16:43:00.000000152,10.099149
2010-09-29 16:43:00.00000084,7.0136023
2010-09-29 16:43:00.000000136,6.9905114
2010-09-29 16:43:00.000000126,11.51654
2010-09-29 16:43:00.000000171,5.952279
2010-09-29 16:43:00.000000139,7.4503045
2010-09-29 16:43:00.0000002,5.591663
2010-09-29 16:43:00.00000070,8.995081
2010-09-29 16:43:00.00000045,2.9256864
2010-09-29 16:43:00.0000009,9.081117
2010-09-29 16:43:00.00000057,13.892926
2010-09-29 16:43:00.000000118,7.787375
2010-09-29 16:43:00.00000042,11.76947
2010-09-29 16:43:00.000000130,8.009325
2010-09-29 16:43:00.00000039,8.405645
2010-09-29 16:43:00.00000032,7.9979806
2014-10-27 14:58:00.000000101,10.677065
2014-10-27 14:58:00.00000023,10.993456
2014-10-27 14:58:00.0000006,11.195826
2014-10-27 14:58:00.000000113,6.4925084
2014-10-27 14:58:00.000000143,4.8294544
2014-10-27 14:58:00.00000090,5.76031
2014-10-27 14:58:00.000000104,20.666729
2014-10-27 14:58:00.000000148,40.105373
2014-10-27 14:58:00.00000060,6.830168
2014-10-27 14:58:00.000000129,25.282398
2014-10-27 14:58:00.00000012,18.766188
2014-10-27 14:58:00.00000035,18.046436
2014-10-27 14:58:00.00000036,9.644214
2014-10-27 14:58:00.000000150,8.155867
2014-10-27 14:58:00.00000050,5.4769382
2014-10-27 14:58:00.000000103,8.117085
2014-10-27 14:58:00.00000067,6.6237187
2014-10-27 14:58:00.00000066,5.4916873
2009-10-08 23:44:56.0000003,7.55694
2012-11-03 17:11:00.00000064,14.225063
2012-11-03 17:11:00.00000074,6.4704666
2012-11-03 17:11:00.000000132,53.732426
2012-11-03 17:11:00.00000031,7.668634
2012-11-03 17:11:00.00000028,9.242715
2012-11-03 17:11:00.000000102,8.384941
2012-11-03 17:11:00.00000067,8.807788
2012-11-03 17:11:00.000000162,7.692595
2012-11-03 17:11:00.00000054,12.67619
2012-11-03 17:11:00.00000046,5.765727
2012-11-03 17:11:00.000000113,29.206123
2012-11-03 17:11:00.00000093,6.750763
2012-11-03 17:11:00.00000032,10.6023445
2012-11-03 17:11:00.00000052,19.620077
2012-11-03 17:11:00.000000147,8.806383
2012-11-03 17:11:00.000000125,10.095324
2012-11-03 17:11:00.00000086,6.2824774
2012-11-03 17:11:00.0000009,7.1591125
2012-11-03 17:11:00.000000136,7.769622
2012-11-03 17:11:00.00000077,8.41688
2012-11-03 17:11:00.00000099,17.98711
2012-11-03 17:11:00.00000096,9.031003
2012-11-03 17:11:00.000000161,7.7318206
2012-11-03 17:11:00.000000124,10.581183
2012-11-03 17:11:00.00000016,19.908142
2012-11-03 17:11:00.00000058,4.1583047
2012-11-03 17:11:00.00000083,10.288921
2012-11-03 17:11:00.00000082,11.159905
2012-11-03 17:11:00.00000075,22.86725
2012-11-03 17:11:00.00000061,13.3756275
2012-11-03 17:11:00.00000012,8.6923065
2012-11-03 17:11:00.00000057,4.729133
2012-11-03 17:11:00.00000037,6.5520554
2012-11-03 17:11:00.000000106,7.25614
2009-05-07 13:58:32.0000002,28.70627
2011-05-28 17:29:44.0000001,56.652077
2011-05-28 17:29:44.0000004,33.030075
2011-12-25 21:26:32.0000002,6.0202236
2009-05-06 01:49:12.0000002,13.028011
2009-05-06 01:49:12.0000004,4.908887
2011-03-11 01:44:00.00000030,8.71881
2011-03-11 01:44:00.00000027,43.35379
2011-03-11 01:44:00.0000009,6.7607822
2011-03-11 01:44:00.00000047,29.336777
2011-03-11 01:44:00.00000092,5.3449593
2011-03-11 01:44:00.0000006,11.453241
2011-03-11 01:44:00.00000056,21.712841
2011-03-11 01:44:00.00000081,8.362143
2011-03-11 01:44:00.00000039,7.1311407
2011-03-11 01:44:00.00000077,19.777584
2011-03-11 01:44:00.00000059,13.509762
2011-03-11 01:44:00.00000028,6.3834453
2011-03-11 01:44:00.00000036,13.427803
2011-03-11 01:44:00.00000038,21.771852
2011-03-11 01:44:00.00000065,16.317389
2011-03-11 01:44:00.0000003,4.382588
2013-01-27 00:09:12.0000003,7.4808445
2012-01-07 11:21:56.0000003,4.073805
2012-01-07 11:21:56.0000001,6.7312737
2012-10-31 12:17:24.0000002,12.822269
2012-10-20 02:05:08.0000003,6.732193
2014-10-11 15:11:24.0000003,4.7505183
2009-08-17 12:27:08.0000002,10.802529
2014-04-09 09:23:12.0000004,14.279024
2009-11-25 19:32:52.0000004,5.480096
2014-05-30 00:09:16.0000007,5.9580493
2014-05-30 00:09:16.0000006,18.939907
2013-01-07 17:08:32.0000002,11.001255
2013-02-18 17:37:28.0000001,5.8959436
2011-10-04 09:37:00.00000038,15.334144
2011-10-04 09:37:00.00000095,10.737857
2011-10-04 09:37:00.00000015,9.322535
2011-10-04 09:37:00.00000022,27.123325
2011-10-04 09:37:00.00000052,11.564462
2011-10-04 09:37:00.000000141,10.988812
2011-10-04 09:37:00.000000179,13.655014
2011-10-04 09:37:00.000000148,8.09174
2011-10-04 09:37:00.00000014,7.1379075
2011-10-04 09:37:00.00000085,6.5216546
2011-10-04 09:37:00.000000162,13.453759
2011-10-04 09:37:00.00000034,30.313751
2011-10-04 09:37:00.00000037,14.226194
2011-10-04 09:37:00.000000111,12.811452
2011-10-04 09:37:00.00000061,4.1617117
2011-10-04 09:37:00.000000199,8.623397
2011-10-04 09:37:00.000000158,13.926733
2011-10-04 09:37:00.000000149,7.2237396
2011-10-04 09:37:00.00000069,19.157755
2011-10-04 09:37:00.00000077,13.66319
2011-10-04 09:37:00.000000165,16.719942
2011-10-04 09:37:00.00000044,11.530699
2011-10-04 09:37:00.000000191,12.39354
2011-10-04 09:37:00.000000164,5.6236377
2011-10-04 09:37:00.000000135,4.6581445
2011-10-04 09:37:00.000000190,14.005765
2011-10-04 09:37:00.000000163,15.874074
2011-10-04 09:37:00.00000054,28.008732
2011-10-04 09:37:00.000000177,9.883636
2011-10-04 09:37:00.00000064,6.2008677
2011-10-04 09:37:00.0000003,11.859059
2011-10-04 09:37:00.000000196,24.465311
2011-10-04 09:37:00.000000155,6.541696
2012-10-23 14:15:04.0000002,11.535579
2012-10-18 21:06:20.0000009,8.451507
2012-10-18 21:06:20.0000007,11.083528
2014-12-24 03:00:00.00000016,14.738567
2014-12-24 03:00:00.00000025,8.189219
2014-12-24 03:00:00.00000029,6.8001323
2014-12-24 03:00:00.00000040,11.2609
2014-12-24 03:00:00.0000007,4.6056666
2014-12-24 03:00:00.00000019,6.0548596
2014-12-24 03:00:00.00000039,5.006207
2010-10-07 10:54:20.0000003,46.36121
2011-02-21 20:11:08.0000006,9.646586
2009-10-04 22:54:56.0000002,10.781771
2015-04-11 20:31:32.00000011,6.636304
2015-04-11 20:31:32.0000005,14.348312
2011-02-20 12:31:04.0000002,6.3838673
2013-01-01 22:04:56.0000002,9.303571
2013-01-01 22:04:56.0000003,8.921058
2013-04-23 17:52:44.0000003,56.88605
2010-01-01 13:19:40.0000004,9.249535
2010-03-06 23:51:08.0000003,12.147746
2014-04-27 02:57:00.000000155,11.070574
2014-04-27 02:57:00.00000072,11.131557
2014-04-27 02:57:00.00000043,7.7133503
2014-04-27 02:57:00.00000073,15.742089
2014-04-27 02:57:00.00000013,15.092553
2014-04-27 02:57:00.000000191,6.786171
2014-04-27 02:57:00.000000171,17.41051
2014-04-27 02:57:00.000000162,22.044678
2014-04-27 02:57:00.00000082,12.919546
2014-04-27 02:57:00.00000023,7.991563
2014-04-27 02:57:00.000000137,8.328259
2014-04-27 02:57:00.00000057,17.146017
2014-04-27 02:57:00.000000174,4.9780097
2014-04-27 02:57:00.00000012,4.7092123
2014-04-27 02:57:00.000000158,5.246023
2014-04-27 02:57:00.000000138,33.69679
2014-04-27 02:57:00.000000172,11.22037
2014-04-27 02:57:00.000000195,11.421457
2014-04-27 02:57:00.000000131,6.289129
2014-04-27 02:57:00.000000140,13.8408
2014-04-27 02:57:00.000000154,5.3379846
2014-04-27 02:57:00.00000036,6.4537807
2014-04-27 02:57:00.000000153,10.958236
2014-04-27 02:57:00.000000164,7.244467
2014-04-27 02:57:00.00000031,7.4120526
2014-04-27 02:57:00.000000116,28.898344
2014-04-27 02:57:00.000000187,9.7643385
2011-01-18 10:26:40.0000001,12.3699255
2011-12-13 22:00:00.000000185,11.537363
2011-12-13 22:00:00.000000117,28.948378
2011-12-13 22:00:00.00000037,14.609343
2011-12-13 22:00:00.000000171,7.113016
2011-12-13 22:00:00.000000194,13.938977
2011-12-13 22:00:00.000000237,6.1333184
2011-12-13 22:00:00.000000160,7.4337068
2011-12-13 22:00:00.000000145,4.1232057
2011-12-13 22:00:00.00000035,8.905991
2011-12-13 22:00:00.00000081,4.491803
2011-12-13 22:00:00.00000015,7.341658
2011-12-13 22:00:00.000000118,9.608334
2011-12-13 22:00:00.000000140,9.852464
2011-12-13 22:00:00.00000092,21.68879
2011-12-13 22:00:00.00000047,6.4001074
2011-12-13 22:00:00.000000119,7.4872146
2011-12-13 22:00:00.00000077,5.4707727
2011-12-13 22:00:00.00000096,7.652395
2011-12-13 22:00:00.000000152,19.42545
2011-12-13 22:00:00.000000198,9.105316
2011-12-13 22:00:00.00000043,6.5441003
2011-12-13 22:00:00.000000115,5.157516
2011-12-13 22:00:00.000000236,7.982823
2011-12-13 22:00:00.000000200,6.683736
2011-12-13 22:00:00.0000001,21.849855
2011-12-13 22:00:00.000000251,6.764419
2011-12-13 22:00:00.00000049,5.6563716
2011-12-13 22:00:00.00000034,8.288516
2011-12-13 22:00:00.000000262,5.2010612
2011-12-13 22:00:00.00000018,22.171099
2011-12-13 22:00:00.000000108,4.846192
2011-12-13 22:00:00.00000084,6.684206
2014-05-13 07:33:52.0000005,6.7775927
2011-06-30 09:37:08.0000001,8.834354
2009-01-28 16:36:28.0000004,10.822615
2010-07-21 22:06:12.0000004,14.037811
2013-05-24 13:37:32.0000003,12.952835
2013-05-24 13:37:32.0000002,6.179852
2014-03-05 21:07:12.0000002,5.3061905
2014-03-05 21:07:12.0000005,4.9203124
2009-11-28 15:07:24.0000002,7.61156
2010-07-31 15:47:28.0000002,11.027274
2013-11-22 15:36:36.0000001,12.696436
2011-06-26 18:48:08.0000003,8.839696
2011-10-17 18:49:20.0000001,13.821151
2011-10-17 18:49:20.0000004,6.574651
2014-07-21 18:19:00.00000053,6.964708
2014-07-21 18:19:00.00000085,8.140122
2014-07-21 18:19:00.000000175,6.5884943
2014-07-21 18:19:00.00000076,11.04015
2014-07-21 18:19:00.000000147,12.215658
2014-07-21 18:19:00.0000001,16.467781
2014-07-21 18:19:00.0000007,6.921907
2014-07-21 18:19:00.000000234,10.426005
2014-07-21 18:19:00.000000188,7.7423506
2014-07-21 18:19:00.00000024,9.391437
2014-07-21 18:19:00.000000158,4.6605625
2014-07-21 18:19:00.00000093,12.642243
2014-07-21 18:19:00.00000081,6.9085064
2014-07-21 18:19:00.000000206,7.332597
2014-07-21 18:19:00.00000095,25.14649
2014-07-21 18:19:00.000000164,4.3407264
2014-07-21 18:19:00.00000062,6.895127
2014-07-21 18:19:00.000000140,11.845468
2014-07-21 18:19:00.000000155,13.77676
2014-07-21 18:19:00.000000170,10.101276
2014-07-21 18:19:00.000000238,21.503183
2014-07-21 18:19:00.000000207,10.223843
2014-07-21 18:19:00.00000016,14.68347
2014-07-21 18:19:00.000000237,14.867158
2014-07-21 18:19:00.00000045,5.414512
2014-07-21 18:19:00.000000110,5.1284604
2014-07-21 18:19:00.000000157,6.5658183
2014-07-21 18:19:00.000000236,11.761722
2014-07-21 18:19:00.000000151,7.5008407
2014-07-21 18:19:00.000000192,5.303819
2014-07-21 18:19:00.00000086,6.1558623
2014-07-21 18:19:00.00000040,6.8558965
2014-07-21 18:19:00.000000209,5.063911
2014-07-21 18:19:00.000000138,12.341756
2014-07-21 18:19:00.000000131,11.206464
2014-07-21 18:19:00.000000243,8.679974
2014-07-21 18:19:00.000000199,12.930219
2014-07-21 18:19:00.00000041,12.455046
2014-07-21 18:19:00.000000180,13.387829
2014-07-21 18:19:00.00000052,8.286681
2014-07-21 18:19:00.00000084,7.0039277
2011-06-13 09:55:04.0000006,9.435151
2011-06-13 09:55:04.0000002,25.220919
2014-12-27 22:31:56.0000001,11.536335
2014-12-27 22:31:56.0000003,28.058296
2010-09-20 16:48:00.00000050,9.071905
2010-09-20 16:48:00.00000055,8.712975
2010-09-20 16:48:00.000000154,9.565985
2010-09-20 16:48:00.000000106,14.602803
2010-09-20 16:48:00.000000163,17.067057
2010-09-20 16:48:00.000000121,48.457653
2010-09-20 16:48:00.000000111,45.093773
2010-09-20 16:48:00.000000124,10.1008625
2010-09-20 16:48:00.000000143,7.5771337
2010-09-20 16:48:00.000000131,9.047239
2010-09-20 16:48:00.000000137,29.515606
2010-09-20 16:48:00.000000142,5.4745374
2010-09-20 16:48:00.00000036,7.7052436
2010-09-20 16:48:00.0000007,14.305601
2010-09-20 16:48:00.000000112,9.499648
2010-09-20 16:48:00.000000104,8.8902
2010-09-20 16:48:00.00000056,16.259361
2010-09-20 16:48:00.000000114,9.485594
2010-09-20 16:48:00.000000152,6.1539083
2010-09-20 16:48:00.00000072,22.957977
2010-09-20 16:48:00.0000004,9.483246
2010-09-20 16:48:00.00000058,16.715342
2010-09-20 16:48:00.00000081,9.700164
2010-09-20 16:48:00.000000116,7.2176948
2010-09-20 16:48:00.00000040,11.602674
2010-09-20 16:48:00.00000019,11.248466
2010-09-20 16:48:00.000000134,11.59769
2010-09-20 16:48:00.00000084,40.765255
2010-09-20 16:48:00.00000016,10.019902
2010-09-20 16:48:00.000000103,7.26939
2012-08-20 14:47:36.0000001,6.8425827
2011-12-01 01:36:08.0000001,4.2040453
2014-03-29 14:59:28.0000001,10.131189
2014-08-18 01:19:48.0000001,9.476007
2012-04-30 20:04:20.0000001,4.7018805
2013-07-13 18:28:20.0000003,58.65029
2014-10-07 19:04:08.0000003,5.3762584
2014-10-07 19:04:08.0000001,7.866752
2013-08-21 09:32:24.0000001,5.147783
2015-01-26 07:13:44.0000001,37.139835
2011-03-06 21:01:00.0000003,11.372028
2011-03-06 21:01:00.000000155,4.875561
2011-03-06 21:01:00.000000164,4.3150945
2011-03-06 21:01:00.000000131,8.693986
2011-03-06 21:01:00.00000091,8.048602
2011-03-06 21:01:00.000000144,15.176299
2011-03-06 21:01:00.000000132,4.9372277
2011-03-06 21:01:00.000000134,5.165999
2011-03-06 21:01:00.000000110,3.9796755
2011-03-06 21:01:00.00000058,5.5653343
2011-03-06 21:01:00.00000081,22.52454
2011-03-06 21:01:00.00000048,17.136875
2011-03-06 21:01:00.00000079,7.3525896
2011-03-06 21:01:00.000000142,11.931099
2011-03-06 21:01:00.00000090,8.909282
2011-03-06 21:01:00.000000125,6.8563814
2011-03-06 21:01:00.000000119,3.562782
2011-03-06 21:01:00.000000117,14.713712
2011-03-06 21:01:00.00000065,7.9496274
2011-03-06 21:01:00.000000163,5.0915666
2011-03-06 21:01:00.000000159,7.211699
2011-03-06 21:01:00.000000112,4.4640546
2011-03-06 21:01:00.00000013,30.362288
2011-03-06 21:01:00.000000121,7.360386
2011-03-06 21:01:00.000000152,4.5915484
2011-03-06 21:01:00.00000059,10.9500475
2011-03-06 21:01:00.00000041,3.3637595
2011-03-06 21:01:00.000000174,8.442617
2011-03-06 21:01:00.000000171,5.9264684
2011-03-06 21:01:00.00000069,14.4202
2011-03-06 21:01:00.00000050,4.09263
2011-03-06 21:01:00.00000039,8.010127
2011-03-06 21:01:00.00000082,7.317903
2011-03-06 21:01:00.000000165,6.2747397
2011-03-06 21:01:00.000000103,4.7568555
2011-03-06 21:01:00.00000063,4.920455
2011-03-06 21:01:00.000000100,15.37756
2011-03-06 21:01:00.000000124,10.250643
2011-03-06 21:01:00.000000126,6.3598285
2011-03-06 21:01:00.00000068,7.367667
2011-03-06 21:01:00.00000030,6.16815
2009-11-24 08:58:48.0000008,5.19394
2009-11-24 08:58:48.0000004,8.826009
2011-05-30 09:32:56.0000002,5.2076316
2010-01-02 12:20:32.0000001,6.3775935
2010-10-05 02:09:00.00000026,6.6693144
2010-10-05 02:09:00.00000016,4.44572
2010-10-05 02:09:00.00000019,17.757679
2010-10-05 02:09:00.00000014,6.1923094
2010-10-05 02:09:00.0000004,7.834739
2010-10-05 02:09:00.00000025,17.336634
2010-10-05 02:09:00.0000009,9.788662
2012-01-25 22:43:44.0000005,5.113513
2010-12-01 22:04:52.0000002,7.7774396
2013-06-23 02:54:32.0000001,19.307814
2013-11-18 15:07:28.0000003,9.901483
2013-08-06 23:56:32.0000002,7.1572137
2013-08-06 23:56:32.0000001,28.264828
2012-03-10 02:36:04.0000004,7.4759617
2014-04-13 17:35:52.0000001,11.172864
2013-09-14 16:03:12.0000001,13.646955
2013-09-14 16:03:12.0000002,8.036285
2013-09-14 16:03:12.0000003,7.5368423
2014-04-05 18:27:08.0000001,8.423488
2014-04-05 18:27:08.0000002,7.030626
2009-12-02 15:59:56.0000003,5.4677258
2010-01-03 02:03:40.0000001,4.1937156
2011-01-30 14:38:24.0000001,9.574952
2011-04-16 21:23:16.0000005,7.274314
2009-05-31 21:24:56.0000002,8.241276
2009-07-14 17:59:12.0000002,12.828829
2009-12-18 12:37:04.0000003,8.008355
2012-11-21 15:12:48.0000002,6.0174904
2011-10-07 22:08:20.0000002,7.750791
2011-10-07 22:08:20.0000001,10.023312
2011-10-07 22:08:20.0000004,10.873982
2013-09-24 21:16:40.0000008,4.24586
2013-09-24 21:16:40.0000005,5.353658
2014-01-25 12:36:52.0000003,8.672899
2012-01-26 07:33:00.000000101,5.1429644
2012-01-26 07:33:00.00000057,12.620183
2012-01-26 07:33:00.000000175,4.847896
2012-01-26 07:33:00.00000024,6.7564692
2012-01-26 07:33:00.00000097,5.725851
2012-01-26 07:33:00.000000115,15.847247
2012-01-26 07:33:00.00000039,5.2382355
2012-01-26 07:33:00.000000161,8.091185
2012-01-26 07:33:00.000000173,7.694029
2012-01-26 07:33:00.000000183,10.140885
2012-01-26 07:33:00.00000020,11.713047
2012-01-26 07:33:00.00000022,9.002258
2012-01-26 07:33:00.000000136,2.795915
2012-01-26 07:33:00.0000008,13.479506
2012-01-26 07:33:00.000000100,9.393033
2012-01-26 07:33:00.00000023,7.3400264
2012-01-26 07:33:00.00000056,6.8463373
2012-01-26 07:33:00.00000018,7.9588532
2012-01-26 07:33:00.00000076,20.734783
2012-01-26 07:33:00.00000080,6.7955704
2012-01-26 07:33:00.000000104,7.6102724
2012-01-26 07:33:00.00000082,5.074227
2012-01-26 07:33:00.00000025,4.943851
2012-01-26 07:33:00.000000181,62.14207
2012-01-26 07:33:00.000000105,5.936608
2015-03-20 23:34:40.0000001,10.308558
2015-03-20 23:34:40.0000008,8.634436
2015-03-20 23:34:40.0000003,16.68614
2013-12-14 03:20:48.0000003,11.199321
2010-12-09 07:29:00.000000164,10.3807535
2010-12-09 07:29:00.000000141,12.041583
2010-12-09 07:29:00.00000073,10.087703
2010-12-09 07:29:00.00000062,5.477871
2010-12-09 07:29:00.000000139,5.963861
2010-12-09 07:29:00.00000079,5.4712095
2010-12-09 07:29:00.000000145,7.7469196
2010-12-09 07:29:00.0000006,5.734702
2010-12-09 07:29:00.00000066,4.4266014
2010-12-09 07:29:00.000000171,7.8410625
2010-12-09 07:29:00.000000136,6.9936075
2010-12-09 07:29:00.00000026,18.762575
2010-12-09 07:29:00.00000044,4.806275
2010-12-09 07:29:00.00000083,13.994091
2010-12-09 07:29:00.00000028,6.5019865
2010-12-09 07:29:00.000000168,8.895781
2010-12-09 07:29:00.000000180,5.7167253
2010-12-09 07:29:00.00000094,5.2702127
2010-12-09 07:29:00.00000080,47.505325
2010-12-09 07:29:00.000000181,12.76999
2010-12-09 07:29:00.00000086,8.717779
2011-09-25 13:01:20.0000002,5.0211544
2014-02-20 18:49:04.0000001,11.384286
2010-08-21 23:02:28.0000004,4.956712
2010-08-21 23:02:28.0000001,12.647301
2010-08-21 23:02:28.0000002,6.2136903
2012-05-08 03:50:00.00000017,19.844938
2012-05-08 03:50:00.00000010,6.5087996
2012-05-08 03:50:00.0000005,6.24409
2009-07-31 07:30:56.0000003,14.759645
2012-03-06 07:33:04.0000001,10.865385
2015-03-12 19:43:24.0000006,38.641094
2014-01-18 17:43:28.0000001,10.212109
2011-09-04 01:36:36.0000001,6.606502
2010-08-09 08:53:56.0000001,6.2553525
2015-02-01 00:48:44.0000002,4.8985486
2014-01-26 15:28:52.0000001,9.97802
2014-01-26 15:28:52.0000002,9.725325
2011-12-06 11:07:40.0000004,11.228906
2011-07-12 19:41:48.0000001,7.280198
2010-09-16 14:27:16.0000002,9.190851
2015-02-14 20:20:56.0000003,5.5767903
2009-01-22 12:27:20.0000002,18.963406
2011-04-23 21:22:20.0000003,9.811458
2011-04-23 21:22:20.0000004,13.41656
2015-02-21 18:39:16.0000003,5.587491
2015-02-21 18:39:16.0000004,8.401769
2009-04-23 00:05:40.0000002,7.542417
2013-03-09 21:40:52.0000001,10.23523
2010-07-22 09:37:12.0000002,34.535896
2012-07-31 02:46:40.0000001,9.645463
2015-02-21 17:23:28.0000004,13.197474
2012-11-19 22:15:32.0000001,7.1426444
2009-01-26 18:26:48.0000005,7.002036
2009-09-22 11:47:24.0000001,9.16057
2012-07-05 18:30:36.0000004,4.782827
2012-11-20 21:54:00.000000225,6.152278
2012-11-20 21:54:00.00000025,13.768717
2012-11-20 21:54:00.00000036,22.215729
2012-11-20 21:54:00.000000102,15.0471525
2012-11-20 21:54:00.000000105,25.670609
2012-11-20 21:54:00.000000167,18.212568
2012-11-20 21:54:00.000000186,7.611159
2012-11-20 21:54:00.000000172,6.091895
2012-11-20 21:54:00.000000202,15.219157
2012-11-20 21:54:00.000000179,38.074978
2012-11-20 21:54:00.000000110,8.0231695
2012-11-20 21:54:00.00000076,7.681408
2012-11-20 21:54:00.000000195,20.39479
2012-11-20 21:54:00.000000131,33.570717
2012-11-20 21:54:00.0000002,14.44275
2012-11-20 21:54:00.00000068,28.31928
2012-11-20 21:54:00.000000138,9.515275
2012-11-20 21:54:00.00000090,8.53388
2012-11-20 21:54:00.000000169,7.9893003
2012-11-20 21:54:00.00000065,9.151899
2012-11-20 21:54:00.000000121,23.788317
2012-11-20 21:54:00.00000024,5.011197
2012-11-20 21:54:00.000000123,11.412841
2012-11-20 21:54:00.000000100,9.801473
2012-11-20 21:54:00.0000004,6.9448533
2012-11-20 21:54:00.00000098,5.00416
2012-11-20 21:54:00.000000205,5.6580453
2012-11-20 21:54:00.000000103,27.1123
2012-11-20 21:54:00.00000092,16.907898
2012-11-20 21:54:00.00000040,6.671142
2012-11-20 21:54:00.00000069,25.704302
2012-11-20 21:54:00.000000148,18.364393
2012-11-20 21:54:00.000000233,4.9912696
2014-06-23 00:16:00.00000054,12.5843315
2014-06-23 00:16:00.00000059,38.183826
2014-06-23 00:16:00.00000051,8.066439
2014-06-23 00:16:00.00000012,11.502025
2014-06-23 00:16:00.00000046,42.374985
2014-06-23 00:16:00.00000032,7.634378
2014-06-23 00:16:00.00000017,24.86436
2014-06-23 00:16:00.0000006,5.1768546
2014-06-23 00:16:00.00000084,9.099068
2014-06-23 00:16:00.00000021,48.99266
2014-06-23 00:16:00.0000007,5.330282
2014-06-23 00:16:00.00000045,6.755648
2014-06-23 00:16:00.00000083,24.907286
2014-06-23 00:16:00.00000048,31.714506
2014-06-23 00:16:00.00000058,7.390553
2014-06-23 00:16:00.00000075,7.694511
2014-06-23 00:16:00.00000027,9.633881
2014-06-23 00:16:00.00000031,9.016707
2009-04-25 10:52:56.0000001,11.0948925
2009-04-25 10:52:56.0000003,5.6612835
2009-04-20 11:11:40.0000002,9.455415
2009-10-22 21:57:36.0000001,17.479883
2013-11-28 11:00:04.0000001,9.9083605
2014-05-25 15:07:04.0000001,6.1939883
2011-08-18 13:00:16.0000001,5.709919
2013-09-25 22:00:00.000000167,9.097508
2013-09-25 22:00:00.00000033,5.8930717
2013-09-25 22:00:00.000000122,12.952468
2013-09-25 22:00:00.000000236,10.316129
2013-09-25 22:00:00.000000193,14.136783
2013-09-25 22:00:00.000000239,6.152855
2013-09-25 22:00:00.00000086,14.045718
2013-09-25 22:00:00.000000201,11.957244
2013-09-25 22:00:00.000000170,15.830195
2013-09-25 22:00:00.00000080,5.5706363
2013-09-25 22:00:00.00000021,5.3669176
2013-09-25 22:00:00.000000240,7.672575
2013-09-25 22:00:00.00000046,15.993002
2013-09-25 22:00:00.000000231,31.477932
2013-09-25 22:00:00.00000027,7.252062
2013-09-25 22:00:00.00000045,5.412361
2013-09-25 22:00:00.000000108,7.6008215
2013-09-25 22:00:00.000000125,11.405579
2013-09-25 22:00:00.000000232,7.3311605
2013-09-25 22:00:00.000000184,13.10062
2013-09-25 22:00:00.00000096,10.294498
2013-09-25 22:00:00.000000158,11.283843
2013-09-25 22:00:00.000000131,16.851797
2013-09-25 22:00:00.000000207,6.704228
2013-09-25 22:00:00.00000068,8.858645
2013-09-25 22:00:00.000000194,13.207479
2013-09-25 22:00:00.00000011,57.87494
2013-09-25 22:00:00.000000243,19.75114
2013-09-25 22:00:00.000000138,12.028424
2013-09-25 22:00:00.00000069,8.778463
2013-09-25 22:00:00.00000067,7.0269804
2013-09-25 22:00:00.000000152,12.705239
2013-07-20 12:06:44.0000002,11.346364
2013-07-20 12:06:44.0000001,11.011879
2014-07-11 12:36:08.0000003,57.070328
2014-01-31 11:11:05.0000002,13.538837
2014-08-31 04:03:29.0000002,9.536952
2014-08-31 04:03:29.0000003,26.293072
2014-08-01 18:38:09.0000004,21.671644
2014-08-01 18:38:09.0000003,24.58298
2009-05-16 14:53:41.0000005,13.592876
2009-05-16 14:53:41.0000001,26.055504
2009-05-16 14:53:41.0000004,26.787151
2013-08-26 11:47:37.0000001,8.8629875
2010-10-30 13:31:13.0000001,4.9568644
2014-05-09 00:30:41.0000004,9.337153
2012-03-05 13:24:37.0000002,6.204239
2010-07-01 22:11:33.0000005,7.202514
2010-07-01 22:11:33.0000006,22.059523
2012-01-07 21:39:05.0000001,49.912308
2012-05-26 00:31:25.0000001,5.1850743
2014-10-07 11:52:13.0000006,9.828199
2015-06-13 19:17:09.0000005,6.5355763
2009-11-28 13:50:17.0000004,5.9204764
2009-11-28 13:50:17.0000002,5.8253436
2015-01-13 12:07:53.0000005,7.579648
2015-01-13 12:07:53.0000003,8.435577
2012-01-31 09:15:49.0000001,7.5869503
2011-03-22 12:59:49.0000002,25.874098
2011-03-22 12:59:49.0000006,7.110713
2013-07-05 00:58:17.0000001,3.7737606
2010-01-30 00:57:21.0000002,13.150646
2009-10-16 16:14:41.0000002,6.558894
2011-03-13 05:34:57.0000002,11.107922
2015-02-26 23:20:13.00000010,9.571239
2013-10-09 15:11:41.0000004,24.441628
2011-09-01 09:53:49.0000004,5.083645
2010-09-28 00:16:53.0000003,6.717746
2010-07-25 04:03:17.0000003,18.421549
2010-07-25 04:03:17.0000002,4.5761895
2013-09-19 21:24:21.0000001,10.820995
2011-02-04 09:12:53.0000004,3.8145547
2012-03-08 12:33:25.0000003,13.229294
2009-07-31 18:15:57.0000001,9.624799
2009-07-10 20:17:05.0000003,4.316046
2010-08-21 21:56:25.0000002,11.40516
2010-10-09 17:11:17.0000001,6.8806787
2009-09-25 15:13:57.0000001,9.2822075
2009-09-25 15:13:57.0000003,6.157586
2009-09-25 15:13:57.0000002,11.595742
2010-05-03 08:36:41.0000004,8.120178
2011-01-24 20:18:49.0000003,5.4993787
2010-01-23 14:32:17.0000003,5.561232
2012-06-02 01:16:05.0000004,16.426544
2011-10-20 13:46:33.0000003,9.818821
2014-10-28 12:23:09.0000001,18.05041
2011-07-11 20:43:33.0000004,11.241745
2011-07-11 20:43:33.0000005,22.494677
2011-07-11 20:43:33.0000001,5.8323593
2013-02-23 14:25:29.0000002,15.690477
2010-01-30 18:58:33.0000008,9.8229265
2010-01-30 18:58:33.0000006,9.094766
2010-01-30 18:58:33.0000001,6.9965153
2014-06-22 14:49:13.0000001,17.757885
2014-06-22 14:49:13.0000005,15.280112
2015-03-14 02:23:17.0000006,18.457972
2015-03-14 02:23:17.0000002,6.228743
2015-03-14 02:23:17.0000004,13.173453
2012-03-12 01:08:09.0000001,8.228906
2014-09-25 20:52:09.0000002,7.236888
2014-09-25 20:52:09.0000005,22.916304
2012-12-15 06:35:45.0000001,16.809563
2012-01-05 05:51:01.0000001,8.048885
2013-10-15 08:16:21.0000002,24.222704
2014-08-26 23:35:49.0000002,5.068355
2009-08-28 23:01:41.0000001,8.10679
2009-08-28 23:01:41.0000006,4.409652
2014-12-16 13:40:25.0000003,13.771639
2012-12-09 22:30:13.0000006,6.9705157
2012-12-09 22:30:13.0000002,8.636978
2012-12-09 22:30:13.0000004,18.290789
2011-05-11 19:56:09.0000001,4.702442
2014-08-08 00:02:41.0000004,11.375514
2014-08-08 00:02:41.0000002,57.380108
2013-09-12 12:50:13.0000007,12.621419
2013-09-12 12:50:13.0000003,11.059447
2013-09-12 12:50:13.0000001,18.709822
2011-06-26 03:33:25.0000002,17.790388
2011-09-18 18:33:13.0000003,6.0102987
2014-03-04 16:24:45.0000001,85.82681
2014-11-10 10:52:41.0000001,37.152363
2009-12-22 15:59:53.0000003,12.115199
2014-05-08 21:23:41.0000001,10.874053
2012-07-15 03:53:37.0000001,14.590972
2012-07-15 03:53:37.0000002,11.151092
2012-07-15 03:53:37.0000003,8.368069
2013-06-10 11:29:13.0000001,12.630041
2015-04-25 01:06:17.0000007,13.201807
2015-04-25 01:06:17.0000003,13.022601
2012-10-28 13:55:57.0000001,8.721804
2011-06-12 01:07:57.0000003,7.718381
2014-12-11 15:20:49.0000001,6.679127
2011-06-19 04:08:49.0000002,15.12494
2012-04-14 22:29:37.0000001,5.3143764
2015-06-02 09:11:17.0000007,10.572518
2011-10-08 12:54:49.0000002,6.10503
2009-06-02 08:34:33.0000001,14.228463
2011-10-01 15:04:57.0000001,28.633251
2013-06-22 01:59:25.0000002,12.399817
2010-12-15 08:39:33.0000005,4.6569023
2012-05-26 11:54:53.0000001,6.533065
2012-05-26 11:54:53.0000002,8.391147
2014-01-11 19:20:17.0000001,6.2345304
2015-01-05 21:43:13.0000001,23.427849
2011-07-19 22:20:41.0000002,12.902646
2011-07-19 22:20:41.0000004,7.5833683
2011-07-19 22:20:41.0000001,15.109895
2012-03-18 02:27:41.0000001,5.741101
2009-01-19 19:48:17.0000001,4.2728415
2009-01-19 19:48:17.0000002,4.8151774
2013-01-13 00:20:53.0000001,9.460622
2013-11-28 13:17:13.0000002,22.16547
2012-06-10 00:46:17.0000006,3.1955094
2012-06-10 00:46:17.0000003,17.780012
2012-06-10 00:46:17.0000005,8.575291
2010-02-20 04:04:13.0000004,21.489319
2014-01-01 16:33:01.0000005,16.654192
2010-10-01 13:11:05.0000001,5.256666
2012-04-14 14:20:33.0000001,12.293733
2015-05-17 04:17:33.0000005,4.0357194
2014-07-26 23:31:41.0000003,15.389645
2014-07-26 23:31:41.0000002,9.438701
2009-11-07 16:37:49.0000004,8.21508
2011-01-07 09:25:57.0000003,7.657024
2012-07-18 16:28:21.0000001,7.7614264
2013-03-08 19:03:09.0000003,10.378321
2009-12-10 22:45:01.0000004,13.969044
2012-07-13 11:00:05.0000004,8.668598
2013-04-28 10:36:37.0000001,6.801334
2009-04-23 02:42:05.0000003,9.031022
2013-06-08 16:55:13.0000003,8.952181
2012-10-25 16:20:37.0000004,7.354655
2012-10-25 16:20:37.0000003,34.78253
2012-07-31 20:04:53.0000006,7.6346493
2012-07-31 20:04:53.0000002,5.282845
2009-07-14 22:41:09.0000003,6.9496427
2011-09-03 19:22:17.0000001,7.5063977
2011-09-03 19:22:17.0000003,8.775377
2011-09-03 19:22:17.0000002,17.43001
2013-11-21 14:19:21.0000001,41.850754
2015-01-02 11:55:57.0000003,18.346777
2013-11-23 22:19:37.0000004,5.619347
2013-11-23 22:19:37.0000003,9.106146
2013-11-23 22:19:37.0000005,11.15914
2011-04-04 19:54:33.0000001,5.201856
2014-07-14 16:18:37.0000002,7.1133814
2014-03-18 19:55:17.0000001,6.268179
2010-06-05 23:05:25.0000006,6.9888215
2014-09-09 22:48:37.0000001,8.9287815
2014-09-09 22:48:37.0000002,5.700097
2014-03-28 21:55:17.0000003,4.725463
2014-03-28 21:55:17.0000001,7.372232
2009-09-24 22:41:17.0000001,8.211756
2012-04-27 18:37:09.0000002,8.941043
2014-04-05 18:11:33.0000002,14.933984
2013-11-07 22:25:25.0000003,7.659272
2013-11-07 22:25:25.0000001,4.2303715
2012-06-30 03:53:29.0000002,5.227088
2011-05-19 16:01:41.0000001,6.856375
2010-01-11 12:38:33.0000002,4.327076
2010-10-16 09:26:33.0000001,8.141998
2010-10-16 09:26:33.0000003,5.812783
2014-07-25 18:06:37.0000007,6.8746634
2014-05-13 21:07:29.0000004,9.161486
2014-05-13 21:07:29.0000001,31.186123
2013-11-16 18:33:25.0000005,11.732217
2009-08-02 14:01:33.0000004,8.210274
2015-01-12 15:36:37.0000008,10.769697
2013-05-26 15:18:37.0000005,27.78431
2013-05-26 15:18:37.0000001,57.634308
2013-05-26 15:18:37.0000003,13.792988
2009-09-20 23:07:01.0000001,8.685847
2009-09-25 21:43:49.0000004,9.061737
2009-09-25 21:43:49.00000010,9.527055
2009-03-22 20:58:33.0000003,14.748782
2011-12-09 21:19:25.0000001,6.544954
2013-07-05 20:44:49.0000001,11.598659
2013-12-20 15:58:29.0000006,12.420917
2013-12-20 15:58:29.0000001,8.57929
2014-10-06 14:37:25.0000005,56.17693
2015-01-18 23:09:25.0000001,4.6918845
2014-02-06 13:26:49.0000002,4.4816356
2013-02-27 19:25:13.0000001,16.273098
2009-09-15 08:28:53.0000003,10.9710045
2012-07-18 22:34:53.0000003,6.6713557
2011-05-17 22:09:17.0000002,4.0841875
2010-09-19 17:13:29.0000008,24.789629
2010-09-19 17:13:29.0000006,12.947045
2013-03-19 18:08:29.0000002,9.742849
2013-03-19 18:08:29.0000001,13.303236
2011-04-23 11:01:49.0000001,10.8649645
2013-07-04 05:39:13.0000001,12.318578
2010-11-08 10:01:37.0000003,4.446343
2009-04-01 19:28:09.0000001,5.9890985
2011-11-26 02:04:29.0000004,4.6163926
2011-11-26 02:04:29.0000003,3.3085773
2009-01-11 07:56:01.0000001,4.9953003
2012-05-30 09:19:13.0000002,6.2275343
2014-10-28 22:42:33.0000003,11.726338
2014-07-19 21:05:37.0000002,12.224421
2012-10-02 14:17:13.0000001,5.279666
2012-10-20 00:36:37.0000002,6.5198417
2014-06-19 22:37:09.0000006,7.9021125
2014-06-19 22:37:09.0000004,8.288424
2011-05-11 13:24:37.0000002,8.7214775
2014-10-13 00:42:05.0000002,12.26088
2013-12-08 10:41:05.0000007,8.828625
2009-07-04 13:00:57.0000002,9.162362
2015-06-30 04:09:45.0000001,31.730036
2013-09-08 03:47:57.0000002,9.467038
2009-05-15 21:19:13.0000004,28.03952
2010-01-29 08:32:53.0000002,9.849358
2015-05-15 01:51:49.0000003,5.885761
2012-11-12 10:06:17.0000003,7.104043
2013-12-01 22:23:57.0000003,43.396053
2014-01-03 15:48:49.0000001,9.02386
2013-01-19 20:19:45.0000002,8.022437
2015-03-17 21:44:26.0000002,5.1639757
2009-01-06 07:36:34.0000005,6.5379543
2013-01-20 20:41:26.0000002,15.510541
2015-06-07 00:38:14.0000001,9.874495
2009-01-03 00:51:02.0000002,15.626196
2009-01-03 00:51:02.0000001,10.659792
2009-08-02 05:08:42.0000001,23.388348
2013-10-18 09:06:14.0000002,6.5390506
2009-04-26 17:29:42.0000001,6.214754
2015-02-25 22:00:38.0000002,14.556965
2010-10-06 23:31:54.0000001,13.568128
2009-01-21 20:04:30.0000006,9.92581
2013-12-18 14:26:58.0000002,47.343693
2014-04-26 18:02:26.0000003,6.2380214
2014-10-05 13:58:18.0000002,8.030732
2014-10-05 13:58:18.0000001,7.8302517
2013-05-23 23:54:42.0000004,7.817475
2009-11-23 19:06:14.0000005,10.879505
2010-09-01 08:23:54.0000002,6.9585876
2011-12-10 23:39:06.0000001,12.924774
2009-12-17 15:54:46.0000002,10.7983465
2010-06-16 18:41:54.0000003,8.722886
2011-11-02 08:21:50.0000003,7.4506035
2011-11-02 08:21:50.0000001,10.065106
2009-03-15 03:31:14.0000003,5.8785973
2014-09-08 19:07:46.0000001,7.311626
2010-04-24 23:31:50.0000004,6.4871
2010-04-24 23:31:50.0000002,14.551584
2011-03-03 21:31:42.0000004,5.4270954
2011-03-03 21:31:42.0000002,13.033683
2011-09-05 10:47:26.0000001,6.842578
2012-09-16 12:48:06.0000002,7.3836064
2015-04-10 11:56:54.0000005,11.472969
2013-10-15 23:31:26.0000002,18.028112
2013-06-21 18:06:14.0000002,8.51988
2009-05-19 15:44:30.0000001,8.900338
2014-01-26 08:48:30.0000003,8.087033
2014-12-25 21:32:58.0000002,7.7033167
2011-07-30 15:27:58.0000001,7.779382
2010-09-24 22:40:06.0000007,6.3927884
2010-02-06 17:37:10.0000005,49.754
2010-02-06 17:37:10.0000001,11.5644045
2012-08-13 15:02:26.0000001,8.755521
2013-01-14 18:42:54.0000004,7.9252396
2013-01-14 18:42:54.0000005,8.951921
2009-11-11 21:20:18.0000002,5.87333
2009-04-18 02:44:34.0000004,34.357376
2009-04-18 02:44:34.0000001,6.704518
2014-01-10 12:28:38.0000002,5.4976068
2014-10-11 00:26:38.0000004,21.208447
2010-01-30 02:13:06.0000004,4.5098443
2009-08-26 23:55:38.0000001,7.620527
2012-09-07 23:20:34.0000002,9.33059
2012-09-07 23:20:34.0000005,9.263192
2015-01-10 14:32:14.0000002,15.062932
2010-05-31 20:43:42.0000001,6.1045566
2010-05-31 20:43:42.0000003,5.22251
2014-05-18 14:43:26.0000004,8.62805
2011-10-08 18:18:26.0000002,5.7724867
2011-10-08 18:18:26.0000003,15.735036
2010-03-23 13:23:34.0000003,12.210036
2010-12-21 08:46:02.0000001,11.335162
2010-12-21 08:46:02.0000002,4.0727353
2010-06-19 22:52:30.0000003,7.8173313
2013-01-03 01:43:10.0000002,9.89976
2013-11-24 03:44:46.0000001,16.739658
2011-04-16 12:57:18.0000002,4.8836217
2012-10-11 22:24:18.0000002,10.865793
2011-05-17 23:42:46.0000006,6.7716184
2011-05-17 23:42:46.0000003,3.5660813
2014-01-09 17:27:18.0000003,6.2050223
2014-01-09 17:27:18.0000004,9.006813
2010-01-09 13:24:22.0000002,44.341385
2010-01-09 13:24:22.0000001,7.508783
2009-03-11 21:46:54.0000006,6.690631
2012-08-22 20:54:46.0000004,9.782102
2012-08-22 20:54:46.0000005,30.502491
2009-02-21 20:49:34.0000002,11.636209
2012-08-10 14:04:14.0000001,8.922825
2009-10-17 03:52:42.0000005,8.238755
2014-02-27 09:36:26.0000001,11.756514
2014-03-11 20:24:02.0000005,11.014832
2014-03-11 20:24:02.0000001,6.796401
2015-05-07 15:33:26.0000004,5.6892304
2012-09-10 21:07:54.0000008,6.822208
2012-04-20 00:06:10.0000003,5.17535
2012-04-20 00:06:10.0000004,13.832881
2012-06-12 23:10:42.0000004,9.929888
2013-04-21 19:50:54.0000002,6.701617
2013-02-06 18:21:18.0000005,16.84703
2014-05-01 21:05:34.0000001,29.412888
2011-04-22 19:23:54.0000004,4.997433
2011-09-17 15:41:06.0000002,7.8027415
2015-03-05 13:21:58.0000001,53.40851
2015-06-21 17:16:10.0000001,7.2729464
2010-06-02 22:04:10.0000002,26.825258
2010-06-02 22:04:10.0000001,8.24653
2015-02-27 19:36:02.0000008,13.143081
2015-02-27 19:36:02.0000005,8.506761
2013-04-06 19:16:10.0000002,8.32978
2014-03-08 16:08:26.0000006,17.899532
2014-03-08 16:08:26.0000005,4.89034
2013-12-06 23:40:42.0000004,6.92446
2013-12-06 23:40:42.0000005,14.554686
2014-09-13 19:05:02.0000001,6.5993834
2015-03-12 13:01:54.0000003,4.780433
2015-03-12 13:01:54.0000006,5.4992557
2014-10-04 21:48:22.0000001,11.786662
2012-01-22 04:13:34.0000001,23.159779
2012-01-22 04:13:34.0000003,8.899696
2010-12-17 10:33:34.0000003,14.67059
2010-12-17 10:33:34.0000001,28.049265
2012-06-04 11:34:58.0000002,8.912772
2012-12-08 20:08:38.0000001,17.374651
2012-12-08 20:08:38.0000002,9.24113
2013-12-29 01:20:50.0000002,19.129734
2014-03-28 22:34:26.0000002,9.601236
2013-09-07 19:43:18.0000002,16.151941
2013-09-07 19:43:18.0000007,7.0289345
2010-03-07 00:47:26.0000002,13.157138
2010-03-07 00:47:26.0000003,8.156098
2010-10-31 18:45:58.0000004,6.104453
2015-02-03 09:00:58.0000003,39.20498
2012-08-08 08:58:50.0000002,6.379786
2011-04-08 15:01:02.0000002,5.430181
2015-01-10 09:38:54.0000006,6.604109
2015-01-10 09:38:54.0000002,12.750612
2015-01-10 09:38:54.0000005,11.36923
2015-01-10 09:38:54.0000001,9.026481
2014-10-03 00:50:06.0000003,8.371086
2010-06-18 19:19:26.0000004,14.076184
2013-06-21 00:00:34.0000004,8.987407
2012-02-29 12:03:34.0000003,6.564037
2013-09-16 14:16:34.0000002,29.055756
2011-03-10 18:16:14.0000002,6.5493045
2011-05-19 02:06:46.0000001,7.6728787
2014-08-08 15:26:18.0000001,8.473338
2009-03-11 12:01:30.0000003,5.408214
2012-07-26 12:40:38.0000004,10.084268
2014-05-26 22:57:10.0000001,9.830849
2010-09-04 18:31:42.0000004,11.500116
2011-09-22 20:05:22.0000002,6.5947227
2011-09-22 20:05:22.0000004,6.9895334
2014-08-09 01:27:30.0000001,15.8334875
2014-10-31 12:04:26.0000003,9.799001
2013-04-10 21:03:42.0000006,12.949608
2011-12-29 19:29:50.0000002,8.31974
2013-03-14 21:43:46.0000002,4.3376813
2009-02-08 00:04:06.0000003,5.3196545
2012-02-04 22:47:18.0000002,5.1103616
2012-05-06 03:01:10.0000001,19.93805
2014-07-08 08:56:58.0000002,4.543646
2014-07-08 08:56:58.0000005,4.516738
2014-07-08 08:56:58.0000004,14.705269
2014-07-08 08:56:58.0000003,8.724488
2011-02-19 10:14:58.0000001,8.002633
2010-08-16 17:14:18.0000002,6.6291065
2012-12-27 21:01:54.0000002,15.547532
2015-05-31 20:48:54.0000002,13.779893
2013-01-06 12:39:54.0000006,5.23955
2010-12-24 04:23:06.0000001,25.41704
2010-11-10 23:21:50.0000001,8.7661915
2011-10-01 00:42:26.0000002,22.38804
2013-03-31 00:09:58.0000001,24.58925
2011-07-20 08:05:02.0000001,23.984516
2009-05-03 16:02:54.0000004,3.7818794
2012-09-06 17:58:06.0000002,9.793256
2014-04-06 16:47:14.0000001,14.47645
2014-04-06 16:47:14.0000002,37.379173
2014-09-06 03:52:50.0000001,12.836517
2014-01-01 13:06:34.0000002,11.347989
2011-12-25 15:35:54.0000002,6.1505675
2011-12-25 15:35:54.0000005,4.525948
2011-12-25 15:35:54.0000001,7.473077
2015-05-14 23:11:58.0000004,17.128872
2015-04-22 09:54:06.0000001,6.822753
2012-09-01 19:04:18.0000001,10.392883
2013-06-06 02:54:50.0000001,39.21797
2011-09-03 00:03:42.0000007,51.02947
2013-07-02 22:27:14.0000002,5.2575226
2011-07-18 00:04:54.0000001,18.172844
2011-04-03 03:46:18.0000001,4.6385684
2010-06-25 14:00:14.0000001,8.552784
2014-09-10 16:40:02.0000001,7.8758497
2011-03-01 07:23:14.0000002,5.1054583
2011-06-24 13:23:18.0000005,12.418984
2012-01-01 18:02:46.0000001,18.116152
2015-03-28 19:31:26.0000004,9.590131
2010-07-13 11:53:15.0000006,10.457302
2010-07-13 11:53:15.0000005,6.534322
2010-07-13 11:53:15.0000003,5.850809
2013-02-07 13:47:59.0000002,14.441382
2015-05-19 13:58:11.0000006,34.769047
2015-05-19 13:58:11.0000009,16.630674
2012-07-31 22:21:11.0000003,5.561937
2013-01-03 08:50:31.0000003,9.034445
2010-03-18 00:05:43.0000001,19.311644
2009-04-14 17:43:23.0000001,46.726555
2009-04-14 17:43:23.0000002,8.217929
2015-06-15 14:34:03.0000001,12.105285
2014-11-26 06:46:23.0000002,28.39954
2010-12-19 16:25:15.0000002,8.066325
2015-06-18 20:56:55.0000004,4.990354
2015-06-18 20:56:55.0000008,15.155844
2015-04-28 20:15:27.0000003,7.297497
2013-01-23 13:49:19.0000001,8.708676
2012-01-03 08:49:15.0000005,10.559569
2012-06-09 19:03:11.0000005,7.6713886
2012-06-09 19:03:11.0000007,11.097257
2009-05-27 02:00:51.0000001,17.152992
2014-06-07 12:21:11.0000003,12.606675
2011-09-08 22:37:43.0000001,7.1528597
2010-06-18 22:52:11.0000001,18.830074
2011-09-13 13:31:51.0000001,11.864856
2011-09-13 13:31:51.0000005,6.642945
2014-10-06 09:24:11.0000005,27.118093
2012-03-15 18:23:55.0000002,6.740563
2013-12-22 21:24:47.0000002,5.8126884
2011-11-23 21:07:43.0000001,6.5666814
2010-11-17 19:10:23.0000003,5.609999
2010-11-17 19:10:23.0000005,11.267544
2015-02-14 13:15:19.0000007,7.198941
2013-01-12 22:40:39.0000008,7.9544916
2013-01-12 22:40:39.0000009,20.183298
2013-01-12 22:40:39.0000007,6.8301086
2010-02-15 14:20:31.0000002,26.39864
2010-02-15 14:20:31.0000003,4.531432
2013-03-23 15:41:07.0000003,9.715828
2009-05-08 22:14:51.0000002,5.0866256
2010-01-31 00:33:03.0000005,8.108472
2009-01-18 18:22:07.0000002,9.133842
2009-01-28 11:27:19.0000001,7.0797596
2015-05-20 19:39:11.0000003,14.989006
2014-01-11 17:47:47.0000001,8.2916
2012-07-12 02:46:07.0000001,8.453249
2014-03-05 23:16:07.0000001,14.071028
2014-12-17 20:56:31.0000003,9.371685
2010-10-09 15:48:51.0000003,28.807457
2013-10-10 11:09:23.0000001,15.981875
2014-10-12 09:23:55.0000001,12.652403
2013-01-08 07:03:07.0000001,8.104544
2012-10-28 17:21:19.0000001,8.22061
2012-10-28 17:21:19.0000003,10.816195
2014-12-26 20:46:23.0000001,10.183878
2015-05-10 12:37:51.0000003,12.808032
2010-12-11 13:31:11.0000003,7.1943784
2010-03-01 22:21:55.0000003,7.411096
2010-03-01 22:21:55.0000002,15.12217
2015-03-08 14:59:23.0000001,26.505978
2015-03-08 14:59:23.0000003,35.19218
2009-06-08 11:06:23.0000001,66.93525
2014-01-26 13:51:39.0000001,8.320501
2014-11-30 15:46:23.0000003,6.091541
2011-08-20 15:50:39.0000001,10.148128
2010-06-22 14:25:19.0000008,50.20151
2010-06-22 14:25:19.0000001,5.7602882
2014-05-25 19:46:59.0000003,29.341438
2014-04-04 05:47:11.0000002,13.927806
2013-01-11 20:08:07.0000003,9.616114
2013-01-11 20:08:07.0000001,4.8610415
2013-10-09 17:27:39.0000001,56.748825
2015-01-12 17:05:51.0000004,7.8806705
2009-01-12 07:47:39.0000001,30.753149
2011-04-28 19:39:43.0000003,13.841945
2014-11-17 00:03:47.0000003,7.7148304
2014-11-17 00:03:47.0000001,11.014175
2013-08-18 00:32:15.0000003,7.585048
2013-05-23 12:09:23.0000005,6.624783
2013-05-23 12:09:23.0000004,15.040302
2014-12-11 08:20:39.0000001,21.000786
2014-12-11 08:20:39.0000004,11.436386
2013-12-10 14:00:35.0000002,5.7936773
2011-09-10 20:44:59.0000003,8.202029
2011-04-28 09:50:03.0000001,6.4942408
2010-02-26 18:34:51.0000001,9.939638
2013-12-05 23:29:15.0000002,7.816386
2012-12-13 19:05:27.0000004,6.212342
2012-11-09 18:17:35.0000002,13.171997
2010-07-05 19:21:35.0000001,9.495864
2011-11-29 22:19:51.0000003,7.2130227
2009-01-30 22:47:07.0000002,14.5100765
2009-01-30 22:47:07.0000005,5.8658557
2013-09-26 20:54:19.0000001,13.171399
2014-09-16 18:22:23.0000001,9.1458645
2011-06-25 23:18:27.0000003,6.757074
2011-06-25 23:18:27.0000002,12.079404
2009-01-17 02:21:55.0000003,5.145019
2014-11-01 15:31:15.0000001,6.0255604
2013-07-12 23:17:31.0000003,7.0924354
2013-07-12 23:17:31.0000002,11.615917
2013-07-12 23:17:31.0000001,10.408652
2009-09-24 04:23:47.0000001,5.5778284
2009-04-20 21:08:35.0000005,7.369307
2009-04-20 21:08:35.0000004,9.452585
2009-04-06 13:47:15.0000001,4.2362533
2013-11-29 21:36:07.0000002,19.687801
2013-11-29 21:36:07.0000001,8.746394
2012-04-14 11:59:11.0000003,10.194826
2009-03-06 00:13:03.0000002,11.872499
2010-04-23 00:00:03.0000001,24.216616
2010-05-22 23:46:19.0000004,8.717498
2012-06-09 22:57:15.0000004,7.5347843
2010-10-27 02:29:39.0000001,7.0510116
2010-10-22 20:56:51.0000003,11.630344
2013-10-07 08:53:39.0000001,5.3976493
2011-10-04 11:48:35.0000001,10.463425
2010-12-31 13:32:39.0000002,6.880255
2010-08-21 20:25:07.0000002,7.8690825
2009-11-16 21:03:31.0000005,8.640181
2009-11-16 21:03:31.0000006,7.421012
2010-12-01 21:02:35.0000003,13.054298
2010-04-20 11:53:23.0000001,6.5480933
2013-09-20 13:38:55.0000005,6.291017
2013-09-20 13:38:55.0000004,56.31279
2012-09-09 23:40:03.0000002,6.7608232
2012-09-09 23:40:03.0000004,11.5356245
2010-05-23 15:28:55.0000002,11.157893
2012-10-15 20:10:31.0000005,16.510223
2013-06-07 13:52:55.0000005,8.855039
2009-06-04 19:34:15.0000005,9.22588
2013-09-29 22:12:07.0000001,24.270134
2010-05-02 12:39:55.0000003,6.277091
2010-05-02 12:39:55.0000001,15.580575
2015-05-20 00:59:15.0000001,8.181434
2009-12-03 18:02:47.0000003,9.051979
2009-12-03 18:02:47.0000002,50.228333
2009-09-28 19:21:59.0000007,5.259139
2009-09-28 19:21:59.0000006,8.326674
2015-05-23 12:59:39.0000003,17.307987
2014-01-11 23:10:59.0000006,9.174042
2010-04-24 20:15:07.0000001,5.5422516
2013-05-24 07:22:51.0000001,9.379039
2009-08-06 02:50:03.0000001,15.490852
2014-08-08 17:32:47.0000003,8.224581
2010-09-22 09:42:31.0000003,11.296285
2013-08-19 19:39:23.0000002,15.23369
2015-03-11 16:36:39.0000004,32.38445
2015-05-29 18:59:35.0000006,16.621479
2011-10-26 17:48:43.0000005,10.122672
2009-11-03 19:53:27.0000002,8.14625
2009-11-03 19:53:27.0000001,6.233791
2009-12-19 21:56:15.0000004,4.772867
2009-12-21 21:20:43.0000002,6.090644
2009-08-21 15:35:07.0000001,12.993934
2010-04-25 13:28:47.0000001,8.100379
2010-11-02 18:49:59.0000004,8.496778
2010-04-21 06:28:47.0000001,51.886208
2015-02-11 20:51:51.0000001,4.8749037
2013-12-07 01:41:59.0000002,7.263581
2013-05-21 06:52:59.0000003,31.955408
2014-07-12 00:15:59.0000001,11.082548
2010-06-13 19:39:51.0000002,8.828216
2009-03-31 10:27:19.0000003,10.404256
2013-09-14 18:28:03.0000001,6.6503935
2015-02-14 09:08:11.0000002,9.084114
2012-01-19 20:26:35.0000002,5.917627
2012-01-19 20:26:35.0000003,5.2635345
2012-01-19 20:26:35.0000006,15.743086
2015-02-25 18:00:51.0000001,6.007075
2015-02-25 18:00:51.0000007,5.9895625
2009-08-08 11:41:51.0000003,6.5050774
2013-06-02 16:26:47.0000001,7.7047973
2011-09-14 00:50:15.0000001,11.307779
2013-02-16 14:26:51.0000003,6.049687
2012-11-12 11:57:03.0000001,7.718552
2012-01-04 00:06:39.0000002,5.1245112
2013-06-21 02:39:47.0000001,13.332291
2010-12-28 20:17:27.0000005,9.376124
2010-12-28 20:17:27.0000003,10.055037
2009-12-12 22:01:31.0000001,5.375564
2011-05-20 23:42:59.0000001,6.8108897
2014-01-04 10:54:59.0000005,7.2469335
2014-01-04 10:54:59.0000002,10.600662
2012-02-11 04:52:35.0000001,4.283109
2014-09-14 23:26:11.0000001,6.86918
2014-04-05 01:52:27.0000002,26.840708
2010-02-23 20:29:51.0000004,8.43339
2013-11-01 13:07:47.0000003,18.688515
2015-03-07 15:25:59.0000003,5.2377157
2009-04-16 15:57:31.0000001,8.740532
2010-01-10 12:55:43.0000003,8.6654625
2010-01-10 12:55:43.0000004,21.291178
2010-01-10 12:55:43.0000001,4.8802047
2015-03-16 21:12:19.0000002,6.5872474
2015-03-16 21:12:19.0000006,16.812435
2012-09-29 20:16:51.0000004,6.057777
2009-07-30 15:49:15.0000002,16.148138
2009-07-30 15:49:15.0000004,8.894934
2013-11-18 16:18:39.0000001,54.61548
2015-01-18 14:06:23.0000001,10.116873
2015-01-18 14:06:23.0000004,6.059345
2015-01-18 14:06:23.0000003,7.0666523
2009-09-07 19:35:39.0000001,7.2949715
2014-06-14 13:39:00.000000155,4.509375
2014-06-14 13:39:00.000000174,9.766038
2014-06-14 13:39:00.000000104,10.354358
2014-06-14 13:39:00.00000083,53.9846
2014-06-14 13:39:00.00000056,6.740502
2014-06-14 13:39:00.000000102,13.116983
2014-06-14 13:39:00.00000065,21.653646
2014-06-14 13:39:00.000000137,12.16167
2014-06-14 13:39:00.0000002,56.16015
2014-06-14 13:39:00.00000028,5.1612253
2014-06-14 13:39:00.000000194,6.0274615
2013-06-27 00:20:40.0000002,4.8607903
2014-12-30 20:29:24.0000001,5.5042453
2011-03-24 15:57:04.0000002,4.47411
2012-06-09 16:53:44.0000001,8.079961
2011-10-02 23:36:00.0000001,16.643753
2011-10-02 23:36:00.00000050,22.176283
2011-10-02 23:36:00.00000069,7.5901103
2011-10-02 23:36:00.00000093,9.600925
2011-10-02 23:36:00.00000010,8.943313
2011-10-02 23:36:00.00000017,10.794907
2011-10-02 23:36:00.00000072,11.157681
2011-10-02 23:36:00.00000025,9.130315
2011-10-02 23:36:00.00000019,5.0697465
2013-03-21 12:47:28.0000001,11.011977
2013-06-07 03:02:56.0000003,13.526804
2009-06-10 16:55:00.000000123,4.899371
2009-06-10 16:55:00.000000150,11.854021
2009-06-10 16:55:00.00000064,7.3715334
2009-06-10 16:55:00.00000062,11.657598
2009-06-10 16:55:00.0000005,4.6358023
2009-06-10 16:55:00.0000006,19.87075
2009-06-10 16:55:00.000000130,9.304525
2009-06-10 16:55:00.000000175,5.958954
2009-06-10 16:55:00.00000041,48.704098
2009-06-10 16:55:00.000000152,4.668795
2009-06-10 16:55:00.000000155,7.7728934
2009-06-10 16:55:00.00000061,5.744772
2011-06-24 12:03:00.000000131,5.213199
2011-06-24 12:03:00.000000184,9.997981
2011-06-24 12:03:00.00000081,8.930657
2011-06-24 12:03:00.0000007,7.2784557
2011-06-24 12:03:00.00000028,6.2709537
2011-06-24 12:03:00.000000198,7.286128
2014-06-15 07:06:00.0000004,13.518173
2014-06-15 07:06:00.00000011,11.740001
2014-06-06 16:22:20.0000001,8.405377
2009-09-14 02:19:00.00000043,5.9169817
2009-09-14 02:19:00.00000027,7.4364
2009-09-14 02:19:00.00000042,7.362006
2009-09-14 02:19:00.00000034,15.93712
2009-09-14 02:19:00.00000033,7.9077497
2010-08-21 22:21:32.0000001,10.217863
2010-08-21 22:21:32.0000002,8.176546
2012-05-06 23:37:24.0000003,10.473398
2013-12-21 17:20:32.0000002,55.029716
2014-04-28 19:46:36.0000002,7.7001753
2011-06-01 07:37:00.00000080,38.754044
2011-06-01 07:37:00.000000164,9.416296
2011-06-01 07:37:00.00000074,22.781448
2011-06-01 07:37:00.00000085,16.248308
2011-06-01 07:37:00.0000003,8.227134
2011-06-01 07:37:00.000000159,22.869215
2011-06-01 07:37:00.00000052,23.434958
2011-06-01 07:37:00.000000218,17.241728
2011-06-01 07:37:00.00000062,6.788193
2011-06-01 07:37:00.00000031,6.6930733
2010-08-27 18:45:00.000000170,11.459861
2010-08-27 18:45:00.00000044,16.742767
2010-08-27 18:45:00.000000146,6.3206444
2010-08-27 18:45:00.00000035,6.2400517
2010-08-27 18:45:00.000000139,12.280431
2010-08-27 18:45:00.00000051,5.7904716
2010-08-27 18:45:00.000000186,5.2364244
2010-08-27 18:45:00.000000102,7.182245
2010-08-27 18:45:00.000000164,11.930187
2010-08-27 18:45:00.000000199,13.06012
2010-08-27 18:45:00.000000174,7.0367203
2010-08-27 18:45:00.000000187,5.5120244
2010-08-27 18:45:00.000000172,14.140737
2010-08-14 02:13:00.000000105,9.488096
2010-08-14 02:13:00.000000159,4.9199386
2010-08-14 02:13:00.00000040,6.4969482
2010-08-14 02:13:00.000000147,9.999438
2010-08-14 02:13:00.000000145,6.553854
2010-08-14 02:13:00.00000061,8.062896
2010-08-14 02:13:00.000000150,17.906595
2010-08-14 02:13:00.00000024,7.4247384
2010-08-14 02:13:00.000000167,8.396639
2010-08-14 02:13:00.00000099,6.9930997
2010-08-14 02:13:00.000000120,10.594431
2010-08-14 02:13:00.00000027,6.4049196
2010-08-14 02:13:00.00000063,11.388993
2010-08-14 02:13:00.000000164,5.7028184
2010-08-14 02:13:00.000000143,16.528675
2010-08-14 02:13:00.000000156,21.027313
2010-08-14 02:13:00.000000123,15.587407
2014-03-25 23:47:00.00000013,7.2910857
2014-03-25 23:47:00.000000116,12.69727
2014-03-25 23:47:00.000000141,5.566467
2014-03-25 23:47:00.000000107,7.599405
2014-03-25 23:47:00.00000068,6.2036266
2014-03-25 23:47:00.00000098,18.17238
2014-03-25 23:47:00.000000138,13.346966
2014-03-25 23:47:00.000000120,10.644125
2015-06-05 08:38:56.0000003,10.980283
2010-09-29 16:43:00.000000154,33.13514
2010-09-29 16:43:00.000000157,5.7642045
2010-09-29 16:43:00.00000099,8.664909
2010-09-29 16:43:00.00000023,7.2835207
2010-09-29 16:43:00.000000148,13.093725
2014-10-27 14:58:00.00000028,8.072424
2014-10-27 14:58:00.00000069,9.867534
2014-10-27 14:58:00.000000106,8.06646
2014-10-27 14:58:00.00000070,4.9796095
2014-10-27 14:58:00.000000121,12.684202
2014-10-27 14:58:00.00000022,13.618315
2014-10-27 14:58:00.00000057,18.446806
2009-10-08 23:44:56.0000002,5.981448
2012-11-03 17:11:00.00000080,11.9093895
2012-11-03 17:11:00.00000030,5.7279253
2012-11-03 17:11:00.000000149,4.664735
2012-11-03 17:11:00.00000078,10.464947
2012-11-03 17:11:00.00000063,10.83595
2012-11-03 17:11:00.000000142,5.758432
2012-11-03 17:11:00.000000101,7.833514
2011-05-28 17:29:44.0000003,7.2217793
2011-03-11 01:44:00.00000023,20.73972
2011-03-11 01:44:00.00000014,6.5842233
2011-03-11 01:44:00.00000067,12.378702
2011-03-11 01:44:00.00000019,7.4649353
2011-03-11 01:44:00.00000082,10.664989
2011-03-11 01:44:00.00000084,4.022502
2011-03-11 01:44:00.00000033,9.291403
2011-03-11 01:44:00.00000051,11.826099
2011-03-11 01:44:00.00000011,18.907166
2013-12-16 19:06:44.0000001,7.1348333
2009-05-08 18:00:36.0000001,3.7131615
2013-01-27 00:09:12.0000008,12.801553
2013-09-15 02:37:52.0000002,11.203648
2009-04-05 09:48:20.0000001,4.7649317
2009-11-25 19:32:52.0000001,14.034906
2011-10-04 09:37:00.00000099,7.3941603
2011-10-04 09:37:00.00000019,9.396825
2011-10-04 09:37:00.000000132,17.790365
2011-10-04 09:37:00.00000043,41.66171
2011-10-04 09:37:00.000000122,30.520712
2011-10-04 09:37:00.0000002,10.932898
2011-10-04 09:37:00.000000109,6.087718
2014-04-29 08:15:56.0000003,6.9462776
2014-12-24 03:00:00.00000035,3.901706
2009-10-04 22:54:56.0000001,21.074383
2015-04-11 20:31:32.0000008,9.957441
2015-04-11 20:31:32.00000013,13.585549
2011-02-06 17:08:24.0000003,6.6923146
2014-04-27 02:57:00.00000010,14.105674
2014-04-27 02:57:00.00000053,8.8439665
2014-04-27 02:57:00.000000128,5.533738
2014-04-27 02:57:00.0000008,9.31436
2014-04-27 02:57:00.00000067,11.114765
2014-04-27 02:57:00.0000009,6.774588
2014-04-27 02:57:00.000000159,13.976862
2014-04-27 02:57:00.000000127,11.490081
2014-04-27 02:57:00.000000112,10.492
2011-12-13 22:00:00.000000147,15.031245
2011-12-13 22:00:00.000000164,5.40401
2011-12-13 22:00:00.00000078,5.729632
2011-12-13 22:00:00.000000103,9.158194
2011-12-13 22:00:00.000000226,5.697698
2011-12-13 22:00:00.000000215,9.062682
2011-12-13 22:00:00.00000013,8.976146
2011-12-13 22:00:00.000000258,6.6410966
2011-12-13 22:00:00.00000087,44.655975
2011-12-13 22:00:00.000000270,5.1883254
2011-12-13 22:00:00.00000073,9.387967
2011-12-13 22:00:00.000000203,4.7347016
2011-12-13 22:00:00.000000184,3.8696115
2011-12-13 22:00:00.00000019,5.823755
2011-12-13 22:00:00.000000101,25.363419
2011-12-13 22:00:00.000000122,17.862896
2011-12-13 22:00:00.000000190,7.9040766
2011-12-13 22:00:00.00000021,4.869456
2011-12-13 22:00:00.00000051,20.796368
2011-12-13 22:00:00.00000036,8.246364
2011-12-13 22:00:00.00000022,6.8493967
2009-04-12 16:00:56.0000002,9.872818
2014-03-05 21:07:12.0000001,5.0138206
2015-04-11 14:16:12.0000009,5.9826293
2014-07-21 18:19:00.000000203,8.334573
2014-07-21 18:19:00.000000229,12.073422
2014-07-21 18:19:00.000000146,5.4583287
2014-07-21 18:19:00.000000108,9.452984
2014-07-21 18:19:00.000000171,6.087093
2014-07-21 18:19:00.00000090,13.876911
2014-07-21 18:19:00.00000020,6.6425385
2014-07-21 18:19:00.00000059,23.433867
2014-07-21 18:19:00.000000185,7.611381
2014-07-21 18:19:00.000000186,11.684121
2014-07-21 18:19:00.000000201,11.312016
2014-07-21 18:19:00.000000217,3.328051
2014-07-21 18:19:00.00000017,7.731343
2014-07-21 18:19:00.00000079,9.899239
2014-07-21 18:19:00.00000087,7.737676
2011-06-13 09:55:04.0000003,12.685387
2010-09-20 16:48:00.00000025,11.486766
2010-09-20 16:48:00.00000085,46.943924
2010-09-20 16:48:00.00000069,25.20155
2010-09-20 16:48:00.00000086,8.157462
2010-09-20 16:48:00.00000021,14.789496
2010-09-20 16:48:00.00000024,7.9741654
2010-09-20 16:48:00.000000100,9.726353
2010-09-20 16:48:00.0000008,17.029343
2010-09-20 16:48:00.00000074,12.8024845
2012-08-20 14:47:36.0000002,8.359761
2014-12-01 00:12:44.0000002,28.441458
2009-03-16 09:55:24.0000001,6.3667502
2011-03-06 21:01:00.00000017,7.0411625
2011-03-06 21:01:00.000000161,6.3358994
2011-03-06 21:01:00.000000170,7.287161
2011-03-06 21:01:00.00000078,9.106899
2011-03-06 21:01:00.000000160,8.141264
2013-02-26 01:38:20.0000001,6.7281547
2014-09-22 07:14:16.0000001,5.7734914
2010-10-05 02:09:00.00000017,5.637696
2010-10-05 02:09:00.00000024,15.118112
2010-10-05 02:09:00.00000020,5.351085
2011-04-16 21:23:16.0000001,6.6553574
2013-10-05 19:51:04.0000001,8.283085
2011-10-07 22:08:20.0000005,8.731573
2012-03-14 19:10:48.0000003,4.465651
2009-06-21 04:28:48.0000001,14.171806
2011-06-25 11:42:36.0000001,9.27089
2012-01-26 07:33:00.000000145,6.7294097
2012-01-26 07:33:00.00000030,4.569012
2012-01-26 07:33:00.000000121,5.312025
2012-01-26 07:33:00.000000151,9.916576
2012-01-26 07:33:00.00000044,7.402291
2015-03-20 23:34:40.0000009,17.58113
2015-03-20 23:34:40.0000005,6.6114273
2015-05-21 07:08:08.0000001,10.008905
2010-12-09 07:29:00.000000156,5.215247
2010-12-09 07:29:00.0000002,7.1548395
2010-12-09 07:29:00.00000081,13.450283
2010-08-21 23:02:28.0000003,12.578537
2009-10-29 10:48:40.0000003,11.176401
2015-02-01 00:48:44.0000003,7.8691754
2015-02-01 00:48:44.0000005,5.0468693
2011-12-06 11:07:40.0000002,7.546038
2011-12-06 11:07:40.0000003,15.623475
2013-05-18 15:28:40.0000001,9.054289
2013-09-01 17:57:04.0000001,7.872678
2015-02-21 18:39:16.0000001,9.49227
2013-07-22 15:05:16.0000005,10.635862
2010-12-25 13:54:12.0000002,6.884318
2013-11-29 20:09:12.0000001,17.27961
2011-10-25 20:34:20.0000002,9.602808
2012-11-20 21:54:00.000000152,5.289737
2012-11-20 21:54:00.00000071,28.819895
2012-11-20 21:54:00.00000078,10.372265
2012-11-20 21:54:00.00000073,9.705316
2012-11-20 21:54:00.00000066,10.629713
2012-11-20 21:54:00.000000189,6.9813557
2012-11-20 21:54:00.00000016,12.43024
2012-11-20 21:54:00.0000007,9.888386
2012-11-20 21:54:00.000000161,16.777212
2012-11-20 21:54:00.000000174,8.490588
2012-11-20 21:54:00.00000084,8.846915
2012-11-20 21:54:00.000000173,8.1533
2014-06-23 00:16:00.00000086,8.673599
2014-06-23 00:16:00.00000042,47.853806
2014-06-23 00:16:00.00000010,6.380906
2011-09-30 03:23:32.0000001,14.291423
2011-01-03 21:51:28.0000003,7.382775
2013-09-25 22:00:00.00000018,7.4838505
2013-09-25 22:00:00.00000071,10.507134
2013-09-25 22:00:00.000000114,10.779584
2013-09-25 22:00:00.000000191,8.847691
2013-09-25 22:00:00.0000006,8.030217
2013-09-25 22:00:00.000000113,5.4978423
2013-09-25 22:00:00.000000212,4.7125797
2013-09-25 22:00:00.00000066,5.7284365
2011-07-06 18:07:44.0000004,5.2410913
2014-07-11 12:36:08.0000001,15.388607
2015-02-20 11:08:29.0000007,11.750202
2009-05-16 14:53:41.0000003,6.1287313
2010-07-01 22:11:33.0000003,4.7494593
2014-10-07 11:52:13.0000008,6.85795
2015-02-26 23:20:13.0000008,16.31193
2011-11-28 14:13:37.0000002,7.397841
2013-08-30 11:20:21.0000003,34.06526
2014-10-25 23:23:05.0000001,10.873268
2014-10-25 23:23:05.0000002,13.537429
2011-07-02 00:38:01.0000001,9.032615
2014-02-08 17:24:57.0000002,8.078289
2013-02-16 16:03:17.0000001,14.517493
2011-01-24 20:18:49.0000005,8.635402
2012-04-07 12:14:05.0000001,13.410517
2011-10-20 13:46:33.0000002,10.666682
2013-11-29 15:09:45.0000003,7.980617
2014-06-22 14:49:13.0000002,36.834343
2009-08-28 23:01:41.0000002,7.9170074
2010-06-11 13:37:21.0000003,9.864907
2013-06-17 06:37:49.0000002,4.061691
2015-06-02 09:11:17.0000002,45.274815
2014-12-07 19:56:45.0000001,13.749685
2013-04-23 13:19:17.0000001,8.713502
2013-11-28 13:17:13.0000003,6.6526723
2012-06-10 00:46:17.0000001,9.517151
2010-02-27 22:55:09.0000001,5.4139514
2012-04-14 14:20:33.0000002,6.847501
2013-03-08 19:03:09.0000002,5.9085064
2012-07-13 11:00:05.0000005,3.8047462
2014-07-01 11:05:21.0000003,7.829096
2012-10-25 16:20:37.0000005,11.85869
2011-03-24 17:44:01.0000002,10.065463
2014-07-25 18:06:37.0000006,14.2923565
2009-08-02 14:01:33.0000005,9.667882
2009-09-25 21:43:49.0000009,11.613844
2011-12-09 21:19:25.0000003,6.2565417
2011-12-09 21:19:25.0000004,10.686321
2012-02-08 11:14:49.0000003,17.683979
2012-07-18 22:34:53.0000002,5.2808375
2012-07-18 22:34:53.0000004,6.3863688
2009-09-04 18:43:33.0000002,4.9018598
2011-04-23 11:01:49.0000002,29.53473
2014-10-28 22:42:33.0000004,5.0505733
2010-06-20 12:42:37.0000002,5.949315
2015-02-19 11:39:21.0000004,40.18641
2013-12-08 10:41:05.0000002,5.751166
2009-05-15 21:19:13.0000003,4.760653
2011-08-18 08:36:13.0000005,5.5976167
2012-12-20 23:43:09.0000004,20.208857
2009-06-13 18:40:13.0000001,14.761276
2009-01-06 07:36:34.0000001,8.324619
2015-04-12 21:56:22.0000003,9.173311
2010-03-21 16:52:58.0000003,8.533011
2013-07-09 21:59:42.0000001,27.279669
2012-06-23 09:43:42.0000002,4.4422517
2012-06-23 09:43:42.0000004,4.91451
2013-10-26 10:46:46.0000003,37.314476
2013-09-14 18:51:46.0000001,7.032267
2009-11-23 19:06:14.0000001,7.2227035
2010-01-24 14:09:58.0000002,5.1000967
2011-12-10 23:39:06.0000003,5.8000245
2011-01-15 04:13:38.0000001,6.156825
2011-03-03 21:31:42.0000003,5.7369704
2012-08-04 23:34:58.0000003,11.7773285
2015-04-10 11:56:54.0000006,7.639415
2015-05-05 12:32:14.0000008,18.15054
2013-10-13 19:52:54.0000002,45.027878
2015-06-25 01:01:46.0000004,13.133645
2009-05-19 15:44:30.0000002,29.529057
2010-02-06 17:37:10.0000002,5.7876525
2013-01-14 18:42:54.0000003,7.752695
2014-01-05 17:47:02.0000001,12.021213
2009-07-28 11:13:10.0000002,7.7389503
2012-01-12 18:05:10.0000002,24.780628
2010-12-21 08:46:02.0000006,5.881288
2013-11-24 03:44:46.0000003,21.567183
2013-06-30 03:37:26.0000003,12.78785
2011-05-26 21:36:54.0000004,6.4940867
2009-03-11 21:46:54.0000002,10.725517
2012-12-26 17:12:30.0000002,11.810678
2013-04-21 19:50:54.0000001,11.356266
2013-02-06 18:21:18.0000001,10.158508
2013-07-21 11:41:26.0000003,11.529647
2011-09-17 15:41:06.0000004,13.469313
2015-06-21 17:16:10.0000005,11.799569
2015-02-27 19:36:02.00000013,7.5512376
2015-06-15 01:00:06.0000001,4.4129887
2014-03-08 16:08:26.0000001,4.058712
2014-03-08 16:08:26.0000003,8.324704
2014-09-13 19:05:02.0000002,7.455246
2010-12-04 21:08:38.0000004,37.348015
2010-03-07 00:47:26.0000001,4.8075833
2009-12-30 16:54:50.0000001,23.026272
2009-03-11 16:02:14.0000007,12.584775
2010-03-13 01:23:10.0000001,6.0962996
2012-05-30 02:28:50.0000002,7.2712655
2010-09-04 18:31:42.0000003,6.899145
2009-11-20 23:19:58.0000003,7.6653647
2011-09-22 20:05:22.0000003,11.271868
2009-02-08 00:04:06.0000001,26.748354
2014-05-17 10:51:46.0000003,12.845127
2010-05-06 11:35:26.0000002,11.165378
2011-10-01 00:42:26.0000001,7.340452
2014-12-26 20:19:38.0000001,6.230206
2015-04-22 09:54:06.0000004,11.978368
2009-01-25 21:17:18.0000001,10.65626
2011-08-01 17:44:30.0000003,24.0608
2012-03-25 04:50:39.0000001,28.364922
2012-12-26 18:28:55.0000004,9.699012
2011-07-06 19:56:23.0000005,13.483788
2012-08-19 12:06:39.0000002,12.14365
2015-04-28 20:15:27.0000004,7.17014
2015-04-28 20:15:27.0000007,7.7006907
2014-06-07 12:21:11.0000002,35.546238
2013-12-22 21:24:47.0000001,9.809695
2011-11-23 21:07:43.0000004,7.682771
2011-08-08 11:18:15.0000001,7.9884696
2015-05-20 19:39:11.0000004,8.872399
2015-03-20 16:33:07.0000003,40.449593
2015-04-26 21:44:23.0000002,5.210439
2010-10-09 15:48:51.0000004,5.0140815
2012-04-27 22:32:19.0000002,7.947867
2012-10-12 15:21:55.0000002,12.4372225
2009-12-26 09:23:19.0000001,6.216953
2014-11-30 15:46:23.0000002,5.358032
2010-06-22 14:25:19.0000007,9.54982
2013-01-03 11:41:47.0000002,27.619112
2015-01-12 17:05:51.0000005,39.071125
2013-04-07 00:24:27.0000002,7.0264726
2010-01-13 08:28:59.0000002,4.9376817
2012-06-16 14:33:19.0000001,7.049501
2009-03-25 01:20:55.0000002,9.954467
2010-07-13 07:38:03.0000003,14.746325
2012-11-09 18:17:35.0000004,5.843568
2009-06-21 00:54:23.0000002,8.399524
2009-12-23 20:14:19.0000004,7.473178
2013-11-29 21:36:07.0000003,6.1918077
2012-06-09 22:57:15.0000003,6.208837
2010-10-22 20:56:51.0000002,7.6111298
2011-02-21 23:46:07.0000002,16.422268
2012-07-30 18:18:19.0000001,29.277931
2010-06-02 19:45:19.0000003,7.566586
2009-05-21 20:50:31.0000003,6.095377
2014-11-11 12:10:59.0000001,14.103864
2012-09-09 23:40:03.0000003,13.8094845
2011-04-28 01:29:51.0000001,5.9237323
2009-09-28 19:21:59.0000003,17.483404
2012-10-21 19:47:23.0000002,17.820698
2013-06-04 23:58:11.0000006,9.537123
2014-08-08 17:32:47.0000005,58.474804
2011-01-04 10:12:51.0000002,9.442433
2011-10-26 17:48:43.0000006,13.521889
2009-12-19 21:56:15.0000003,5.1920633
2010-06-13 19:39:51.0000001,5.2441573
2015-02-14 09:08:11.0000001,55.602757
2015-02-14 09:08:11.0000004,9.943938
2013-01-09 02:05:51.0000001,13.696368
2013-06-21 02:39:47.0000002,5.387386
2011-10-07 12:38:19.0000001,7.259849
2013-02-02 16:07:55.0000004,13.801987
2014-04-05 01:52:27.0000004,9.868003
2014-04-05 01:52:27.0000003,14.496427
2010-02-23 20:29:51.0000001,5.439238
2014-07-01 15:15:23.0000003,6.5801044
2012-12-01 21:12:12.0000001,23.383842
2014-06-14 13:39:00.00000071,7.498472
2013-11-09 18:52:40.0000001,10.968702
2013-11-09 18:52:40.0000003,11.344538
2014-12-30 20:29:24.0000002,8.125804
2010-05-10 10:37:04.0000004,12.331365
2013-07-12 23:33:24.0000002,19.483208
2009-06-10 16:55:00.000000132,7.2991943
2009-06-10 16:55:00.000000163,10.512231
2009-06-10 16:55:00.00000084,14.752041
2009-03-22 04:31:40.0000001,13.527631
2011-06-24 12:03:00.0000009,9.969044
2011-06-24 12:03:00.000000174,34.794468
2011-06-24 12:03:00.000000158,11.127154
2014-06-15 07:06:00.00000044,56.181282
2015-05-30 21:29:04.0000006,9.06341
2009-09-14 02:19:00.00000037,14.779072
2011-10-02 22:31:44.0000001,19.318277
2011-07-20 16:34:48.0000002,10.025986
2011-06-01 07:37:00.00000012,13.478376
2011-06-01 07:37:00.000000111,11.126881
2011-06-01 07:37:00.00000014,9.12024
2010-08-27 18:45:00.0000002,14.102881
2010-08-27 18:45:00.000000118,6.9813933
2010-08-27 18:45:00.000000143,6.3374047
2010-08-27 18:45:00.000000233,20.144623
2010-08-27 18:45:00.000000156,8.567523
2010-08-27 18:45:00.000000167,7.280258
2010-08-27 18:45:00.000000168,6.913808
2010-08-27 18:45:00.000000149,6.8394923
2010-08-27 18:45:00.00000091,6.5837417
2010-08-27 18:45:00.000000126,7.120251
2010-08-27 18:45:00.00000020,9.172324
2010-08-14 02:13:00.000000154,6.332026
2010-08-14 02:13:00.00000098,6.5001884
2015-04-16 22:32:48.0000003,21.13671
2014-03-25 23:47:00.00000021,35.342785
2014-03-25 23:47:00.00000084,12.488989
2010-09-29 16:43:00.000000161,9.426095
2010-09-29 16:43:00.00000093,29.421698
2014-10-27 14:58:00.00000088,9.793174
2014-10-27 14:58:00.00000092,53.346382
2014-10-27 14:58:00.00000094,7.4291387
2012-11-03 17:11:00.00000013,7.5822887
2012-11-03 17:11:00.0000001,5.4491453
2012-11-03 17:11:00.000000150,8.541984
2011-05-28 17:29:44.0000002,6.09962
2013-09-28 00:06:20.0000005,8.974249
2013-09-28 00:06:20.0000003,19.858007
2011-03-11 01:44:00.00000095,5.0190125
2011-03-11 01:44:00.00000029,6.438533
2011-10-04 09:37:00.00000080,33.644
2011-10-04 09:37:00.000000113,14.628654
2011-10-04 09:37:00.000000160,8.67231
2011-10-04 09:37:00.0000006,7.806011
2014-12-24 03:00:00.00000020,83.86794
2009-05-16 23:36:24.0000003,4.3264337
2014-04-27 02:57:00.00000064,30.276804
2014-04-27 02:57:00.00000083,15.229418
2014-04-27 02:57:00.00000069,16.935652
2014-04-27 02:57:00.0000007,10.184032
2011-12-13 22:00:00.000000102,15.374871
2011-12-13 22:00:00.000000214,22.306353
2011-12-13 22:00:00.000000128,9.1123085
2011-12-13 22:00:00.000000249,9.120635
2011-12-13 22:00:00.00000052,15.150457
2011-12-13 22:00:00.000000168,5.556218
2011-12-13 22:00:00.00000079,8.557864
2011-12-13 22:00:00.00000050,7.14119
2015-04-11 14:16:12.0000005,5.95694
2014-07-21 18:19:00.000000205,8.252685
2014-07-21 18:19:00.00000023,21.380062
2014-07-21 18:19:00.00000046,14.282757
2014-07-21 18:19:00.00000096,16.202301
2014-07-21 18:19:00.000000156,35.483395
2010-09-20 16:48:00.0000002,9.989026
2010-09-20 16:48:00.000000156,7.7102637
2010-09-20 16:48:00.00000041,10.292201
2010-09-20 16:48:00.00000083,7.53365
2010-09-20 16:48:00.000000122,13.115096
2011-03-06 21:01:00.00000036,7.4296503
2011-03-06 21:01:00.00000019,5.786343
2011-03-06 21:01:00.000000123,10.547737
2011-03-06 21:01:00.000000166,7.6840134
2011-03-06 21:01:00.000000140,14.374822
2011-03-06 21:01:00.00000060,7.2959833
2012-05-23 16:25:16.0000001,49.664967
2011-04-16 21:23:16.0000003,4.136484
2013-10-05 19:51:04.0000004,7.5765476
2012-03-14 19:10:48.0000007,6.5129104
2012-01-26 07:33:00.00000064,14.1715355
2012-01-26 07:33:00.000000131,5.4980927
2012-01-26 07:33:00.00000071,6.284404
2012-01-26 07:33:00.00000028,15.498008
2012-01-26 07:33:00.00000072,7.18421
2010-12-09 07:29:00.00000093,10.754583
2010-12-09 07:29:00.000000123,7.4642196
2010-12-09 07:29:00.00000056,7.941062
2014-05-17 02:47:12.0000001,6.955371
2009-01-22 12:27:20.0000001,14.232897
2011-04-23 21:22:20.0000002,4.8820024
2012-11-20 21:54:00.00000062,7.6283927
2012-11-20 21:54:00.000000207,10.897982
2012-11-20 21:54:00.00000014,5.5855803
2012-11-20 21:54:00.000000246,20.46406
2012-11-20 21:54:00.000000164,54.461063
2014-06-23 00:16:00.00000011,22.221773
2014-06-23 00:16:00.00000091,9.626701
2013-09-25 22:00:00.000000144,10.888408
2013-09-25 22:00:00.000000100,53.346424
2013-09-25 22:00:00.000000166,12.228901
2013-09-25 22:00:00.000000105,17.137913
2013-09-25 22:00:00.00000015,10.031431
2011-07-06 18:07:44.0000002,46.910263
2009-05-16 14:53:41.0000002,10.543343
2013-10-17 22:21:57.0000003,11.580063
2015-03-04 21:42:57.00000011,8.306098
2011-03-22 12:59:49.0000001,11.992329
2013-07-05 00:58:17.0000004,17.170042
2010-01-30 00:57:21.0000001,6.3900647
2012-04-02 08:39:21.0000002,15.220063
2010-07-25 04:03:17.0000001,28.021309
2012-07-01 22:30:29.0000002,19.162868
2014-02-08 17:24:57.0000003,20.222517
2012-06-02 01:16:05.0000003,4.443233
2012-06-02 01:16:05.0000001,4.9598765
2014-01-11 06:18:37.0000001,5.340486
2012-12-09 22:30:13.0000005,7.1951413
2011-10-01 15:04:57.0000002,7.2924995
2012-01-01 00:37:29.0000004,9.731946
2012-04-14 14:20:33.0000003,11.633952
2010-02-01 20:28:45.0000004,8.936754
2013-08-19 16:21:05.0000001,17.016232
2014-06-05 22:56:05.0000004,8.17058
2013-11-07 22:25:25.0000004,20.59974
2010-06-19 03:06:33.0000001,16.092787
2012-07-18 09:44:53.0000003,6.635599
2009-09-25 21:43:49.0000002,6.8396635
2009-09-04 18:43:33.0000001,7.7713857
2012-10-20 00:36:37.0000001,8.732068
2014-06-19 22:37:09.0000002,29.349789
2012-12-20 23:43:09.0000001,22.13554
2015-05-23 01:00:22.0000002,9.679619
2012-11-18 14:55:42.0000001,8.438897
2010-01-24 14:09:58.0000003,5.5537224
2014-07-27 11:25:18.0000003,19.998976
2009-03-15 03:31:14.0000004,4.779538
2010-09-24 22:40:06.0000004,6.5130777
2009-04-18 23:09:34.0000001,32.64647
2014-08-26 16:39:54.0000001,17.557533
2009-05-31 20:56:38.0000004,5.1921883
2015-05-29 10:02:42.0000002,7.7018147
2011-04-17 14:55:58.0000002,6.4089756
2011-05-26 21:36:54.0000003,7.22305
2011-05-26 21:36:54.0000002,9.569356
2013-11-23 16:33:30.0000002,9.890992
2009-06-03 09:11:30.0000001,9.664605
2010-12-04 21:08:38.0000005,8.024209
2013-09-07 19:43:18.0000003,10.339877
2011-03-10 18:16:14.0000005,5.710016
2011-05-19 02:06:46.0000002,5.8275533
2009-08-03 17:06:06.0000002,15.930769
2015-04-14 19:20:46.0000008,8.440783
2011-09-08 13:39:06.0000002,8.873796
2012-03-03 02:30:54.0000003,14.0354
2012-12-27 21:01:54.0000004,7.2371078
2012-12-27 21:01:54.0000005,11.999313
2014-06-20 02:16:34.0000002,6.3010983
2014-01-14 18:48:06.0000008,9.78808
2011-09-03 00:03:42.0000008,7.45307
2013-07-02 22:27:14.0000004,17.153137
2013-07-02 22:27:14.0000001,22.670265
2015-05-09 11:33:58.0000002,8.940293
2015-03-28 19:31:26.0000003,15.427688
2013-08-08 14:38:43.0000002,10.062186
2009-11-19 22:48:27.0000001,35.68639
2011-07-06 19:56:23.0000001,14.535503
2015-06-18 20:56:55.0000002,5.9752183
2015-02-14 13:15:19.0000002,8.168371
2013-01-12 22:40:39.0000002,8.7522335
2013-03-23 15:41:07.0000002,39.562397
2010-01-31 00:33:03.0000006,7.20257
2014-06-09 14:51:39.0000001,9.542754
2015-03-20 16:33:07.0000004,15.251926
2015-01-04 00:28:11.0000004,6.1333594
2010-10-04 16:17:03.0000001,11.966365
2011-05-17 07:53:55.0000003,6.076163
2012-12-26 20:55:27.0000001,5.8370843
2012-12-26 20:55:27.0000003,4.632765
2011-12-17 16:19:47.0000002,11.723868
2010-02-15 10:14:23.0000001,29.684076
2010-12-11 16:12:35.0000003,6.9514856
2011-12-11 11:05:51.0000002,10.778214
2014-06-14 12:32:11.0000001,9.402179
2012-06-09 22:57:15.0000001,7.7573724
2009-05-21 20:50:31.0000004,4.9333816
2010-09-22 09:42:31.0000005,10.67683
2014-07-08 10:21:39.0000007,24.522614
2012-09-16 18:14:55.0000002,18.027105
2013-10-05 13:45:39.0000001,7.4145336
2014-07-31 10:39:39.0000001,14.056889
2013-02-16 14:26:51.0000001,12.259507
2014-01-04 10:54:59.0000004,53.934887
2015-03-07 15:25:59.0000005,9.013325
2009-04-16 15:57:31.0000003,6.3255787
2011-10-23 17:43:43.0000002,7.9157686
2014-06-14 13:39:00.000000189,10.131123
2014-06-14 13:39:00.000000153,9.733122
2014-06-14 13:39:00.00000088,4.617484
2014-06-14 13:39:00.000000157,14.312282
2014-06-14 13:39:00.00000046,7.2162085
2014-06-14 13:39:00.000000110,6.6920505
2014-06-14 13:39:00.000000106,34.339764
2014-06-14 13:39:00.00000019,14.861178
2014-06-14 13:39:00.000000186,7.0917554
2014-06-14 13:39:00.00000037,8.580364
2014-06-14 13:39:00.00000057,11.833623
2014-06-14 13:39:00.000000127,12.111419
2014-06-14 13:39:00.0000009,38.05014
2014-06-14 13:39:00.000000173,8.5976305
2014-06-14 13:39:00.00000027,5.515196
2014-06-14 13:39:00.000000100,8.612975
2011-10-02 23:36:00.00000060,23.958782
2011-10-02 23:36:00.00000057,17.244385
2011-10-02 23:36:00.00000044,4.9397707
2011-10-02 23:36:00.00000087,24.218515
2011-10-02 23:36:00.00000084,9.802988
2011-10-02 23:36:00.00000046,10.934772
2011-10-02 23:36:00.0000006,5.658623
2011-10-02 23:36:00.00000033,35.87237
2011-10-02 23:36:00.00000064,16.282827
2011-10-02 23:36:00.00000094,15.379948
2011-10-02 23:36:00.00000049,3.8307216
2011-10-02 23:36:00.00000066,7.9153194
2011-10-02 23:36:00.00000080,10.339269
2011-10-02 23:36:00.00000029,27.285896
2011-10-02 23:36:00.00000055,4.20205
2011-10-02 23:36:00.00000079,13.657892
2011-10-02 23:36:00.00000053,9.680874
2009-06-10 16:55:00.00000014,7.2448635
2009-06-10 16:55:00.00000052,8.280201
2009-06-10 16:55:00.00000065,7.85187
2009-06-10 16:55:00.000000169,12.902241
2009-06-10 16:55:00.000000172,7.340141
2009-06-10 16:55:00.000000105,5.92438
2009-06-10 16:55:00.00000073,3.9156353
2009-06-10 16:55:00.000000157,10.493864
2009-06-10 16:55:00.000000156,4.7414107
2009-06-10 16:55:00.000000116,7.3021326
2009-06-10 16:55:00.00000022,5.6021996
2009-06-10 16:55:00.00000013,7.197633
2009-06-10 16:55:00.000000126,4.5745277
2009-06-10 16:55:00.00000023,6.6560855
2009-06-10 16:55:00.00000086,6.0346184
2009-06-10 16:55:00.00000040,12.137478
2009-06-10 16:55:00.00000058,7.8553905
2009-06-10 16:55:00.000000170,4.988941
2009-06-10 16:55:00.00000027,10.305095
2009-06-10 16:55:00.00000011,11.702001
2009-06-10 16:55:00.000000129,6.658779
2009-06-10 16:55:00.000000121,4.8405514
2009-06-10 16:55:00.00000080,7.7612653
2009-06-10 16:55:00.00000089,6.725044
2009-06-10 16:55:00.000000103,8.074497
2009-06-10 16:55:00.00000051,8.447138
2009-06-10 16:55:00.00000063,29.289818
2009-06-10 16:55:00.000000106,5.0742745
2009-06-10 16:55:00.00000091,6.7010064
2009-06-10 16:55:00.00000095,13.970156
2009-06-10 16:55:00.000000137,3.6283193
2009-06-10 16:55:00.000000113,4.582181
2009-06-10 16:55:00.000000173,6.5414696
2009-06-10 16:55:00.00000077,4.9819355
2009-06-10 16:55:00.00000036,6.592528
2011-06-24 12:03:00.000000148,4.7501793
2011-06-24 12:03:00.00000070,5.405944
2011-06-24 12:03:00.000000129,9.716252
2011-06-24 12:03:00.000000130,4.871102
2011-06-24 12:03:00.000000160,9.46477
2011-06-24 12:03:00.000000167,28.394045
2011-06-24 12:03:00.00000059,7.7752175
2011-06-24 12:03:00.000000128,8.168679
2011-06-24 12:03:00.000000112,5.465418
2011-06-24 12:03:00.000000134,7.4355707
2011-06-24 12:03:00.00000021,13.28997
2011-06-24 12:03:00.00000039,11.983139
2011-06-24 12:03:00.00000083,15.468984
2011-06-24 12:03:00.00000029,5.910006
2011-06-24 12:03:00.00000037,8.405641
2011-06-24 12:03:00.0000004,12.778145
2011-06-24 12:03:00.000000117,31.222422
2011-06-24 12:03:00.000000147,4.5210547
2011-06-24 12:03:00.00000043,7.06423
2011-06-24 12:03:00.000000172,10.529903
2011-06-24 12:03:00.00000011,7.384761
2011-06-24 12:03:00.00000036,4.1671305
2011-06-24 12:03:00.00000015,4.941062
2011-06-24 12:03:00.00000065,7.9560246
2011-06-24 12:03:00.000000169,33.70511
2011-06-24 12:03:00.000000164,13.303323
2011-06-24 12:03:00.000000163,5.885404
2011-06-24 12:03:00.00000096,8.366436
2011-06-24 12:03:00.00000030,13.197752
2014-06-15 07:06:00.00000018,9.254908
2014-06-15 07:06:00.00000034,20.461178
2014-06-15 07:06:00.00000022,57.73125
2014-06-15 07:06:00.00000012,5.961285
2014-06-15 07:06:00.0000005,10.343915
2014-06-15 07:06:00.00000023,4.6945257
2014-06-15 07:06:00.0000001,11.112399
2009-09-14 02:19:00.0000005,5.389919
2009-09-14 02:19:00.00000032,4.75295
2009-09-14 02:19:00.00000015,5.1586895
2009-09-14 02:19:00.00000029,6.599044
2009-09-14 02:19:00.00000012,6.3681707
2009-09-14 02:19:00.00000019,12.561944
2011-06-01 07:37:00.000000193,4.151305
2011-06-01 07:37:00.000000135,7.951784
2011-06-01 07:37:00.000000124,8.386309
2011-06-01 07:37:00.00000071,6.470419
2011-06-01 07:37:00.000000191,15.342162
2011-06-01 07:37:00.00000073,4.836671
2011-06-01 07:37:00.000000134,10.656366
2011-06-01 07:37:00.000000195,11.299424
2011-06-01 07:37:00.000000130,8.806682
2011-06-01 07:37:00.00000039,8.297134
2011-06-01 07:37:00.000000188,13.8397665
2011-06-01 07:37:00.00000030,9.06459
2011-06-01 07:37:00.00000040,12.540201
2011-06-01 07:37:00.00000011,9.371349
2011-06-01 07:37:00.00000093,7.0367894
2011-06-01 07:37:00.000000121,50.04424
2011-06-01 07:37:00.000000224,5.662304
2011-06-01 07:37:00.000000153,4.1643763
2011-06-01 07:37:00.00000033,4.7569704
2011-06-01 07:37:00.000000213,8.2641115
2011-06-01 07:37:00.00000076,5.102545
2011-06-01 07:37:00.00000018,6.3601327
2011-06-01 07:37:00.00000021,10.111169
2011-06-01 07:37:00.000000126,10.259751
2011-06-01 07:37:00.000000202,6.4597626
2011-06-01 07:37:00.00000035,7.8357687
2011-06-01 07:37:00.000000216,10.211088
2011-06-01 07:37:00.00000067,7.833316
2011-06-01 07:37:00.00000013,8.495187
2011-06-01 07:37:00.00000024,8.832441
2011-06-01 07:37:00.000000148,4.111472
2011-06-01 07:37:00.000000200,4.451144
2011-06-01 07:37:00.00000042,9.42525
2011-06-01 07:37:00.00000066,11.56607
2011-06-01 07:37:00.00000056,10.664724
2011-06-01 07:37:00.00000063,14.347058
2011-06-01 07:37:00.0000009,6.251028
2011-06-01 07:37:00.000000187,6.531197
2011-06-01 07:37:00.000000225,5.550701
2010-08-27 18:45:00.0000009,40.224415
2010-08-27 18:45:00.000000120,6.0756354
2010-08-27 18:45:00.00000019,8.321138
2010-08-27 18:45:00.0000001,8.55805
2010-08-27 18:45:00.00000080,4.8427896
2010-08-27 18:45:00.00000082,5.596508
2010-08-27 18:45:00.000000180,9.698745
2010-08-27 18:45:00.00000058,16.381948
2010-08-27 18:45:00.000000178,29.426786
2010-08-27 18:45:00.000000117,7.704161
2010-08-27 18:45:00.00000079,11.643739
2010-08-27 18:45:00.000000200,5.4583216
2010-08-27 18:45:00.000000108,4.9319563
2010-08-27 18:45:00.00000098,6.980222
2010-08-27 18:45:00.00000059,50.088097
2010-08-27 18:45:00.000000138,16.391895
2010-08-27 18:45:00.000000232,7.563611
2010-08-27 18:45:00.00000032,24.58031
2010-08-27 18:45:00.00000047,6.819041
2010-08-27 18:45:00.000000100,8.998977
2010-08-27 18:45:00.000000154,7.0688086
2010-08-27 18:45:00.000000211,8.044756
2010-08-27 18:45:00.000000114,6.250093
2010-08-27 18:45:00.00000042,5.8043423
2010-08-27 18:45:00.000000104,20.202831
2010-08-27 18:45:00.000000162,8.757934
2010-08-27 18:45:00.00000095,4.941648
2010-08-27 18:45:00.000000150,7.9428906
2010-08-27 18:45:00.00000052,16.042198
2010-08-27 18:45:00.000000225,5.868432
2010-08-27 18:45:00.00000064,7.5553203
2010-08-27 18:45:00.000000215,2.3462212
2010-08-27 18:45:00.000000206,5.119639
2010-08-27 18:45:00.000000122,6.557494
2010-08-27 18:45:00.000000221,9.487499
2010-08-27 18:45:00.00000027,6.753934
2010-08-27 18:45:00.000000115,5.963297
2010-08-27 18:45:00.000000218,8.013212
2010-08-27 18:45:00.000000212,12.478129
2010-08-27 18:45:00.000000229,7.4659505
2010-08-27 18:45:00.000000213,11.1936035
2010-08-27 18:45:00.00000099,29.894123
2010-08-27 18:45:00.000000176,13.92156
2010-08-27 18:45:00.000000132,18.979034
2010-08-27 18:45:00.0000007,7.6542773
2010-08-27 18:45:00.000000151,34.20726
2010-08-27 18:45:00.000000137,12.992821
2010-08-27 18:45:00.00000021,35.117035
2010-08-27 18:45:00.000000185,5.084074
2010-08-27 18:45:00.00000041,8.069527
2010-08-14 02:13:00.000000129,9.177331
2010-08-14 02:13:00.0000006,12.235665
2010-08-14 02:13:00.00000045,8.501237
2010-08-14 02:13:00.000000117,14.230222
2010-08-14 02:13:00.00000079,14.993386
2010-08-14 02:13:00.000000112,4.2638726
2010-08-14 02:13:00.00000088,19.748156
2010-08-14 02:13:00.0000005,7.8245244
2010-08-14 02:13:00.00000016,10.048713
2010-08-14 02:13:00.0000002,7.1175385
2010-08-14 02:13:00.00000071,23.149805
2010-08-14 02:13:00.00000019,8.096636
2010-08-14 02:13:00.000000113,5.7604175
2010-08-14 02:13:00.000000151,6.6699553
2010-08-14 02:13:00.000000104,11.51496
2010-08-14 02:13:00.00000095,19.417564
2010-08-14 02:13:00.00000053,6.379918
2010-08-14 02:13:00.00000046,7.600663
2010-08-14 02:13:00.00000011,16.128939
2010-08-14 02:13:00.000000124,18.406857
2010-08-14 02:13:00.000000153,19.957823
2010-08-14 02:13:00.00000081,40.230953
2010-08-14 02:13:00.00000062,10.999184
2010-08-14 02:13:00.000000103,12.669742
2010-08-14 02:13:00.000000144,6.9836535
2010-08-14 02:13:00.00000082,5.3144765
2010-08-14 02:13:00.00000093,5.854411
2010-08-14 02:13:00.00000058,7.2420883
2010-08-14 02:13:00.000000107,6.883723
2010-08-14 02:13:00.000000157,7.3704715
2010-08-14 02:13:00.00000013,5.8129396
2010-08-14 02:13:00.000000138,5.263913
2010-08-14 02:13:00.000000119,13.010508
2010-08-14 02:13:00.00000065,4.990838
2010-08-14 02:13:00.00000039,6.1407104
2010-08-14 02:13:00.000000118,6.877635
2010-08-14 02:13:00.00000048,12.728727
2010-08-14 02:13:00.00000067,14.283923
2010-08-14 02:13:00.00000096,18.66008
2010-08-14 02:13:00.00000091,12.680934
2010-08-14 02:13:00.000000114,6.5487957
2010-08-14 02:13:00.00000023,40.54442
2010-08-14 02:13:00.000000106,5.894107
2014-03-25 23:47:00.000000102,6.87639
2014-03-25 23:47:00.00000026,21.378077
2014-03-25 23:47:00.00000042,14.188559
2014-03-25 23:47:00.00000051,4.8363028
2014-03-25 23:47:00.00000052,6.106608
2014-03-25 23:47:00.00000031,12.248182
2014-03-25 23:47:00.00000096,11.171949
2014-03-25 23:47:00.000000134,4.8653193
2014-03-25 23:47:00.00000019,18.635176
2014-03-25 23:47:00.00000020,8.65034
2014-03-25 23:47:00.000000115,24.97872
2014-03-25 23:47:00.00000035,4.29811
2014-03-25 23:47:00.000000132,21.86404
2014-03-25 23:47:00.00000085,35.585384
2014-03-25 23:47:00.00000064,54.617805
2014-03-25 23:47:00.00000011,6.4591703
2014-03-25 23:47:00.000000124,8.577099
2014-03-25 23:47:00.000000112,7.1216116
2014-03-25 23:47:00.000000127,20.086624
2014-03-25 23:47:00.00000028,15.866745
2014-03-25 23:47:00.00000055,8.564163
2014-03-25 23:47:00.00000036,6.0418916
2014-03-25 23:47:00.000000135,28.455322
2014-03-25 23:47:00.000000108,8.928282
2014-03-25 23:47:00.00000012,19.386244
2010-09-29 16:43:00.000000162,8.5999565
2010-09-29 16:43:00.00000078,10.66679
2010-09-29 16:43:00.00000015,7.9400086
2010-09-29 16:43:00.0000001,14.451389
2010-09-29 16:43:00.000000119,8.863796
2010-09-29 16:43:00.000000140,9.765419
2010-09-29 16:43:00.00000041,7.421028
2010-09-29 16:43:00.000000135,11.487704
2010-09-29 16:43:00.000000117,7.298468
2010-09-29 16:43:00.00000059,11.811072
2010-09-29 16:43:00.00000014,6.79304
2010-09-29 16:43:00.00000012,11.264514
2010-09-29 16:43:00.000000170,5.8942947
2010-09-29 16:43:00.00000013,9.157651
2010-09-29 16:43:00.000000145,8.979939
2010-09-29 16:43:00.000000174,12.629334
2010-09-29 16:43:00.000000164,7.410377
2010-09-29 16:43:00.00000037,12.78805
2010-09-29 16:43:00.000000159,5.228879
2010-09-29 16:43:00.000000113,11.20069
2010-09-29 16:43:00.00000094,5.4109597
2010-09-29 16:43:00.00000011,6.6595387
2010-09-29 16:43:00.000000168,5.7576847
2010-09-29 16:43:00.000000114,50.577282
2010-09-29 16:43:00.00000019,6.5686717
2010-09-29 16:43:00.00000022,8.448026
2010-09-29 16:43:00.00000040,5.9580226
2010-09-29 16:43:00.00000016,8.008637
2010-09-29 16:43:00.000000144,7.7341847
2010-09-29 16:43:00.00000044,7.9433126
2010-09-29 16:43:00.00000062,9.654306
2010-09-29 16:43:00.00000074,31.687664
2010-09-29 16:43:00.00000064,14.107606
2010-09-29 16:43:00.000000110,11.243798
2010-09-29 16:43:00.000000122,8.2302
2010-09-29 16:43:00.000000142,3.7656906
2010-09-29 16:43:00.00000080,4.98948
2014-10-27 14:58:00.000000149,59.433846
2014-10-27 14:58:00.000000125,12.740821
2014-10-27 14:58:00.000000130,9.876688
2014-10-27 14:58:00.000000146,6.637153
2014-10-27 14:58:00.00000040,7.5461164
2014-10-27 14:58:00.000000136,6.642595
2014-10-27 14:58:00.000000123,11.561702
2014-10-27 14:58:00.000000115,7.8255496
2014-10-27 14:58:00.00000046,5.814743
2014-10-27 14:58:00.0000009,54.60669
2014-10-27 14:58:00.00000059,53.09327
2014-10-27 14:58:00.000000111,7.1414576
2014-10-27 14:58:00.00000054,58.619553
2014-10-27 14:58:00.00000024,8.915987
2014-10-27 14:58:00.00000065,12.202374
2014-10-27 14:58:00.00000087,13.269386
2014-10-27 14:58:00.00000099,7.020821
2014-10-27 14:58:00.000000144,5.2415957
2014-10-27 14:58:00.00000081,3.76001
2014-10-27 14:58:00.00000056,10.180103
2012-11-03 17:11:00.000000115,7.2706857
2012-11-03 17:11:00.00000079,12.363857
2012-11-03 17:11:00.00000081,7.706107
2012-11-03 17:11:00.00000085,15.654205
2012-11-03 17:11:00.000000128,4.234517
2012-11-03 17:11:00.000000160,7.9808993
2012-11-03 17:11:00.000000118,6.2607155
2012-11-03 17:11:00.00000076,9.03842
2012-11-03 17:11:00.000000114,7.7354794
2012-11-03 17:11:00.00000091,6.773588
2012-11-03 17:11:00.00000060,9.618789
2012-11-03 17:11:00.000000155,9.568145
2012-11-03 17:11:00.000000117,11.636156
2012-11-03 17:11:00.000000105,4.255874
2012-11-03 17:11:00.0000007,23.722565
2012-11-03 17:11:00.00000055,7.2156987
2012-11-03 17:11:00.000000103,6.5067434
2012-11-03 17:11:00.00000053,8.689672
2011-03-11 01:44:00.00000064,11.836467
2011-03-11 01:44:00.00000016,4.8455143
2011-03-11 01:44:00.00000072,12.605692
2011-03-11 01:44:00.00000057,5.158669
2011-03-11 01:44:00.00000040,6.3478813
2011-03-11 01:44:00.00000021,17.272709
2011-03-11 01:44:00.00000046,8.857235
2011-03-11 01:44:00.00000034,6.9883337
2011-03-11 01:44:00.00000083,63.237045
2011-03-11 01:44:00.00000032,8.055738
2011-03-11 01:44:00.00000075,7.8829417
2011-03-11 01:44:00.00000085,7.3237786
2011-03-11 01:44:00.00000044,6.045431
2011-03-11 01:44:00.0000005,8.590464
2011-03-11 01:44:00.00000074,13.1045475
2011-03-11 01:44:00.00000041,9.118428
2011-03-11 01:44:00.00000042,8.403924
2011-03-11 01:44:00.00000035,10.154544
2011-03-11 01:44:00.00000052,4.385586
2011-10-04 09:37:00.000000194,6.762304
2011-10-04 09:37:00.000000183,7.93141
2011-10-04 09:37:00.000000157,29.65025
2011-10-04 09:37:00.000000176,6.73209
2011-10-04 09:37:00.000000170,10.380909
2011-10-04 09:37:00.00000036,8.522217
2011-10-04 09:37:00.00000017,4.290172
2011-10-04 09:37:00.000000114,14.415656
2011-10-04 09:37:00.000000184,12.943186
2011-10-04 09:37:00.00000047,6.5316677
2011-10-04 09:37:00.00000055,7.4792457
2011-10-04 09:37:00.00000031,7.0741787
2011-10-04 09:37:00.00000049,52.01144
2011-10-04 09:37:00.0000005,4.3079863
2011-10-04 09:37:00.00000067,4.3303432
2011-10-04 09:37:00.000000134,11.505339
2011-10-04 09:37:00.00000025,5.6305976
2011-10-04 09:37:00.000000185,7.646621
2011-10-04 09:37:00.000000180,7.4134874
2011-10-04 09:37:00.00000088,15.666354
2011-10-04 09:37:00.000000108,10.439739
2011-10-04 09:37:00.000000107,11.536499
2011-10-04 09:37:00.00000062,22.806017
2011-10-04 09:37:00.00000045,4.627799
2011-10-04 09:37:00.00000028,11.864572
2011-10-04 09:37:00.00000057,6.0809717
2011-10-04 09:37:00.00000013,8.925782
2011-10-04 09:37:00.00000056,11.715604
2011-10-04 09:37:00.000000106,6.9962616
2011-10-04 09:37:00.000000136,7.923154
2014-12-24 03:00:00.0000005,19.716413
2014-12-24 03:00:00.00000017,19.934021
2014-12-24 03:00:00.00000036,15.450967
2014-12-24 03:00:00.00000033,4.0960503
2014-12-24 03:00:00.00000026,15.082919
2014-12-24 03:00:00.00000031,19.456682
2014-12-24 03:00:00.00000015,10.80841
2015-02-12 05:37:56.0000001,4.607527
2014-04-27 02:57:00.000000124,16.780752
2014-04-27 02:57:00.00000017,17.111448
2014-04-27 02:57:00.000000151,5.9938707
2014-04-27 02:57:00.000000168,3.51967
2014-04-27 02:57:00.00000039,5.4225917
2014-04-27 02:57:00.00000097,15.107773
2014-04-27 02:57:00.00000033,5.460719
2014-04-27 02:57:00.000000129,9.676261
2014-04-27 02:57:00.000000141,7.944333
2014-04-27 02:57:00.00000074,13.381611
2014-04-27 02:57:00.00000047,20.05573
2014-04-27 02:57:00.00000076,10.947745
2014-04-27 02:57:00.000000142,7.2783957
2014-04-27 02:57:00.000000143,17.12962
2014-04-27 02:57:00.00000090,21.899105
2014-04-27 02:57:00.000000106,19.257605
2014-04-27 02:57:00.000000167,14.965406
2014-04-27 02:57:00.000000145,13.628613
2011-12-13 22:00:00.00000085,12.332235
2011-12-13 22:00:00.000000264,6.7480493
2011-12-13 22:00:00.000000138,10.73015
2011-12-13 22:00:00.000000135,6.1683354
2011-12-13 22:00:00.000000197,5.118934
2011-12-13 22:00:00.000000143,10.188942
2011-12-13 22:00:00.000000134,4.3137536
2011-12-13 22:00:00.00000033,11.710749
2011-12-13 22:00:00.00000058,6.8487678
2011-12-13 22:00:00.000000205,8.6240425
2011-12-13 22:00:00.000000173,9.032366
2011-12-13 22:00:00.000000248,5.5988555
2011-12-13 22:00:00.00000074,6.3921976
2011-12-13 22:00:00.00000098,3.8012412
2011-12-13 22:00:00.00000095,11.021259
2011-12-13 22:00:00.000000229,16.768806
2011-12-13 22:00:00.000000186,10.963711
2011-12-13 22:00:00.0000005,27.361086
2011-12-13 22:00:00.000000246,16.084938
2011-12-13 22:00:00.000000180,8.363859
2011-12-13 22:00:00.00000044,6.7463865
2011-12-13 22:00:00.000000110,7.0438595
2011-12-13 22:00:00.000000231,6.945499
2011-12-13 22:00:00.000000144,10.362522
2011-12-13 22:00:00.00000070,27.600904
2011-12-13 22:00:00.000000116,7.024939
2011-12-13 22:00:00.000000156,5.854805
2011-12-13 22:00:00.000000148,7.1261635
2011-12-13 22:00:00.00000072,8.879614
2011-12-13 22:00:00.00000028,10.341899
2011-12-13 22:00:00.00000066,10.472282
2011-12-13 22:00:00.000000121,12.790275
2011-12-13 22:00:00.00000094,41.536804
2011-12-13 22:00:00.000000266,8.261777
2015-04-11 14:16:12.0000004,11.787463
2015-05-10 19:54:00.0000002,12.939815
2014-07-21 18:19:00.00000054,10.588143
2014-07-21 18:19:00.000000230,7.4710836
2014-07-21 18:19:00.000000187,14.867838
2014-07-21 18:19:00.000000100,11.176375
2014-07-21 18:19:00.00000071,12.119799
2014-07-21 18:19:00.000000172,9.210561
2014-07-21 18:19:00.00000025,46.903374
2014-07-21 18:19:00.000000191,12.521412
2014-07-21 18:19:00.00000034,10.3975525
2014-07-21 18:19:00.000000176,4.7109404
2014-07-21 18:19:00.00000037,7.265193
2014-07-21 18:19:00.000000160,5.8558145
2014-07-21 18:19:00.00000077,8.275754
2014-07-21 18:19:00.00000013,11.383503
2014-07-21 18:19:00.000000184,7.008337
2014-07-21 18:19:00.000000232,7.108082
2014-07-21 18:19:00.000000116,6.8092265
2014-07-21 18:19:00.00000048,8.101367
2014-07-21 18:19:00.00000067,10.380498
2014-07-21 18:19:00.00000099,5.1366987
2014-07-21 18:19:00.000000223,7.6007137
2014-07-21 18:19:00.000000162,15.633906
2014-07-21 18:19:00.00000068,10.882431
2014-07-21 18:19:00.000000144,9.83793
2014-07-21 18:19:00.00000035,31.008144
2014-07-21 18:19:00.00000029,6.944622
2014-07-21 18:19:00.00000032,7.1851745
2014-07-21 18:19:00.00000082,7.1770697
2014-07-21 18:19:00.000000132,5.6560607
2014-07-21 18:19:00.000000152,6.9883065
2014-07-21 18:19:00.00000039,5.0554495
2014-07-21 18:19:00.000000241,4.618347
2014-07-21 18:19:00.00000088,7.263096
2010-09-20 16:48:00.000000159,27.576778
2010-09-20 16:48:00.0000006,9.905658
2010-09-20 16:48:00.000000166,8.450361
2010-09-20 16:48:00.000000110,8.608837
2010-09-20 16:48:00.000000139,23.665197
2010-09-20 16:48:00.00000015,27.004786
2010-09-20 16:48:00.00000068,11.199477
2010-09-20 16:48:00.000000158,45.285427
2010-09-20 16:48:00.00000035,16.828573
2010-09-20 16:48:00.000000148,7.1673956
2010-09-20 16:48:00.00000023,15.555551
2010-09-20 16:48:00.00000027,9.346429
2010-09-20 16:48:00.00000092,19.852795
2010-09-20 16:48:00.000000151,24.05985
2010-09-20 16:48:00.00000071,10.925847
2010-09-20 16:48:00.000000132,8.137223
2010-09-20 16:48:00.00000099,15.149902
2010-09-20 16:48:00.0000001,6.4095135
2010-09-20 16:48:00.0000005,20.791113
2011-03-06 21:01:00.00000037,3.8503587
2011-03-06 21:01:00.00000028,15.172567
2011-03-06 21:01:00.00000025,7.9650593
2011-03-06 21:01:00.000000139,5.5348225
2011-03-06 21:01:00.00000083,6.8512163
2011-03-06 21:01:00.000000173,20.334763
2011-03-06 21:01:00.00000051,18.432909
2011-03-06 21:01:00.000000116,13.05636
2011-03-06 21:01:00.00000057,5.74285
2011-03-06 21:01:00.000000168,8.298654
2011-03-06 21:01:00.000000138,15.304262
2011-03-06 21:01:00.00000043,8.391953
2011-03-06 21:01:00.000000127,3.6960459
2011-03-06 21:01:00.00000096,9.946248
2011-03-06 21:01:00.00000074,3.8132305
2011-03-06 21:01:00.000000113,6.9359536
2011-03-06 21:01:00.000000120,20.246294
2011-03-06 21:01:00.00000018,7.5719233
2011-03-06 21:01:00.00000071,6.9324694
2011-03-06 21:01:00.000000137,9.4751425
2011-03-06 21:01:00.00000011,15.5258465
2011-03-06 21:01:00.000000146,5.218273
2011-03-06 21:01:00.000000149,4.0666747
2011-03-06 21:01:00.00000056,4.212332
2011-03-06 21:01:00.00000052,12.277135
2011-03-06 21:01:00.000000109,4.404273
2012-01-26 07:33:00.000000167,7.091733
2012-01-26 07:33:00.000000114,13.05568
2012-01-26 07:33:00.00000031,7.7557917
2012-01-26 07:33:00.000000133,20.93975
2012-01-26 07:33:00.000000180,5.4312
2012-01-26 07:33:00.000000120,10.367143
2012-01-26 07:33:00.000000168,8.086241
2012-01-26 07:33:00.000000122,4.9825807
2012-01-26 07:33:00.000000166,11.739485
2012-01-26 07:33:00.000000186,6.249877
2012-01-26 07:33:00.00000068,7.3117185
2012-01-26 07:33:00.00000085,21.148699
2012-01-26 07:33:00.000000103,4.3972025
2012-01-26 07:33:00.00000081,16.755817
2012-01-26 07:33:00.00000099,10.392447
2012-01-26 07:33:00.00000051,9.093259
2012-01-26 07:33:00.000000160,4.4460936
2012-01-26 07:33:00.00000091,6.037804
2012-01-26 07:33:00.00000089,9.321425
2012-01-26 07:33:00.000000189,7.0468426
2010-12-09 07:29:00.0000003,8.243782
2010-12-09 07:29:00.00000078,8.774385
2010-12-09 07:29:00.000000127,6.060716
2010-12-09 07:29:00.00000050,6.598966
2010-12-09 07:29:00.000000135,4.2176766
2010-12-09 07:29:00.000000196,10.454294
2010-12-09 07:29:00.000000183,7.7728505
2010-12-09 07:29:00.000000152,8.320897
2010-12-09 07:29:00.00000098,32.32008
2010-12-09 07:29:00.00000090,7.997254
2010-12-09 07:29:00.00000025,10.526753
2010-12-09 07:29:00.000000150,8.200757
2010-12-09 07:29:00.00000041,6.554609
2010-12-09 07:29:00.000000143,7.573314
2010-12-09 07:29:00.000000148,5.0982695
2010-12-09 07:29:00.000000151,6.813347
2010-12-09 07:29:00.0000007,5.2049713
2010-12-09 07:29:00.00000069,10.32359
2010-12-09 07:29:00.00000036,5.3639474
2010-12-09 07:29:00.00000046,15.003207
2010-12-09 07:29:00.000000195,6.0228286
2010-12-09 07:29:00.000000115,17.08213
2010-12-09 07:29:00.000000134,5.507951
2010-12-09 07:29:00.00000067,9.201747
2010-12-09 07:29:00.000000112,6.252435
2010-12-09 07:29:00.00000015,7.8446407
2010-12-09 07:29:00.00000031,9.490907
2010-12-09 07:29:00.000000193,7.4416766
2010-12-09 07:29:00.00000012,9.260339
2010-12-09 07:29:00.0000005,50.836315
2010-12-09 07:29:00.00000038,8.1620245
2010-12-09 07:29:00.00000097,4.74305
2010-12-09 07:29:00.000000102,3.9390187
2010-12-09 07:29:00.00000089,7.546061
2010-12-09 07:29:00.00000068,7.900581
2010-12-09 07:29:00.00000071,9.120285
2010-12-09 07:29:00.000000186,7.6521297
2012-05-08 03:50:00.0000009,19.173805
2012-05-08 03:50:00.0000001,4.937002
2012-05-08 03:50:00.00000012,13.237229
2012-05-08 03:50:00.0000006,19.376007
2015-03-12 19:43:24.0000005,5.4813237
2015-02-01 00:48:44.0000001,31.020815
2015-02-21 18:39:16.0000005,7.1925473
2011-01-24 20:47:04.0000001,9.999255
2010-12-25 13:54:12.0000001,13.198996
2015-04-07 14:31:12.0000001,8.184799
2012-11-20 21:54:00.00000086,16.626684
2012-11-20 21:54:00.000000150,6.812321
2012-11-20 21:54:00.000000184,6.2546997
2012-11-20 21:54:00.00000080,31.033558
2012-11-20 21:54:00.00000021,5.620225
2012-11-20 21:54:00.00000019,8.404326
2012-11-20 21:54:00.00000087,4.8458776
2012-11-20 21:54:00.00000077,12.36361
2012-11-20 21:54:00.000000216,9.179851
2012-11-20 21:54:00.00000010,6.334087
2012-11-20 21:54:00.000000104,7.0825562
2012-11-20 21:54:00.00000048,5.703687
2012-11-20 21:54:00.000000221,18.544256
2012-11-20 21:54:00.00000030,9.901613
2012-11-20 21:54:00.00000085,4.940613
2012-11-20 21:54:00.000000133,6.0687704
2012-11-20 21:54:00.000000144,9.114471
2012-11-20 21:54:00.00000047,5.9893856
2012-11-20 21:54:00.000000229,5.677679
2012-11-20 21:54:00.00000015,6.903897
2012-11-20 21:54:00.000000101,7.454542
2012-11-20 21:54:00.000000238,7.183835
2012-11-20 21:54:00.00000097,19.553234
2012-11-20 21:54:00.00000049,5.9485683
2012-11-20 21:54:00.000000209,16.233952
2012-11-20 21:54:00.00000012,8.153942
2012-11-20 21:54:00.000000132,8.689146
2012-11-20 21:54:00.000000197,6.4386086
2012-11-20 21:54:00.000000211,11.658062
2012-11-20 21:54:00.00000083,7.841984
2012-11-20 21:54:00.000000127,8.577212
2012-11-20 21:54:00.000000223,36.65218
2012-11-20 21:54:00.000000130,12.825051
2012-11-20 21:54:00.000000149,10.941187
2012-11-20 21:54:00.000000196,10.985856
2012-11-20 21:54:00.00000056,6.191169
2012-11-20 21:54:00.00000026,12.877644
2012-11-20 21:54:00.00000055,9.17967
2012-11-20 21:54:00.000000135,28.273294
2014-06-23 00:16:00.00000023,14.015505
2014-06-23 00:16:00.00000014,8.078461
2014-06-23 00:16:00.00000080,9.73072
2014-06-23 00:16:00.0000003,11.756178
2014-06-23 00:16:00.00000029,14.125139
2014-06-23 00:16:00.00000055,28.189888
2014-06-23 00:16:00.00000050,12.031617
2014-06-23 00:16:00.0000002,18.577946
2014-06-23 00:16:00.00000072,6.534853
2014-06-23 00:16:00.00000020,10.708006
2013-09-25 22:00:00.00000052,9.072445
2013-09-25 22:00:00.000000129,7.131387
2013-09-25 22:00:00.000000226,54.770046
2013-09-25 22:00:00.00000029,13.995087
2013-09-25 22:00:00.000000141,7.182597
2013-09-25 22:00:00.000000206,13.875962
2013-09-25 22:00:00.00000051,7.7976246
2013-09-25 22:00:00.000000238,9.384331
2013-09-25 22:00:00.000000251,13.629903
2013-09-25 22:00:00.00000031,6.219986
2013-09-25 22:00:00.000000124,9.4778185
2013-09-25 22:00:00.000000102,7.5091987
2013-09-25 22:00:00.000000198,23.470697
2013-09-25 22:00:00.000000208,4.487801
2013-09-25 22:00:00.00000087,12.357785
2013-09-25 22:00:00.000000116,5.1665874
2013-09-25 22:00:00.00000034,14.175323
2013-09-25 22:00:00.000000104,11.691642
2013-09-25 22:00:00.00000088,7.8152556
2013-09-25 22:00:00.000000218,33.152668
2013-09-25 22:00:00.00000065,16.310326
2013-09-25 22:00:00.000000115,11.856555
2013-09-25 22:00:00.00000042,10.732784
2013-09-25 22:00:00.000000234,6.7800517
2013-09-25 22:00:00.000000247,5.0978894
2013-09-25 22:00:00.000000147,11.737093
2013-09-25 22:00:00.000000248,7.955904
2013-09-25 22:00:00.000000162,14.522465
2013-09-25 22:00:00.000000130,12.117826
2013-09-25 22:00:00.000000174,5.0824947
2015-03-04 21:42:57.0000006,5.638087
2015-04-25 01:06:17.0000005,14.187853
2015-02-19 11:39:21.0000001,21.033361
2015-01-29 13:15:50.0000001,5.654054
2015-05-07 15:33:26.0000005,5.5657344
2015-02-09 07:16:26.0000005,20.180012
2015-04-16 18:45:22.0000004,16.6538
2015-05-31 20:48:54.0000006,38.02431
2015-05-31 20:48:54.0000003,4.665986
2015-06-18 20:56:55.0000001,23.08433
2015-02-14 13:15:19.0000005,5.161447
2015-05-10 12:37:51.0000007,7.692554
2015-05-10 12:37:51.0000005,11.862962
2015-05-20 00:59:15.0000002,12.865635
2015-05-29 18:59:35.0000003,11.998881
2015-02-25 18:00:51.0000008,9.005258
2015-02-08 08:44:03.0000002,6.622632
2015-05-12 08:31:07.0000003,9.447577
2015-03-16 21:12:19.0000007,8.870699
2014-06-14 13:39:00.000000117,5.804988
2014-06-14 13:39:00.000000187,7.893857
2014-06-14 13:39:00.00000099,7.4749312
2014-06-14 13:39:00.000000112,23.308285
2014-06-14 13:39:00.00000039,12.751398
2014-06-14 13:39:00.00000078,55.859608
2014-06-14 13:39:00.00000084,7.7146263
2014-06-14 13:39:00.000000166,8.37323
2014-06-14 13:39:00.00000089,4.401511
2014-06-14 13:39:00.00000047,9.920761
2014-06-14 13:39:00.0000001,20.06865
2015-01-31 20:54:04.0000002,10.082622
2011-10-02 23:36:00.0000002,5.6011205
2011-10-02 23:36:00.00000051,10.589441
2011-06-24 12:03:00.000000182,6.771519
2011-06-24 12:03:00.000000103,9.566565
2011-06-24 12:03:00.0000003,6.3516717
2011-06-01 07:37:00.00000050,6.3986683
2010-08-27 18:45:00.000000216,5.035583
2010-08-14 02:13:00.000000135,9.594051
2014-03-25 23:47:00.00000022,5.365626
2014-03-25 23:47:00.000000128,16.933634
2014-03-25 23:47:00.000000105,7.524545
2014-03-25 23:47:00.00000091,4.354855
2014-03-25 23:47:00.00000054,7.9666243
2014-03-25 23:47:00.000000129,5.8510246
2014-03-25 23:47:00.00000063,33.08455
2014-03-25 23:47:00.00000060,5.2397513
2014-03-25 23:47:00.00000075,17.41061
2010-09-29 16:43:00.00000083,6.3612394
2014-10-27 14:58:00.000000145,37.449165
2014-10-27 14:58:00.0000007,13.588198
2014-10-27 14:58:00.00000031,12.693553
2014-10-27 14:58:00.000000128,22.979378
2014-10-27 14:58:00.00000097,4.6686897
2014-10-27 14:58:00.00000078,35.12767
2014-10-27 14:58:00.000000135,8.648013
2012-11-03 17:11:00.00000044,6.5230746
2012-11-03 17:11:00.00000050,12.117505
2012-11-03 17:11:00.00000024,7.54953
2012-11-03 17:11:00.00000072,12.116337
2012-11-03 17:11:00.000000159,9.449831
2012-11-03 17:11:00.000000126,4.979147
2012-11-03 17:11:00.00000090,8.862889
2011-03-11 01:44:00.00000062,28.454899
2015-02-22 09:48:32.0000004,21.136387
2011-10-04 09:37:00.000000102,8.17432
2011-10-04 09:37:00.00000023,8.85554
2014-12-24 03:00:00.0000003,4.4536695
2014-12-24 03:00:00.00000014,4.5902863
2014-12-24 03:00:00.0000002,11.536465
2014-12-24 03:00:00.00000027,14.008034
2015-04-11 20:31:32.0000004,8.220693
2014-04-27 02:57:00.000000123,7.0991826
2014-04-27 02:57:00.00000078,4.3292646
2014-04-27 02:57:00.00000075,11.7311735
2014-04-27 02:57:00.000000178,5.707531
2014-04-27 02:57:00.0000004,10.001414
2014-04-27 02:57:00.000000166,12.378734
2014-04-27 02:57:00.00000091,14.024659
2014-04-27 02:57:00.000000173,7.957709
2014-04-27 02:57:00.00000066,21.754156
2014-04-27 02:57:00.000000183,5.4086494
2014-04-27 02:57:00.000000179,15.02839
2014-04-27 02:57:00.000000144,7.352366
2014-04-27 02:57:00.00000025,22.293917
2014-04-27 02:57:00.00000052,7.370519
2014-04-27 02:57:00.00000094,6.246746
2014-04-27 02:57:00.000000189,21.04463
2011-12-13 22:00:00.00000040,12.37775
2011-12-13 22:00:00.000000228,5.747127
2011-12-13 22:00:00.000000130,28.608532
2011-12-13 22:00:00.000000141,6.010236
2011-12-13 22:00:00.000000149,6.6174307
2011-12-13 22:00:00.000000224,5.8287654
2011-12-13 22:00:00.000000154,5.889979
2011-12-13 22:00:00.000000131,8.301841
2011-12-13 22:00:00.0000002,5.736088
2011-12-13 22:00:00.000000221,8.56484
2011-12-13 22:00:00.00000056,5.9461412
2011-12-13 22:00:00.000000195,7.424228
2011-12-13 22:00:00.000000191,6.3159113
2011-12-13 22:00:00.00000059,6.148138
2015-02-26 15:55:48.0000001,23.46685
2014-07-21 18:19:00.000000197,5.7715616
2014-07-21 18:19:00.000000153,3.6262414
2014-07-21 18:19:00.000000159,6.709325
2014-07-21 18:19:00.000000212,35.566673
2014-07-21 18:19:00.00000091,5.654232
2014-07-21 18:19:00.0000002,5.805075
2014-07-21 18:19:00.000000142,8.296239
2014-07-21 18:19:00.000000141,12.693965
2014-07-21 18:19:00.000000149,8.767644
2014-07-21 18:19:00.00000065,8.3635235
2014-07-21 18:19:00.00000033,6.418795
2010-09-20 16:48:00.000000146,9.204746
2010-09-20 16:48:00.00000047,12.809056
2010-09-20 16:48:00.000000129,10.904106
2015-01-26 07:13:44.0000005,54.329697
2011-03-06 21:01:00.00000033,6.4200954
2012-01-26 07:33:00.00000090,5.160881
2012-01-26 07:33:00.00000087,8.705404
2012-01-26 07:33:00.00000012,12.201701
2012-01-26 07:33:00.000000171,6.344138
2012-01-26 07:33:00.00000065,34.999783
2012-01-26 07:33:00.00000088,7.7744823
2012-01-26 07:33:00.000000119,21.796354
2015-03-20 23:34:40.0000004,33.885605
2010-12-09 07:29:00.0000001,9.176927
2012-05-08 03:50:00.00000013,5.537394
2015-03-12 19:43:24.0000003,18.334312
2012-11-20 21:54:00.00000034,9.746003
2012-11-20 21:54:00.000000170,8.355939
2012-11-20 21:54:00.000000108,12.408883
2012-11-20 21:54:00.00000031,10.49921
2012-11-20 21:54:00.000000171,12.378508
2012-11-20 21:54:00.00000023,8.216704
2012-11-20 21:54:00.00000074,6.0585585
2012-11-20 21:54:00.000000122,9.941759
2012-11-20 21:54:00.0000006,7.379739
2012-11-20 21:54:00.000000160,9.569904
2012-11-20 21:54:00.00000042,27.257204
2012-11-20 21:54:00.00000039,10.92526
2012-11-20 21:54:00.00000043,9.953251
2012-11-20 21:54:00.000000219,4.3583903
2012-11-20 21:54:00.00000020,6.440039
2012-11-20 21:54:00.000000222,6.9726577
2012-11-20 21:54:00.0000005,7.0282464
2012-11-20 21:54:00.000000154,9.748639
2014-06-23 00:16:00.00000060,13.839912
2014-06-23 00:16:00.0000008,8.549324
2014-06-23 00:16:00.00000035,20.991386
2014-06-23 00:16:00.00000052,11.088885
2014-06-23 00:16:00.00000053,6.7187138
2013-09-25 22:00:00.00000056,22.748365
2013-09-25 22:00:00.00000083,5.9330587
2013-09-25 22:00:00.000000128,6.100635
2013-09-25 22:00:00.00000037,15.655204
2013-09-25 22:00:00.00000013,5.392539
2013-09-25 22:00:00.000000168,7.473008
2013-09-25 22:00:00.000000181,6.7939425
2013-09-25 22:00:00.00000016,14.253007
2013-09-25 22:00:00.00000063,16.630638
2013-09-25 22:00:00.00000047,7.627164
2013-09-25 22:00:00.000000220,16.475874
2013-09-25 22:00:00.000000163,9.155695
2013-09-25 22:00:00.00000077,14.114065
2013-09-25 22:00:00.00000060,41.42531
2013-09-25 22:00:00.000000213,15.892153
2013-09-25 22:00:00.000000150,17.79793
2013-09-25 22:00:00.00000010,7.045382
2013-09-25 22:00:00.000000146,5.013398
2013-09-25 22:00:00.00000041,11.196627
2013-09-25 22:00:00.000000109,9.87169
2013-09-25 22:00:00.000000210,16.336464
2013-09-25 22:00:00.000000151,8.934147
2013-09-25 22:00:00.000000190,14.214449
2013-09-25 22:00:00.000000153,10.985114
2013-09-25 22:00:00.000000241,25.836319
2013-09-25 22:00:00.000000127,10.056331
2015-02-20 11:08:29.0000001,17.829193
2015-01-12 15:36:37.0000002,4.285507
2015-06-07 00:38:14.0000002,15.497111
2015-04-12 21:56:22.0000005,7.523619
2015-04-10 11:56:54.0000004,8.440883
2015-06-25 01:01:46.0000002,13.839544
2015-05-29 10:02:42.0000001,13.42095
2015-06-30 20:03:50.0000002,37.8126
2015-02-27 19:36:02.0000006,23.348314
2015-06-15 01:00:06.0000002,3.638573
2015-02-03 09:00:58.0000001,39.050385
2015-05-19 13:58:11.0000001,9.914896
2015-05-10 12:37:51.0000002,8.789367
2015-01-12 17:05:51.0000001,10.772232
2015-04-19 20:44:15.0000001,54.857697
2015-01-31 01:05:19.0000005,19.202148
2015-01-18 14:06:23.0000006,7.1074634
